SampleName,Phase_PSF,SampleNr,Accession,Domestication,Cat_treatment,Soil_conditioning,TreatmentNr,PlantNr,Batch,Table,Block_n,Block_g,Rows,Cols,plots,InductionNr_CP,InductionNr_FP,Caterpillar_biomass_Sample,Leaf_Damage_Sample,GSL_leaf_analyis,C_N_Determination,Leave_samples_left_over_after_GSL_analysis,Rhizosphere_Sample,Rhizoplane_Sample,Root_GSL_Sample,Root_samples_left_over_after_GSL_analysis,Root_biomass,Bulk_Soil_Sample,Top_Soil_Sample,Caterpillar_Microbe_Sample,Phylosphere_Sample,Glycerol_Stock,DNA_rhizosphere,DNA_rhizoplane,DNA_top_soil,DNA_Caterpillar,Note,L_GSL_Leaf_weight_mg,L_Total_GSL,L_Total_Aliphatic,L_Total_Indol,L_Progoitrin,L_Glucoraphanin,L_Sinigrin,L_Gluconapin,L_Glucoerucin,L_Glucobrassicin,L_Methoxy_glucobrassicin,L_Gluconasturtiin ,L_Neoglucobrassicin,L_X3MSOP,L_X5MSOP,L_X4.Pent,L_X4OHI3M,L_Note_GSL,R_GSL_Leaf_weight_mg,R_Total_GSL,R_Total_Aliphatic,R_Total_Indol,R_Progoitrin,R_Glucoraphanin,R_Sinigrin,R_Gluconapin,R_Glucoerucin,R_Glucobrassicin,R_Methoxy_glucobrassicin,R_Neoglucobrassicin,R_Gluconasturtiin,R_X3MSOP,R_X5MSOP,R_X4.Pent,R_X4OHI3M,R_Note_GSL,L_N_content,L_C_content,L_C_N_ratio,L_Note_C_N,Mean_Weight_Cat,Note_Cat_Weight,InductionNr,Survival,Dead,Survival_fraction,Root_Weight,Note_RootBiomass
Blank1,FP,B1,BB,NA,B,B,NA,,NA,NA,NA,,NA,NA,NA,NA,0,0,0,0,0,0,0,0,0,,0,0,0,1,0,0,0,0,0,1,BlankDNAExtraxtion,NA,NA,NA,NA,NA,NA,NA,NA,NA,NA,NA,NA,NA,NA,NA,NA,NA,NA,,,,,,,,,,,,,,,,,,,NA,NA,NA,NA,NA,NA,NA,NA,,,,NA
Blank2,FP,B2,BS,NA,B,B,NA,,NA,NA,NA,,NA,NA,NA,NA,0,0,0,0,0,0,0,0,0,,0,0,0,1,0,0,0,0,0,1,BlankDNAExtraxtion,NA,NA,NA,NA,NA,NA,NA,NA,NA,NA,NA,NA,NA,NA,NA,NA,NA,NA,,,,,,,,,,,,,,,,,,,NA,NA,NA,NA,NA,NA,NA,NA,,,,NA
Blank3,FP,B3,BB,NA,B,B,NA,,NA,NA,NA,,NA,NA,NA,NA,0,0,0,0,0,0,0,0,0,,0,0,0,1,0,0,0,0,0,1,BlankDNAExtraxtion,NA,NA,NA,NA,NA,NA,NA,NA,NA,NA,NA,NA,NA,NA,NA,NA,NA,NA,,,,,,,,,,,,,,,,,,,NA,NA,NA,NA,NA,NA,NA,NA,,,,NA
Blank4,FP,B4,BS,NA,B,B,NA,,NA,NA,NA,,NA,NA,NA,NA,0,0,0,0,0,0,0,0,0,,0,0,0,1,0,0,0,0,0,1,BlankDNAExtraxtion,NA,NA,NA,NA,NA,NA,NA,NA,NA,NA,NA,NA,NA,NA,NA,NA,NA,NA,,,,,,,,,,,,,,,,,,,NA,NA,NA,NA,NA,NA,NA,NA,,,,NA
Blank5,FP,B5,BB,NA,B,B,NA,,NA,NA,NA,,NA,NA,NA,NA,0,0,0,0,0,0,0,0,0,,0,0,0,1,0,0,0,0,0,1,BlankDNAExtraxtion,NA,NA,NA,NA,NA,NA,NA,NA,NA,NA,NA,NA,NA,NA,NA,NA,NA,NA,,,,,,,,,,,,,,,,,,,NA,NA,NA,NA,NA,NA,NA,NA,,,,NA
Blank6,FP,B6,BS,NA,B,B,NA,,NA,NA,NA,,NA,NA,NA,NA,0,0,0,0,0,0,0,0,0,,0,0,0,1,0,0,0,0,0,1,BlankDNAExtraxtion,NA,NA,NA,NA,NA,NA,NA,NA,NA,NA,NA,NA,NA,NA,NA,NA,NA,NA,,,,,,,,,,,,,,,,,,,NA,NA,NA,NA,NA,NA,NA,NA,,,,NA
C001,CP,1,CD,Cultivated,Co,,1,1,1,1,1,1,4,3,15,0,1,,,1,,0,0,,0,0,,,,,,,,,,,,8.9,0.6,0.55,0.05,0,0,0.55,0,0,0.05,0,0,0,NA,NA,NA,NA,,NA,NA,NA,NA,NA,NA,NA,NA,NA,NA,NA,NA,NA,NA,NA,NA,NA,NA,,,,,NA,NA,NA,NA,,,,
C002,CP,2,CD,Cultivated,Co,,1,2,1,1,2,1,1,3,27,0,1,,,1,,0,0,,0,0,,,,,,,,,,,,9.6,0.45,0.44,0.01,0,0,0.44,0,0,0.01,0,0,0,NA,NA,NA,NA,,NA,NA,NA,NA,NA,NA,NA,NA,NA,NA,NA,NA,NA,NA,NA,NA,NA,NA,,,,,NA,NA,NA,NA,,,,
C003,CP,3,CD,Cultivated,Co,,1,3,1,1,3,1,6,3,71,0,1,,,1,,0,0,,0,0,,,,,,,,,,,,12.5,0.03,0.02,0.01,0,0,0.02,0,0,0.01,0,0,0,NA,NA,NA,NA,,NA,NA,NA,NA,NA,NA,NA,NA,NA,NA,NA,NA,NA,NA,NA,NA,NA,NA,,,,,NA,NA,NA,NA,,,,
C004,CP,4,CD,Cultivated,Co,,1,4,1,1,4,2,2,3,79,0,1,,,0,,1,0,,0,0,,,,,,,,,,,,NA,NA,NA,NA,NA,NA,NA,NA,NA,NA,NA,NA,NA,NA,NA,NA,NA,NA,NA,NA,NA,NA,NA,NA,NA,NA,NA,NA,NA,NA,NA,NA,NA,NA,NA,NA,,,,,NA,NA,NA,NA,,,,
C005,CP,5,CD,Cultivated,Co,,1,5,1,1,5,2,5,4,116,0,1,,,0,,1,1,,0,0,,,,,,,,,,,,NA,NA,NA,NA,NA,NA,NA,NA,NA,NA,NA,NA,NA,NA,NA,NA,NA,NA,NA,NA,NA,NA,NA,NA,NA,NA,NA,NA,NA,NA,NA,NA,NA,NA,NA,NA,,,,,NA,NA,NA,NA,,,,
C006,CP,6,CD,Cultivated,Co,,1,6,1,2,6,3,5,1,137,0,1,,,0,,0,1,,0,1,,,,,,,,,,,,NA,NA,NA,NA,NA,NA,NA,NA,NA,NA,NA,NA,NA,NA,NA,NA,NA,NA,NA,NA,NA,NA,NA,NA,NA,NA,NA,NA,NA,NA,NA,NA,NA,NA,NA,NA,,,,,NA,NA,NA,NA,,,,
C007,CP,7,CD,Cultivated,Co,,1,7,1,2,7,3,3,4,156,0,1,,,0,,0,1,,0,1,,,,,,,,,,,,NA,NA,NA,NA,NA,NA,NA,NA,NA,NA,NA,NA,NA,NA,NA,NA,NA,NA,NA,NA,NA,NA,NA,NA,NA,NA,NA,NA,NA,NA,NA,NA,NA,NA,NA,NA,,,,,NA,NA,NA,NA,,,,
C008,CP,8,CD,Cultivated,Co,,1,8,1,2,8,3,5,3,187,0,1,,,0,,0,0,,0,1,,,,,,,,,,,,NA,NA,NA,NA,NA,NA,NA,NA,NA,NA,NA,NA,NA,NA,NA,NA,NA,NA,NA,NA,NA,NA,NA,NA,NA,NA,NA,NA,NA,NA,NA,NA,NA,NA,NA,NA,,,,,NA,NA,NA,NA,,,,
C009,CP,9,CD,Cultivated,Co,,1,9,1,2,9,4,2,2,198,0,1,,,0,,0,1,,1,0,,,,,,,,,,,,NA,NA,NA,NA,NA,NA,NA,NA,NA,NA,NA,NA,NA,NA,NA,NA,NA,NA,7.3,0.65,0.14,0.48,0.02,0,0.05,0,0.07,0.04,0.31,0.13,0.03,NA,NA,NA,NA,Sample 9 and 10 pooled,,,,,NA,NA,NA,NA,,,,
C010,CP,10,CD,Cultivated,Co,,1,10,1,2,10,4,1,1,217,0,1,,,0,,0,1,,1,0,,,,,,,,,,,,NA,NA,NA,NA,NA,NA,NA,NA,NA,NA,NA,NA,NA,NA,NA,NA,NA,NA,NA,NA,NA,NA,NA,NA,NA,NA,NA,NA,NA,NA,NA,NA,NA,NA,NA,NA,,,,,NA,NA,NA,NA,,,,
C011,CP,11,CD,Cultivated,Co,,1,11,2,3,11,5,2,1,245,0,1,,,1,,0,0,,0,0,,,,,,,,,,,,10.1,0.13,0.12,0.01,0,0,0.12,0,0,0.01,0,0,0,NA,NA,NA,NA,,NA,NA,NA,NA,NA,NA,NA,NA,NA,NA,NA,NA,NA,NA,NA,NA,NA,NA,,,,,NA,NA,NA,NA,,,,
C012,CP,12,CD,Cultivated,Co,,1,12,2,3,12,5,3,1,273,0,1,,,1,,0,0,,0,0,,,,,,,,,,,,5.9,0.01,0,0.01,0,0,0,0,0,0.01,0,0,0,NA,NA,NA,NA,,NA,NA,NA,NA,NA,NA,NA,NA,NA,NA,NA,NA,NA,NA,NA,NA,NA,NA,,,,,NA,NA,NA,NA,,,,
C013,CP,13,CD,Cultivated,Co,,1,13,2,3,13,5,3,2,298,0,1,,,0,,1,0,,0,0,,,,,,,,,,,,NA,NA,NA,NA,NA,NA,NA,NA,NA,NA,NA,NA,NA,NA,NA,NA,NA,NA,NA,NA,NA,NA,NA,NA,NA,NA,NA,NA,NA,NA,NA,NA,NA,NA,NA,NA,,,,,NA,NA,NA,NA,,,,
C014,CP,14,CD,Cultivated,Co,,1,14,2,3,14,6,4,2,326,0,1,,,0,,1,0,,0,0,,,,,,,,,,,,NA,NA,NA,NA,NA,NA,NA,NA,NA,NA,NA,NA,NA,NA,NA,NA,NA,NA,NA,NA,NA,NA,NA,NA,NA,NA,NA,NA,NA,NA,NA,NA,NA,NA,NA,NA,,,,,NA,NA,NA,NA,,,,
C015,CP,15,CD,Cultivated,Co,,1,15,2,3,15,6,4,4,352,0,1,,,0,,1,1,,0,0,,,,,,,,,,,,NA,NA,NA,NA,NA,NA,NA,NA,NA,NA,NA,NA,NA,NA,NA,NA,NA,NA,NA,NA,NA,NA,NA,NA,NA,NA,NA,NA,NA,NA,NA,NA,NA,NA,NA,NA,,,,,NA,NA,NA,NA,,,,
C016,CP,16,CD,Cultivated,Co,,1,16,2,4,16,7,4,1,373,0,1,,,0,,0,1,,1,0,,,,,,,,,,,,NA,NA,NA,NA,NA,NA,NA,NA,NA,NA,NA,NA,NA,NA,NA,NA,NA,NA,11.2,0.45,0.15,0.31,0.03,0.01,0.06,0,0.05,0.21,0.1,0,0,NA,NA,NA,NA,,,,,,NA,NA,NA,NA,,,,
C017,CP,17,CD,Cultivated,Co,,1,17,2,4,17,7,6,2,406,0,1,,,0,,0,1,,1,0,,,,,,,,,,,,NA,NA,NA,NA,NA,NA,NA,NA,NA,NA,NA,NA,NA,NA,NA,NA,NA,NA,17,0.37,0.11,0.2,0.03,0.02,0.04,0,0.02,0.04,0.16,0,0.06,NA,NA,NA,NA,,,,,,NA,NA,NA,NA,,,,
C018,CP,18,CD,Cultivated,Co,,1,18,2,4,18,7,5,2,426,0,1,,,0,,0,1,,1,0,,,,,,,,,,,,NA,NA,NA,NA,NA,NA,NA,NA,NA,NA,NA,NA,NA,NA,NA,NA,NA,NA,7.4,1.09,0.99,0.1,0,0,0.99,0,0,0.01,0.08,0.01,0,NA,NA,NA,NA,,,,,,NA,NA,NA,NA,,,,
C019,CP,19,CD,Cultivated,Co,,1,19,2,4,19,8,6,4,456,0,1,,,0,,0,1,,0,1,,,,,,,,,,,,NA,NA,NA,NA,NA,NA,NA,NA,NA,NA,NA,NA,NA,NA,NA,NA,NA,NA,NA,NA,NA,NA,NA,NA,NA,NA,NA,NA,NA,NA,NA,NA,NA,NA,NA,NA,,,,,NA,NA,NA,NA,,,,
C020,CP,20,CD,Cultivated,Co,,1,20,2,4,20,8,1,4,460,0,1,,,0,,0,1,,1,0,,,,,,,,,,,,NA,NA,NA,NA,NA,NA,NA,NA,NA,NA,NA,NA,NA,NA,NA,NA,NA,NA,4.3,1.86,0.48,1.32,0.07,0.02,0.35,0,0.04,0.27,1.05,0,0.06,NA,NA,NA,NA,,,,,,NA,NA,NA,NA,,,,
C021,CP,21,CD,Cultivated,Mb,,2,1,1,1,1,1,2,2,6,5,1,,,1,,0,0,,0,0,,,,,,,,,,,,8.9,1.09,0.27,0.83,0,0,0.27,0,0,0.83,0,0,0,NA,NA,NA,NA,,NA,NA,NA,NA,NA,NA,NA,NA,NA,NA,NA,NA,NA,NA,NA,NA,NA,NA,,,,,4.9875,,5,4,,,,
C022,CP,22,CD,Cultivated,Mb,,2,2,1,1,2,1,4,1,37,5,1,,,1,,0,0,,0,0,,,,,,,,,,,"Plant was small, infested with Mb, or replaced by extra plant?",7.4,16.57,2.81,13.76,2.77,0,0.04,0,0,13.76,0,0,0,NA,NA,NA,NA,"Plant was small, infested with Mb, or replaced by extra plant?",NA,NA,NA,NA,NA,NA,NA,NA,NA,NA,NA,NA,NA,NA,NA,NA,NA,NA,,,,,2.0056,,5,5,,,,
C023,CP,23,CD,Cultivated,Mb,,2,3,1,1,3,1,3,3,59,5,1,,,1,,0,0,,0,0,,,,,,,,,,,,9.4,0.17,0,0.17,0,0,0,0,0,0.17,0,0,0,NA,NA,NA,NA,,NA,NA,NA,NA,NA,NA,NA,NA,NA,NA,NA,NA,NA,NA,NA,NA,NA,NA,,,,,1.2715,,6,6,,,,
C024,CP,24,CD,Cultivated,Mb,,2,4,1,1,4,2,5,2,90,5,1,,,0,,1,0,,0,0,,,,,,,,,,,,NA,NA,NA,NA,NA,NA,NA,NA,NA,NA,NA,NA,NA,NA,NA,NA,NA,NA,NA,NA,NA,NA,NA,NA,NA,NA,NA,NA,NA,NA,NA,NA,NA,NA,NA,NA,,,,,3.416,,5,5,,,,
C025,CP,25,CD,Cultivated,Mb,,2,5,1,1,5,2,1,1,97,5,1,,,0,,1,1,,0,0,,,,,,,,,,,,NA,NA,NA,NA,NA,NA,NA,NA,NA,NA,NA,NA,NA,NA,NA,NA,NA,NA,NA,NA,NA,NA,NA,NA,NA,NA,NA,NA,NA,NA,NA,NA,NA,NA,NA,NA,,,,,3.9032,,5,5,,,,
C026,CP,26,CD,Cultivated,Mb,,2,6,1,2,6,3,5,3,139,5,1,,,0,,0,1,,1,0,,,,,,,,,,,,NA,NA,NA,NA,NA,NA,NA,NA,NA,NA,NA,NA,NA,NA,NA,NA,NA,NA,14.6,1.36,0.29,0.84,0.06,0.04,0.11,0,0.08,0.13,0.53,0.18,0.22,NA,NA,NA,NA,,,,,,3.31175,,5,4,,,,
C027,CP,27,CD,Cultivated,Mb,,2,7,1,2,7,3,2,1,149,5,1,,,0,,0,1,,1,0,,,,,,,,,,,,NA,NA,NA,NA,NA,NA,NA,NA,NA,NA,NA,NA,NA,NA,NA,NA,NA,NA,15.5,2.42,0.51,1.76,0.1,0.03,0.27,0,0.11,0.1,1.66,0,0.14,NA,NA,NA,NA,,,,,,5.60625,,5,4,,,,
C028,CP,28,CD,Cultivated,Mb,,2,8,1,2,8,3,4,2,182,5,1,,,0,,0,1,,1,0,,,,,,,,,,,,NA,NA,NA,NA,NA,NA,NA,NA,NA,NA,NA,NA,NA,NA,NA,NA,NA,NA,15.6,0.33,0.13,0.2,0.05,0,0.06,0,0.02,0.06,0.09,0.05,0,NA,NA,NA,NA,,,,,,2.292,,5,5,,,,
C029,CP,29,CD,Cultivated,Mb,,2,9,1,2,9,4,6,4,216,5,1,,,0,,0,1,,0,1,,,,,,,,,,,,NA,NA,NA,NA,NA,NA,NA,NA,NA,NA,NA,NA,NA,NA,NA,NA,NA,NA,NA,NA,NA,NA,NA,NA,NA,NA,NA,NA,NA,NA,NA,NA,NA,NA,NA,NA,,,,,3.0575,,5,4,,,,
C030,CP,30,CD,Cultivated,Mb,,2,10,1,2,10,4,2,4,224,5,1,,,0,,0,1,,0,1,,,,,,,,,,,,NA,NA,NA,NA,NA,NA,NA,NA,NA,NA,NA,NA,NA,NA,NA,NA,NA,NA,NA,NA,NA,NA,NA,NA,NA,NA,NA,NA,NA,NA,NA,NA,NA,NA,NA,NA,,,,,1.9474,,5,5,,,,
C031,CP,31,CD,Cultivated,Mb,,2,11,2,3,11,5,3,1,249,5,1,,,1,,0,0,,0,0,,,,,,,,,,,,9.9,0.8,0.76,0.04,0,0,0.76,0,0,0.03,0,0.01,0,NA,NA,NA,NA,,NA,NA,NA,NA,NA,NA,NA,NA,NA,NA,NA,NA,NA,NA,NA,NA,NA,NA,,,,,2.3484,,5,5,,,,
C032,CP,32,CD,Cultivated,Mb,,2,12,2,3,12,5,6,3,287,5,1,,,1,,0,0,,0,0,,,,,,,,,,,,9.1,1.7,1.51,0.19,0,0,1.51,0,0,0.19,0,0,0,NA,NA,NA,NA,,NA,NA,NA,NA,NA,NA,NA,NA,NA,NA,NA,NA,NA,NA,NA,NA,NA,NA,,,,,3.4965,,5,4,,,,
C033,CP,33,CD,Cultivated,Mb,,2,13,2,3,13,5,3,4,300,5,1,,,0,,1,0,,0,0,,,,,,,,,,,,NA,NA,NA,NA,NA,NA,NA,NA,NA,NA,NA,NA,NA,NA,NA,NA,NA,NA,NA,NA,NA,NA,NA,NA,NA,NA,NA,NA,NA,NA,NA,NA,NA,NA,NA,NA,,,,,4.0785,,5,4,,,,
C034,CP,34,CD,Cultivated,Mb,,2,14,2,3,14,6,6,1,333,5,1,,,0,,1,0,,0,0,,,,,,,,,,,,NA,NA,NA,NA,NA,NA,NA,NA,NA,NA,NA,NA,NA,NA,NA,NA,NA,NA,NA,NA,NA,NA,NA,NA,NA,NA,NA,NA,NA,NA,NA,NA,NA,NA,NA,NA,,,,,1.1224,,5,5,,,,
C035,CP,35,CD,Cultivated,Mb,,2,15,2,3,15,6,1,3,339,5,1,,,0,,1,1,,0,0,,,,,,,,,,,,NA,NA,NA,NA,NA,NA,NA,NA,NA,NA,NA,NA,NA,NA,NA,NA,NA,NA,NA,NA,NA,NA,NA,NA,NA,NA,NA,NA,NA,NA,NA,NA,NA,NA,NA,NA,,,,,4.6165,,5,4,,,,
C036,CP,36,CD,Cultivated,Mb,,2,16,2,4,16,7,5,1,377,5,1,,,0,,0,1,,1,0,,,,,,,,,,,,NA,NA,NA,NA,NA,NA,NA,NA,NA,NA,NA,NA,NA,NA,NA,NA,NA,NA,6.4,1.34,1.26,0.07,0.17,0,1.05,0,0.04,0.03,0.04,0,0,NA,NA,NA,NA,,,,,,1.8144,,5,5,,,,
C037,CP,37,CD,Cultivated,Mb,,2,17,2,4,17,7,1,2,386,5,1,,,0,,0,1,,1,0,,,,,,,,,,,,NA,NA,NA,NA,NA,NA,NA,NA,NA,NA,NA,NA,NA,NA,NA,NA,NA,NA,9.5,0.54,0.14,0.37,0.02,0.01,0.02,0,0.09,0.08,0.21,0.08,0.03,NA,NA,NA,NA,,,,,,1.434666667,,5,3,,,,
C038,CP,38,CD,Cultivated,Mb,,2,18,2,4,18,7,4,3,423,5,1,,,0,,0,1,,0,1,,,,,,,,,,,,NA,NA,NA,NA,NA,NA,NA,NA,NA,NA,NA,NA,NA,NA,NA,NA,NA,NA,NA,NA,NA,NA,NA,NA,NA,NA,NA,NA,NA,NA,NA,NA,NA,NA,NA,NA,,,,,2.002,,5,5,,,,
C039,CP,39,CD,Cultivated,Mb,,2,19,2,4,19,8,1,4,436,5,1,,,0,,0,1,,0,1,,,,,,,,,,,,NA,NA,NA,NA,NA,NA,NA,NA,NA,NA,NA,NA,NA,NA,NA,NA,NA,NA,NA,NA,NA,NA,NA,NA,NA,NA,NA,NA,NA,NA,NA,NA,NA,NA,NA,NA,,,,,3.297,,5,1,,,,
C040,CP,40,CD,Cultivated,Mb,,2,20,2,4,20,8,5,4,476,5,1,,,0,,0,1,,0,1,,,,,,,,,,,,NA,NA,NA,NA,NA,NA,NA,NA,NA,NA,NA,NA,NA,NA,NA,NA,NA,NA,NA,NA,NA,NA,NA,NA,NA,NA,NA,NA,NA,NA,NA,NA,NA,NA,NA,NA,,,,,1.9416,,5,5,,,,
C041,CP,41,DD,Wild,Co,,3,1,1,1,1,1,2,1,5,0,2,,,1,,0,0,,0,0,,,,,,,,,,,,5.9,0.08,0.07,0.01,0,0,0.07,0,0,0.01,0,0,0,NA,NA,NA,NA,,NA,NA,NA,NA,NA,NA,NA,NA,NA,NA,NA,NA,NA,NA,NA,NA,NA,NA,,,,,NA,NA,NA,NA,,,,
C042,CP,42,DD,Wild,Co,,3,2,1,1,2,1,3,1,33,0,2,,,1,,0,0,,0,0,,,,,,,,,,,,11,0.23,0.22,0.01,0.08,0,0.14,0,0,0.01,0,0,0,NA,NA,NA,NA,,NA,NA,NA,NA,NA,NA,NA,NA,NA,NA,NA,NA,NA,NA,NA,NA,NA,NA,,,,,NA,NA,NA,NA,,,,
C043,CP,43,DD,Wild,Co,,3,3,1,1,3,1,4,4,64,0,2,,,0,,1,1,,0,0,,,,,,,,,,,,NA,NA,NA,NA,NA,NA,NA,NA,NA,NA,NA,NA,NA,NA,NA,NA,NA,NA,NA,NA,NA,NA,NA,NA,NA,NA,NA,NA,NA,NA,NA,NA,NA,NA,NA,NA,,,,,NA,NA,NA,NA,,,,
C044,CP,44,DD,Wild,Co,,3,4,1,1,4,2,3,2,82,0,2,,,0,,0,0,,0,0,,,,,,,,,,,does not exist,NA,NA,NA,NA,NA,NA,NA,NA,NA,NA,NA,NA,NA,NA,NA,NA,NA,NA,NA,NA,NA,NA,NA,NA,NA,NA,NA,NA,NA,NA,NA,NA,NA,NA,NA,NA,,,,,NA,NA,NA,NA,,,,
C045,CP,45,DD,Wild,Co,,3,5,1,1,5,2,2,2,102,0,2,,,0,,1,1,,0,1,,,,,,,,,,,,NA,NA,NA,NA,NA,NA,NA,NA,NA,NA,NA,NA,NA,NA,NA,NA,NA,NA,NA,NA,NA,NA,NA,NA,NA,NA,NA,NA,NA,NA,NA,NA,NA,NA,NA,NA,,,,,NA,NA,NA,NA,,,,
C046,CP,46,DD,Wild,Co,,3,6,1,2,6,3,6,3,143,0,2,,,0,,0,0,,0,0,,,,,,,,,,,"Plant was small, not infested with Mb, plant does not exist",NA,NA,NA,NA,NA,NA,NA,NA,NA,NA,NA,NA,NA,NA,NA,NA,NA,NA,NA,NA,NA,NA,NA,NA,NA,NA,NA,NA,NA,NA,NA,NA,NA,NA,NA,NA,,,,,NA,NA,NA,NA,,,,
C047,CP,47,DD,Wild,Co,,3,7,1,2,7,3,5,4,164,0,2,,,0,,0,1,,1,0,,,,,,,,,,,,NA,NA,NA,NA,NA,NA,NA,NA,NA,NA,NA,NA,NA,NA,NA,NA,NA,NA,7.4,3.31,2.31,0.69,2.03,0.04,0.07,0,0.17,0.3,0.25,0.14,0.29,NA,NA,NA,NA,,,,,,NA,NA,NA,NA,,,,
C048,CP,48,DD,Wild,Co,,3,8,1,2,8,3,4,3,183,0,2,,,0,,0,1,,0,1,,,,,,,,,,,"Plant was small, infested with Mb?",NA,NA,NA,NA,NA,NA,NA,NA,NA,NA,NA,NA,NA,NA,NA,NA,NA,NA,NA,NA,NA,NA,NA,NA,NA,NA,NA,NA,NA,NA,NA,NA,NA,NA,NA,NA,,,,,NA,NA,NA,NA,,,,
C049,CP,49,DD,Wild,Co,,3,9,1,2,9,4,4,2,206,0,2,,,0,,0,0,,0,0,,,,,,,,,,,,NA,NA,NA,NA,NA,NA,NA,NA,NA,NA,NA,NA,NA,NA,NA,NA,NA,NA,NA,NA,NA,NA,NA,NA,NA,NA,NA,NA,NA,NA,NA,NA,NA,NA,NA,NA,,,,,NA,NA,NA,NA,,,,
C050,CP,50,DD,Wild,Co,,3,10,1,2,10,4,6,2,238,0,2,,,0,,0,1,,0,1,,,,,,,,,,,,NA,NA,NA,NA,NA,NA,NA,NA,NA,NA,NA,NA,NA,NA,NA,NA,NA,NA,NA,NA,NA,NA,NA,NA,NA,NA,NA,NA,NA,NA,NA,NA,NA,NA,NA,NA,,,,,NA,NA,NA,NA,,,,
C051,CP,51,DD,Wild,Co,,3,11,2,3,11,5,1,1,241,0,2,,,1,,0,0,,0,0,,,,,,,,,,,,8.2,0.01,0,0.01,0,0,0,0,0,0.01,0,0,0,NA,NA,NA,NA,,NA,NA,NA,NA,NA,NA,NA,NA,NA,NA,NA,NA,NA,NA,NA,NA,NA,NA,,,,,NA,NA,NA,NA,,,,
C052,CP,52,DD,Wild,Co,,3,12,2,3,12,5,6,1,285,0,2,,,1,,0,0,,0,0,,,,,,,,,,,,8.5,1.57,1.55,0.02,0.11,0,1.4,0.04,0,0.02,0,0,0,NA,NA,NA,NA,,NA,NA,NA,NA,NA,NA,NA,NA,NA,NA,NA,NA,NA,NA,NA,NA,NA,NA,,,,,NA,NA,NA,NA,,,,
C053,CP,53,DD,Wild,Co,,3,13,2,3,13,5,2,4,296,0,2,,,1,,0,0,,0,0,,,,,,,,,,,,9.8,0.19,0.18,0.01,0,0,0.18,0,0,0.01,0,0,0,NA,NA,NA,NA,,NA,NA,NA,NA,NA,NA,NA,NA,NA,NA,NA,NA,NA,NA,NA,NA,NA,NA,,,,,NA,NA,NA,NA,,,,
C054,CP,54,DD,Wild,Co,,3,14,2,3,14,6,1,4,316,0,2,,,0,,1,0,,0,0,,,,,,,,,,,,NA,NA,NA,NA,NA,NA,NA,NA,NA,NA,NA,NA,NA,NA,NA,NA,NA,NA,NA,NA,NA,NA,NA,NA,NA,NA,NA,NA,NA,NA,NA,NA,NA,NA,NA,NA,,,,,NA,NA,NA,NA,,,,
C055,CP,55,DD,Wild,Co,,3,15,2,3,15,6,3,3,347,0,2,,,0,,1,1,,0,0,,,,,,,,,,,,NA,NA,NA,NA,NA,NA,NA,NA,NA,NA,NA,NA,NA,NA,NA,NA,NA,NA,NA,NA,NA,NA,NA,NA,NA,NA,NA,NA,NA,NA,NA,NA,NA,NA,NA,NA,,,,,NA,NA,NA,NA,,,,
C056,CP,56,DD,Wild,Co,,3,16,2,4,16,7,3,4,372,0,2,,,0,,0,1,,1,0,,,,,,,,,,,too small,NA,NA,NA,NA,NA,NA,NA,NA,NA,NA,NA,NA,NA,NA,NA,NA,NA,NA,6,4.3,3.36,0.57,3.11,0.04,0.09,0.04,0.08,0.08,0.22,0.27,0.36,NA,NA,NA,NA,too small,,,,,NA,NA,NA,NA,,,,
C057,CP,57,DD,Wild,Co,,3,17,2,4,17,7,2,3,391,0,2,,,0,,0,1,,1,0,,,,,,,,,,,,NA,NA,NA,NA,NA,NA,NA,NA,NA,NA,NA,NA,NA,NA,NA,NA,NA,NA,12.7,14.05,7.72,5.75,6.39,0.28,0.05,0.17,0.83,0.31,5.17,0.27,0.59,NA,NA,NA,NA,,,,,,NA,NA,NA,NA,,,,
C058,CP,58,DD,Wild,Co,,3,18,2,4,18,7,5,1,425,0,2,,,0,,0,1,,1,0,,,,,,,,,,,,NA,NA,NA,NA,NA,NA,NA,NA,NA,NA,NA,NA,NA,NA,NA,NA,NA,NA,11.7,6.26,1.87,3.95,1.54,0.04,0.01,0.01,0.27,0.48,3.2,0.27,0.43,NA,NA,NA,NA,,,,,,NA,NA,NA,NA,,,,
C059,CP,59,DD,Wild,Co,,3,19,2,4,19,8,5,3,451,0,2,,,0,,0,1,,1,0,,,,,,,,,,,,NA,NA,NA,NA,NA,NA,NA,NA,NA,NA,NA,NA,NA,NA,NA,NA,NA,NA,13.4,2.94,1.31,1.32,1.04,0.05,0.08,0,0.14,0.22,1.1,0,0.31,NA,NA,NA,NA,,,,,,NA,NA,NA,NA,,,,
C060,CP,60,DD,Wild,Co,,3,20,2,4,20,8,1,2,458,0,2,,,0,,0,1,,0,1,,,,,,,,,,,,NA,NA,NA,NA,NA,NA,NA,NA,NA,NA,NA,NA,NA,NA,NA,NA,NA,NA,NA,NA,NA,NA,NA,NA,NA,NA,NA,NA,NA,NA,NA,NA,NA,NA,NA,NA,,,,,NA,NA,NA,NA,,,,
C061,CP,61,DD,Wild,Mb,,4,1,1,1,1,1,1,3,3,8,2,,,1,,0,0,,0,0,,,,,,,,,,,,7.3,24.88,0.64,24.23,0.54,0,0.1,0,0,22.84,0,1.39,0,NA,NA,NA,NA,,NA,NA,NA,NA,NA,NA,NA,NA,NA,NA,NA,NA,NA,NA,NA,NA,NA,NA,,,,,0.159285714,,8,7,,,,
C062,CP,62,DD,Wild,Mb,,4,2,1,1,2,1,3,2,34,8,2,,,1,,0,0,,0,0,,,,,,,,,,,,8.5,16.77,0.99,15.78,0.55,0,0.44,0,0,14.22,0,1.56,0,NA,NA,NA,NA,,NA,NA,NA,NA,NA,NA,NA,NA,NA,NA,NA,NA,NA,NA,NA,NA,NA,NA,,,,,0.574,,8,6,,,,
C063,CP,63,DD,Wild,Mb,,4,3,1,1,3,1,6,1,69,8,2,,,1,,0,0,,0,0,,,,,,,,,,,,15,3.93,2.39,1.53,1.26,0,0.89,0.24,0,1.53,0,0,0,NA,NA,NA,NA,,NA,NA,NA,NA,NA,NA,NA,NA,NA,NA,NA,NA,NA,NA,NA,NA,NA,NA,,,,,0.550833333,,8,6,,,,
C064,CP,64,DD,Wild,Mb,,4,4,1,1,4,2,4,2,86,8,2,,,0,,1,1,,0,0,,,,,,,,,,,,NA,NA,NA,NA,NA,NA,NA,NA,NA,NA,NA,NA,NA,NA,NA,NA,NA,NA,NA,NA,NA,NA,NA,NA,NA,NA,NA,NA,NA,NA,NA,NA,NA,NA,NA,NA,,,,,0.54725,,8,8,,,,
C065,CP,65,DD,Wild,Mb,,4,5,1,1,5,2,1,2,98,8,2,,,0,,1,1,,1,0,,,,,,,,,,,,NA,NA,NA,NA,NA,NA,NA,NA,NA,NA,NA,NA,NA,NA,NA,NA,NA,NA,16,5.8,2.43,2.47,1.74,0.06,0.24,0.03,0.36,0.37,1.3,0.8,0.89,NA,NA,NA,NA,,,,,,0.476,cat lost during collection,8,5,,,,
C066,CP,66,DD,Wild,Mb,,4,6,1,2,6,3,5,2,138,8,2,,,0,,0,1,,1,0,,,,,,,,,,,,NA,NA,NA,NA,NA,NA,NA,NA,NA,NA,NA,NA,NA,NA,NA,NA,NA,NA,17.3,1.34,1.06,0.06,0.54,0.02,0.35,0,0.15,0.03,0.03,0,0.22,NA,NA,NA,NA,,,,,,0.6855,cat lost during collection,8,7,,,,
C067,CP,67,DD,Wild,Mb,,4,7,1,2,7,3,4,1,157,8,2,,,0,,0,1,,1,0,,,,,,,,,,,,NA,NA,NA,NA,NA,NA,NA,NA,NA,NA,NA,NA,NA,NA,NA,NA,NA,NA,20.2,4.1,3.25,0.49,3.04,0.03,0.02,0,0.16,0.07,0.11,0.31,0.36,NA,NA,NA,NA,,,,,,0.249428571,,8,7,,,,
C068,CP,68,DD,Wild,Mb,,4,8,1,2,8,3,1,4,172,8,2,,,0,,0,1,,0,1,,,,,,,,,,,,NA,NA,NA,NA,NA,NA,NA,NA,NA,NA,NA,NA,NA,NA,NA,NA,NA,NA,NA,NA,NA,NA,NA,NA,NA,NA,NA,NA,NA,NA,NA,NA,NA,NA,NA,NA,,,,,0.721142857,,8,7,,,,
C069,CP,69,DD,Wild,Mb,,4,9,1,2,9,4,5,4,212,8,2,,,0,,0,1,,0,1,,,,,,,,,,,,NA,NA,NA,NA,NA,NA,NA,NA,NA,NA,NA,NA,NA,NA,NA,NA,NA,NA,NA,NA,NA,NA,NA,NA,NA,NA,NA,NA,NA,NA,NA,NA,NA,NA,NA,NA,,,,,0.515,,8,1,,,,
C070,CP,70,DD,Wild,Mb,,4,10,1,2,10,4,5,1,233,8,2,,,0,,0,0,,0,0,,,,,,,,,,,does not exist,NA,NA,NA,NA,NA,NA,NA,NA,NA,NA,NA,NA,NA,NA,NA,NA,NA,NA,NA,NA,NA,NA,NA,NA,NA,NA,NA,NA,NA,NA,NA,NA,NA,NA,NA,NA,,,,,NA,NA,8,0,,,,
C071,CP,71,DD,Wild,Mb,,4,11,2,3,11,5,3,4,252,8,2,,,1,,0,0,,0,0,,,,,,,,,,,,11,16.56,10.77,5.8,8.89,0,0.09,1.79,0,5.28,0,0.52,0,NA,NA,NA,NA,,NA,NA,NA,NA,NA,NA,NA,NA,NA,NA,NA,NA,NA,NA,NA,NA,NA,NA,,,,,0.25725,,8,8,,,,
C072,CP,72,DD,Wild,Mb,,4,12,2,3,12,5,2,1,269,8,2,,,1,,0,0,,0,0,,,,,,,,,,,,9.9,0.41,0.09,0.33,0,0,0.09,0,0,0.33,0,0,0,NA,NA,NA,NA,,NA,NA,NA,NA,NA,NA,NA,NA,NA,NA,NA,NA,NA,NA,NA,NA,NA,NA,,,,,0.311666667,,8,3,,,,
C073,CP,73,DD,Wild,Mb,,4,13,2,3,13,5,4,3,303,8,2,,,0,,1,0,,0,0,,,,,,,,,,,,NA,NA,NA,NA,NA,NA,NA,NA,NA,NA,NA,NA,NA,NA,NA,NA,NA,NA,NA,NA,NA,NA,NA,NA,NA,NA,NA,NA,NA,NA,NA,NA,NA,NA,NA,NA,,,,,0.78525,,8,8,,,,
C074,CP,74,DD,Wild,Mb,,4,14,2,3,14,6,2,3,319,8,2,,,0,,1,0,,0,0,,,,,,,,,,,,NA,NA,NA,NA,NA,NA,NA,NA,NA,NA,NA,NA,NA,NA,NA,NA,NA,NA,NA,NA,NA,NA,NA,NA,NA,NA,NA,NA,NA,NA,NA,NA,NA,NA,NA,NA,,,,,0.3358,,8,5,,,,
C075,CP,75,DD,Wild,Mb,,4,15,2,3,15,6,6,4,360,8,2,,,0,,1,1,,0,0,,,,,,,,,,,,NA,NA,NA,NA,NA,NA,NA,NA,NA,NA,NA,NA,NA,NA,NA,NA,NA,NA,NA,NA,NA,NA,NA,NA,NA,NA,NA,NA,NA,NA,NA,NA,NA,NA,NA,NA,,,,,0.343285714,,8,7,,,,
C076,CP,76,DD,Wild,Mb,,4,16,2,4,16,7,3,1,369,8,2,,,0,,0,1,,1,0,,,,,,,,,,,,NA,NA,NA,NA,NA,NA,NA,NA,NA,NA,NA,NA,NA,NA,NA,NA,NA,NA,12.5,1.21,0.27,0.62,0,0,0,0.01,0.26,0.1,0.18,0.34,0.32,NA,NA,NA,NA,,,,,,0.463625,,8,8,,,,
C077,CP,77,DD,Wild,Mb,,4,17,2,4,17,7,4,4,400,8,2,,,0,,0,1,,1,0,,,,,,,,,,,,NA,NA,NA,NA,NA,NA,NA,NA,NA,NA,NA,NA,NA,NA,NA,NA,NA,NA,9.2,6.8,3.48,2.86,2.94,0.09,0.19,0.02,0.24,0.24,2.34,0.28,0.46,NA,NA,NA,NA,,,,,,0.622,,8,6,,,,
C078,CP,78,DD,Wild,Mb,,4,18,2,4,18,7,2,2,414,8,2,,,0,,0,1,,0,1,,,,,,,,,,,Rhizosphere sample may be bulk soil,NA,NA,NA,NA,NA,NA,NA,NA,NA,NA,NA,NA,NA,NA,NA,NA,NA,NA,NA,NA,NA,NA,NA,NA,NA,NA,NA,NA,NA,NA,NA,NA,NA,NA,NA,NA,,,,,0.649,,8,1,,,,
C079,CP,79,DD,Wild,Mb,,4,19,2,4,19,8,3,3,443,8,2,,,0,,0,1,,0,1,,,,,,,,,,,,NA,NA,NA,NA,NA,NA,NA,NA,NA,NA,NA,NA,NA,NA,NA,NA,NA,NA,NA,NA,NA,NA,NA,NA,NA,NA,NA,NA,NA,NA,NA,NA,NA,NA,NA,NA,,,,,1.095166667,,8,6,,,,
C080,CP,80,DD,Wild,Mb,,4,20,2,4,20,8,6,2,478,8,2,,,0,,0,1,,0,1,,,,,,,,,,,Rhizosphere sample may be bulk soil,NA,NA,NA,NA,NA,NA,NA,NA,NA,NA,NA,NA,NA,NA,NA,NA,NA,NA,NA,NA,NA,NA,NA,NA,NA,NA,NA,NA,NA,NA,NA,NA,NA,NA,NA,NA,,,,,0.3898,,8,5,,,,
C081,CP,81,GO1,Cultivated,Co,,5,1,1,1,1,1,4,1,13,0,1,,,1,,0,0,,0,0,,,,,,,,,,,"Plant was small, infested with Mb?",5.9,0.02,0,0.01,0,0,0,0,0,0.01,0,0,0,NA,NA,NA,NA,"Plant was small, infested with Mb?",NA,NA,NA,NA,NA,NA,NA,NA,NA,NA,NA,NA,NA,NA,NA,NA,NA,NA,,,,,NA,NA,NA,NA,,,,
C082,CP,82,GO1,Cultivated,Co,,5,2,1,1,2,1,3,3,35,0,1,,,1,,0,0,,0,0,,,,,,,,,,,"Plant was small, infested with Mb?",6.7,1.15,1.13,0.01,0,0,1.13,0,0,0.01,0,0,0,NA,NA,NA,NA,"Plant was small, infested with Mb?",NA,NA,NA,NA,NA,NA,NA,NA,NA,NA,NA,NA,NA,NA,NA,NA,NA,NA,,,,,NA,NA,NA,NA,,,,
C083,CP,83,GO1,Cultivated,Co,,5,5,1,1,5,2,3,1,105,0,1,,,1,,0,0,,0,0,,,,,,,,,,,,6,0.3,0.28,0.01,0,0,0.28,0,0,0.01,0,0,0,NA,NA,NA,NA,,NA,NA,NA,NA,NA,NA,NA,NA,NA,NA,NA,NA,NA,NA,NA,NA,NA,NA,,,,,NA,NA,NA,NA,,,,
C084,CP,84,GO1,Cultivated,Co,,5,6,1,2,6,3,1,2,122,0,1,,,0,,1,0,,0,0,,,,,,,,,,,,NA,NA,NA,NA,NA,NA,NA,NA,NA,NA,NA,NA,NA,NA,NA,NA,NA,NA,NA,NA,NA,NA,NA,NA,NA,NA,NA,NA,NA,NA,NA,NA,NA,NA,NA,NA,,,,,NA,NA,NA,NA,,,,
C085,CP,85,GO1,Cultivated,Co,,5,7,1,2,7,3,2,4,152,0,1,,,0,,1,1,,0,0,,,,,,,,,,,,NA,NA,NA,NA,NA,NA,NA,NA,NA,NA,NA,NA,NA,NA,NA,NA,NA,NA,NA,NA,NA,NA,NA,NA,NA,NA,NA,NA,NA,NA,NA,NA,NA,NA,NA,NA,,,,,NA,NA,NA,NA,,,,
C086,CP,86,GO1,Cultivated,Co,,5,3,1,1,3,1,2,2,54,0,1,,,0,,0,1,,0,1,,,,,,,,,,,,NA,NA,NA,NA,NA,NA,NA,NA,NA,NA,NA,NA,NA,NA,NA,NA,NA,NA,NA,NA,NA,NA,NA,NA,NA,NA,NA,NA,NA,NA,NA,NA,NA,NA,NA,NA,,,,,NA,NA,NA,NA,,,,
C087,CP,87,GO1,Cultivated,Co,,5,4,1,1,4,2,1,3,75,0,1,,,0,,0,1,,0,1,,,,,,,,,,,,NA,NA,NA,NA,NA,NA,NA,NA,NA,NA,NA,NA,NA,NA,NA,NA,NA,NA,NA,NA,NA,NA,NA,NA,NA,NA,NA,NA,NA,NA,NA,NA,NA,NA,NA,NA,,,,,NA,NA,NA,NA,,,,
C088,CP,88,GO1,Cultivated,Co,,5,8,1,2,8,3,6,1,189,0,1,,,0,,0,1,,1,0,,,,,,,,,,,,NA,NA,NA,NA,NA,NA,NA,NA,NA,NA,NA,NA,NA,NA,NA,NA,NA,NA,6.3,0.27,0.02,0.2,0,0.02,0,0,0,0.06,0.05,0.09,0.05,NA,NA,NA,NA,,,,,,NA,NA,NA,NA,,,,
C089,CP,89,GO1,Cultivated,Co,,5,9,1,2,9,4,2,3,199,0,1,,,0,,0,1,,1,0,,,,,,,,,,,,NA,NA,NA,NA,NA,NA,NA,NA,NA,NA,NA,NA,NA,NA,NA,NA,NA,NA,8.4,0.6,0.08,0.51,0.01,0,0.05,0,0.02,0.16,0.13,0.22,0,NA,NA,NA,NA,,,,,,NA,NA,NA,NA,,,,
C090,CP,90,GO1,Cultivated,Co,,5,10,1,2,10,4,5,4,236,0,1,,,0,,0,1,,1,0,,,,,,,,,,,,NA,NA,NA,NA,NA,NA,NA,NA,NA,NA,NA,NA,NA,NA,NA,NA,NA,NA,13.5,2.1,0.15,1.96,0.05,0,0.04,0,0.06,0.25,1.71,0,0,NA,NA,NA,NA,,,,,,NA,NA,NA,NA,,,,
C091,CP,91,GO1,Cultivated,Co,,5,11,2,3,11,5,4,3,255,0,1,,,1,,0,0,,0,0,,,,,,,,,,,Some trips damage observed,5.6,0.45,0.42,0.02,0,0,0.42,0,0,0.02,0,0,0,NA,NA,NA,NA,Some trips damage observed,NA,NA,NA,NA,NA,NA,NA,NA,NA,NA,NA,NA,NA,NA,NA,NA,NA,NA,,,,,NA,NA,NA,NA,,,,
C092,CP,92,GO1,Cultivated,Co,,5,12,2,3,12,5,6,2,286,0,1,,,1,,0,0,,0,0,,,,,,,,,,,Some trips damage observed,7.3,0.77,0.74,0.03,0,0,0.74,0,0,0.02,0,0.01,0,NA,NA,NA,NA,Some trips damage observed,NA,NA,NA,NA,NA,NA,NA,NA,NA,NA,NA,NA,NA,NA,NA,NA,NA,NA,,,,,NA,NA,NA,NA,,,,
C093,CP,93,GO1,Cultivated,Co,,5,13,2,3,13,5,5,3,307,0,1,,,0,,1,0,,0,0,,,,,,,,,,,,NA,NA,NA,NA,NA,NA,NA,NA,NA,NA,NA,NA,NA,NA,NA,NA,NA,NA,NA,NA,NA,NA,NA,NA,NA,NA,NA,NA,NA,NA,NA,NA,NA,NA,NA,NA,,,,,NA,NA,NA,NA,,,,
C094,CP,94,GO1,Cultivated,Co,,5,14,2,3,14,6,3,2,322,0,1,,,0,,1,1,,0,0,,,,,,,,,,,,NA,NA,NA,NA,NA,NA,NA,NA,NA,NA,NA,NA,NA,NA,NA,NA,NA,NA,NA,NA,NA,NA,NA,NA,NA,NA,NA,NA,NA,NA,NA,NA,NA,NA,NA,NA,,,,,NA,NA,NA,NA,,,,
C095,CP,95,GO1,Cultivated,Co,,5,15,2,3,15,6,6,3,359,0,1,,,0,,1,1,,1,0,,,,,,,,,,,,NA,NA,NA,NA,NA,NA,NA,NA,NA,NA,NA,NA,NA,NA,NA,NA,NA,NA,19.7,1.22,0.06,1.05,0.01,0.01,0.01,0,0.03,0.08,0.97,0,0.1,NA,NA,NA,NA,,,,,,NA,NA,NA,NA,,,,
C096,CP,96,GO1,Cultivated,Co,,5,16,2,4,16,7,1,4,364,0,1,,,0,,0,1,,0,1,,,,,,,,,,,,NA,NA,NA,NA,NA,NA,NA,NA,NA,NA,NA,NA,NA,NA,NA,NA,NA,NA,NA,NA,NA,NA,NA,NA,NA,NA,NA,NA,NA,NA,NA,NA,NA,NA,NA,NA,,,,,NA,NA,NA,NA,,,,
C097,CP,97,GO1,Cultivated,Co,,5,17,2,4,17,7,6,4,408,0,1,,,0,,0,1,,1,0,,,,,,,,,,,,NA,NA,NA,NA,NA,NA,NA,NA,NA,NA,NA,NA,NA,NA,NA,NA,NA,NA,10.6,1.03,0.08,0.91,0.03,0,0,0,0.05,0.1,0.57,0.24,0.05,NA,NA,NA,NA,,,,,,NA,NA,NA,NA,,,,
C098,CP,98,GO1,Cultivated,Co,,5,18,2,4,18,7,1,1,409,0,1,,,0,,0,0,,0,0,,,,,,,,,,,,NA,NA,NA,NA,NA,NA,NA,NA,NA,NA,NA,NA,NA,NA,NA,NA,NA,NA,NA,NA,NA,NA,NA,NA,NA,NA,NA,NA,NA,NA,NA,NA,NA,NA,NA,NA,,,,,NA,NA,NA,NA,,,,
C099,CP,99,GO1,Cultivated,Co,,5,19,2,4,19,8,4,4,448,0,1,,,0,,0,1,,0,1,,,,,,,,,,,,NA,NA,NA,NA,NA,NA,NA,NA,NA,NA,NA,NA,NA,NA,NA,NA,NA,NA,NA,NA,NA,NA,NA,NA,NA,NA,NA,NA,NA,NA,NA,NA,NA,NA,NA,NA,,,,,NA,NA,NA,NA,,,,
C100,CP,100,GO1,Cultivated,Co,,5,20,2,4,20,8,5,2,474,0,1,,,0,,0,0,,0,0,,,,,,,,,,,does not exist,NA,NA,NA,NA,NA,NA,NA,NA,NA,NA,NA,NA,NA,NA,NA,NA,NA,NA,NA,NA,NA,NA,NA,NA,NA,NA,NA,NA,NA,NA,NA,NA,NA,NA,NA,NA,,,,,NA,NA,NA,NA,,,,
C101,CP,101,GO1,Cultivated,Mb,,6,1,1,1,1,1,1,4,4,4,1,,,0,,0,1,,0,1,,,,,,,,,,,,NA,NA,NA,NA,NA,NA,NA,NA,NA,NA,NA,NA,NA,NA,NA,NA,NA,NA,NA,NA,NA,NA,NA,NA,NA,NA,NA,NA,NA,NA,NA,NA,NA,NA,NA,NA,,,,,9.472,"Caterpillar weight is avaraged per plant, another file has weight per caterpillar; all weight are in mg",4,4,,,,
C102,CP,102,GO1,Cultivated,Mb,,6,2,1,1,2,1,2,2,30,4,1,,,1,,0,0,,0,0,,,,,,,,,,,,3.5,1.74,1.72,0.03,0,0,1.72,0,0,0.02,0,0.01,0,NA,NA,NA,NA,,NA,NA,NA,NA,NA,NA,NA,NA,NA,NA,NA,NA,NA,NA,NA,NA,NA,NA,,,,,6.74775,,4,4,,,,
C103,CP,103,GO1,Cultivated,Mb,,6,5,1,1,5,2,5,3,115,4,1,,,1,,0,0,,0,0,,,,,,,,,,,,5.4,0.8,0.51,0.29,0,0,0.51,0,0,0.29,0,0,0,NA,NA,NA,NA,,NA,NA,NA,NA,NA,NA,NA,NA,NA,NA,NA,NA,NA,NA,NA,NA,NA,NA,,,,,7.582,,4,4,,,,
C104,CP,104,GO1,Cultivated,Mb,,6,6,1,2,6,3,3,3,131,4,1,,,0,,0,1,,0,0,,,,,,,,,,,,NA,NA,NA,NA,NA,NA,NA,NA,NA,NA,NA,NA,NA,NA,NA,NA,NA,NA,NA,NA,NA,NA,NA,NA,NA,NA,NA,NA,NA,NA,NA,NA,NA,NA,NA,NA,,,,,8.239,,4,4,,,,
C105,CP,105,GO1,Cultivated,Mb,,6,7,1,2,7,3,6,3,167,4,1,,,1,,0,1,,0,1,,,,,,,,,,,,10.9,27.88,17.5,10.37,13.98,0,0.44,3.08,0,9.61,0,0.76,0,NA,NA,NA,NA,,NA,NA,NA,NA,NA,NA,NA,NA,NA,NA,NA,NA,NA,NA,NA,NA,NA,NA,,,,,0.479,,4,1,,,,
C106,CP,106,GO1,Cultivated,Mb,,6,3,1,1,3,1,4,1,61,4,1,,,0,,0,1,,1,0,,,,,,,,,,,,NA,NA,NA,NA,NA,NA,NA,NA,NA,NA,NA,NA,NA,NA,NA,NA,NA,NA,9.5,0.65,0.45,0.16,0.4,0,0.01,0,0.04,0.04,0.05,0.07,0.04,NA,NA,NA,NA,,,,,,8.58975,,4,4,,,,
C107,CP,107,GO1,Cultivated,Mb,,6,4,1,1,4,2,1,1,73,4,1,,,0,,1,0,,0,0,,,,,,,,,,,,NA,NA,NA,NA,NA,NA,NA,NA,NA,NA,NA,NA,NA,NA,NA,NA,NA,NA,NA,NA,NA,NA,NA,NA,NA,NA,NA,NA,NA,NA,NA,NA,NA,NA,NA,NA,,,,,9.218666667,,4,3,,,,
C108,CP,108,GO1,Cultivated,Mb,,6,8,1,2,8,3,5,2,186,4,1,,,0,,1,0,,0,0,,,,,,,,,,,"Plant was small, infested with Mb?",NA,NA,NA,NA,NA,NA,NA,NA,NA,NA,NA,NA,NA,NA,NA,NA,NA,NA,NA,NA,NA,NA,NA,NA,NA,NA,NA,NA,NA,NA,NA,NA,NA,NA,NA,NA,,,,,6.544,,4,2,,,,
C109,CP,109,GO1,Cultivated,Mb,,6,9,1,2,9,4,2,4,200,4,1,,,0,,0,0,,0,0,,,,,,,,,,,"does not exist, plant had a weird growth form",NA,NA,NA,NA,NA,NA,NA,NA,NA,NA,NA,NA,NA,NA,NA,NA,NA,NA,NA,NA,NA,NA,NA,NA,NA,NA,NA,NA,NA,NA,NA,NA,NA,NA,NA,NA,,,,,NA,NA,4,0,,,,
C110,CP,110,GO1,Cultivated,Mb,,6,10,1,2,10,4,3,2,226,4,1,,,0,,0,1,,1,0,,,,,,,,,,,,NA,NA,NA,NA,NA,NA,NA,NA,NA,NA,NA,NA,NA,NA,NA,NA,NA,NA,9.7,0.31,0.07,0.24,0.03,0.01,0.03,0,0,0.09,0.15,0,0,NA,NA,NA,NA,,,,,,7.547,,4,2,,,,
C111,CP,111,GO1,Cultivated,Mb,,6,11,2,3,11,5,5,1,257,4,1,,,1,,0,0,,0,0,,,,,,,,,,,,6,1.93,0,1.93,0,0,0,0,0,1.93,0,0,0,NA,NA,NA,NA,,NA,NA,NA,NA,NA,NA,NA,NA,NA,NA,NA,NA,NA,NA,NA,NA,NA,NA,,,,,6.526666667,,4,3,,,,
C112,CP,112,GO1,Cultivated,Mb,,6,12,2,3,12,5,4,3,279,4,1,,,1,,0,0,,0,0,,,,,,,,,,,,5.2,0.53,0.49,0.04,0,0,0.49,0,0,0.04,0,0,0,NA,NA,NA,NA,,NA,NA,NA,NA,NA,NA,NA,NA,NA,NA,NA,NA,NA,NA,NA,NA,NA,NA,,,,,5.9955,,4,4,,,,
C113,CP,113,GO1,Cultivated,Mb,,6,13,2,3,13,5,6,4,312,4,1,,,0,,1,1,,0,0,,,,,,,,,,,,NA,NA,NA,NA,NA,NA,NA,NA,NA,NA,NA,NA,NA,NA,NA,NA,NA,NA,NA,NA,NA,NA,NA,NA,NA,NA,NA,NA,NA,NA,NA,NA,NA,NA,NA,NA,,,,,5.9745,,4,4,,,,
C114,CP,114,GO1,Cultivated,Mb,,6,14,2,3,14,6,1,3,315,4,1,,,0,,0,0,,0,0,,,,,,,,,,,plant was missing during sampling,NA,NA,NA,NA,NA,NA,NA,NA,NA,NA,NA,NA,NA,NA,NA,NA,NA,NA,NA,NA,NA,NA,NA,NA,NA,NA,NA,NA,NA,NA,NA,NA,NA,NA,NA,NA,,,,,NA,NA,4,0,,,,
C115,CP,115,GO1,Cultivated,Mb,,6,15,2,3,15,6,6,1,357,4,1,,,0,,1,1,,0,1,,,,,,,,,,,,NA,NA,NA,NA,NA,NA,NA,NA,NA,NA,NA,NA,NA,NA,NA,NA,NA,NA,NA,NA,NA,NA,NA,NA,NA,NA,NA,NA,NA,NA,NA,NA,NA,NA,NA,NA,,,,,5.697,,4,4,,,,
C116,CP,116,GO1,Cultivated,Mb,,6,16,2,4,16,7,5,4,380,4,1,,,0,,0,1,,1,0,,,,,,,,,,,,NA,NA,NA,NA,NA,NA,NA,NA,NA,NA,NA,NA,NA,NA,NA,NA,NA,NA,11,6.22,0,6.22,0,0,0,0,0,0.28,5.92,0.02,0,NA,NA,NA,NA,,,,,,7.209333333,,4,3,,,,
C117,CP,117,GO1,Cultivated,Mb,,6,17,2,4,17,7,4,2,398,4,1,,,0,,0,1,,1,0,,,,,,,,,,,,NA,NA,NA,NA,NA,NA,NA,NA,NA,NA,NA,NA,NA,NA,NA,NA,NA,NA,12.7,1.43,0,1.43,0,0,0,0,0,0.09,1.32,0.02,0,NA,NA,NA,NA,,,,,,6.925,,4,4,,,,
C118,CP,118,GO1,Cultivated,Mb,,6,18,2,4,18,7,6,2,430,4,1,,,0,,0,1,,1,0,,,,,,,,,,,,NA,NA,NA,NA,NA,NA,NA,NA,NA,NA,NA,NA,NA,NA,NA,NA,NA,NA,13,0.07,0,0.07,0,0,0,0,0,0.02,0.02,0.03,0,NA,NA,NA,NA,,,,,,NA,NA,4,0,,,,
C119,CP,119,GO1,Cultivated,Mb,,6,19,2,4,19,8,2,1,437,4,1,,,0,,0,0,,0,0,,,,,,,,,,,,NA,NA,NA,NA,NA,NA,NA,NA,NA,NA,NA,NA,NA,NA,NA,NA,NA,NA,NA,NA,NA,NA,NA,NA,NA,NA,NA,NA,NA,NA,NA,NA,NA,NA,NA,NA,,,,,NA,NA,4,0,,,,
C120,CP,120,GO1,Cultivated,Mb,,6,20,2,4,20,8,3,4,468,4,1,,,0,,0,1,,0,1,,,,,,,,,,,,NA,NA,NA,NA,NA,NA,NA,NA,NA,NA,NA,NA,NA,NA,NA,NA,NA,NA,NA,NA,NA,NA,NA,NA,NA,NA,NA,NA,NA,NA,NA,NA,NA,NA,NA,NA,,,,,6.139,,4,3,,,,
C121,CP,121,HE,Wild,Co,,7,1,1,1,1,1,1,1,1,0,2,,,1,,0,0,,0,0,,,,,,,,,,,,7.5,2.1,2.08,0.01,0,0,2.08,0,0,0.01,0,0,0,NA,NA,NA,NA,,NA,NA,NA,NA,NA,NA,NA,NA,NA,NA,NA,NA,NA,NA,NA,NA,NA,NA,,,,,NA,NA,NA,NA,,,,
C122,CP,122,HE,Wild,Co,,7,2,1,1,2,1,5,2,42,0,2,,,1,,0,0,,0,0,,,,,,,,,,,,10.7,0.31,0.3,0.01,0,0,0.3,0,0,0.01,0,0,0,NA,NA,NA,NA,,NA,NA,NA,NA,NA,NA,NA,NA,NA,NA,NA,NA,NA,NA,NA,NA,NA,NA,,,,,NA,NA,NA,NA,,,,
C123,CP,123,HE,Wild,Co,,7,3,1,1,3,1,1,3,51,0,2,,,1,,0,0,,0,0,,,,,,,,,,,,11.9,1.96,1.92,0.03,0.53,0,1.05,0.34,0,0.03,0,0,0,NA,NA,NA,NA,,NA,NA,NA,NA,NA,NA,NA,NA,NA,NA,NA,NA,NA,NA,NA,NA,NA,NA,,,,,NA,NA,NA,NA,,,,
C124,CP,124,HE,Wild,Co,,7,4,1,1,4,2,5,1,89,0,2,,,0,,1,0,,0,0,,,,,,,,,,,,NA,NA,NA,NA,NA,NA,NA,NA,NA,NA,NA,NA,NA,NA,NA,NA,NA,NA,NA,NA,NA,NA,NA,NA,NA,NA,NA,NA,NA,NA,NA,NA,NA,NA,NA,NA,,,,,NA,NA,NA,NA,,,,
C125,CP,125,HE,Wild,Co,,7,5,1,1,5,2,2,1,101,0,2,,,0,,1,0,,0,0,,,,,,,,,,,,NA,NA,NA,NA,NA,NA,NA,NA,NA,NA,NA,NA,NA,NA,NA,NA,NA,NA,NA,NA,NA,NA,NA,NA,NA,NA,NA,NA,NA,NA,NA,NA,NA,NA,NA,NA,,,,,NA,NA,NA,NA,,,,
C126,CP,126,HE,Wild,Co,,7,6,1,2,6,3,6,1,141,0,2,,,0,,0,1,,0,1,,,,,,,,,,,,NA,NA,NA,NA,NA,NA,NA,NA,NA,NA,NA,NA,NA,NA,NA,NA,NA,NA,NA,NA,NA,NA,NA,NA,NA,NA,NA,NA,NA,NA,NA,NA,NA,NA,NA,NA,,,,,NA,NA,NA,NA,,,,
C127,CP,127,HE,Wild,Co,,7,7,1,2,7,3,6,2,166,0,2,,,0,,0,1,,0,1,,,,,,,,,,,,NA,NA,NA,NA,NA,NA,NA,NA,NA,NA,NA,NA,NA,NA,NA,NA,NA,NA,NA,NA,NA,NA,NA,NA,NA,NA,NA,NA,NA,NA,NA,NA,NA,NA,NA,NA,,,,,NA,NA,NA,NA,,,,
C128,CP,128,HE,Wild,Co,,7,8,1,2,8,3,3,3,179,0,2,,,0,,0,1,,1,0,,,,,,,,,,,,NA,NA,NA,NA,NA,NA,NA,NA,NA,NA,NA,NA,NA,NA,NA,NA,NA,NA,11.3,3.59,2.29,1.2,1.74,0.04,0.35,0.01,0.15,0.3,0.73,0.17,0.1,NA,NA,NA,NA,,,,,,NA,NA,NA,NA,,,,
C129,CP,129,HE,Wild,Co,,7,9,1,2,9,4,3,4,204,0,2,,,0,,0,1,,1,0,,,,,,,,,,,,NA,NA,NA,NA,NA,NA,NA,NA,NA,NA,NA,NA,NA,NA,NA,NA,NA,NA,9.8,1.58,1.15,0.32,0.78,0.04,0.22,0.02,0.09,0.05,0.18,0.09,0.12,NA,NA,NA,NA,,,,,,NA,NA,NA,NA,,,,
C130,CP,130,HE,Wild,Co,,7,10,1,2,10,4,4,4,232,0,2,,,0,,0,1,,1,0,,,,,,,,,,,,NA,NA,NA,NA,NA,NA,NA,NA,NA,NA,NA,NA,NA,NA,NA,NA,NA,NA,11,3.78,1.81,1.8,1.18,0.05,0.3,0.04,0.24,0.26,1.03,0.51,0.17,NA,NA,NA,NA,,,,,,NA,NA,NA,NA,,,,
C131,CP,131,HE,Wild,Co,,7,11,2,3,11,5,2,3,247,0,2,,,1,,0,0,,0,0,,,,,,,,,,,,4,1.33,1.32,0.02,0,0,1.32,0,0,0.01,0,0.01,0,NA,NA,NA,NA,,NA,NA,NA,NA,NA,NA,NA,NA,NA,NA,NA,NA,NA,NA,NA,NA,NA,NA,,,,,NA,NA,NA,NA,,,,
C132,CP,132,HE,Wild,Co,,7,12,2,3,12,5,6,4,288,0,2,,,1,,0,0,,0,0,,,,,,,,,,,Stick was pierced trough leaf,5.6,1.06,1.04,0.01,0,0,1.04,0,0,0.01,0,0,0,NA,NA,NA,NA,Stick was pierced trough leaf,NA,NA,NA,NA,NA,NA,NA,NA,NA,NA,NA,NA,NA,NA,NA,NA,NA,NA,,,,,NA,NA,NA,NA,,,,
C133,CP,133,HE,Wild,Co,,7,13,2,3,13,5,3,1,297,0,2,,,0,,1,0,,0,0,,,,,,,,,,,,NA,NA,NA,NA,NA,NA,NA,NA,NA,NA,NA,NA,NA,NA,NA,NA,NA,NA,NA,NA,NA,NA,NA,NA,NA,NA,NA,NA,NA,NA,NA,NA,NA,NA,NA,NA,,,,,NA,NA,NA,NA,,,,
C134,CP,134,HE,Wild,Co,,7,14,2,3,14,6,2,2,318,0,2,,,0,,1,0,,0,0,,,,,,,,,,,,NA,NA,NA,NA,NA,NA,NA,NA,NA,NA,NA,NA,NA,NA,NA,NA,NA,NA,NA,NA,NA,NA,NA,NA,NA,NA,NA,NA,NA,NA,NA,NA,NA,NA,NA,NA,,,,,NA,NA,NA,NA,,,,
C135,CP,135,HE,Wild,Co,,7,15,2,3,15,6,4,1,349,0,2,,,0,,1,1,,0,0,,,,,,,,,,,,NA,NA,NA,NA,NA,NA,NA,NA,NA,NA,NA,NA,NA,NA,NA,NA,NA,NA,NA,NA,NA,NA,NA,NA,NA,NA,NA,NA,NA,NA,NA,NA,NA,NA,NA,NA,,,,,NA,NA,NA,NA,,,,
C136,CP,136,HE,Wild,Co,,7,16,2,4,16,7,6,3,383,0,2,,,0,,0,1,,0,1,,,,,,,,,,,,NA,NA,NA,NA,NA,NA,NA,NA,NA,NA,NA,NA,NA,NA,NA,NA,NA,NA,NA,NA,NA,NA,NA,NA,NA,NA,NA,NA,NA,NA,NA,NA,NA,NA,NA,NA,,,,,NA,NA,NA,NA,,,,
C137,CP,137,HE,Wild,Co,,7,17,2,4,17,7,5,4,404,0,2,,,0,,0,1,,1,0,,,,,,,,,,,,NA,NA,NA,NA,NA,NA,NA,NA,NA,NA,NA,NA,NA,NA,NA,NA,NA,NA,9.8,0.32,0.29,0.02,0.21,0.02,0,0,0.06,0.01,0.01,0,0.01,NA,NA,NA,NA,,,,,,NA,NA,NA,NA,,,,
C138,CP,138,HE,Wild,Co,,7,18,2,4,18,7,1,2,410,0,2,,,0,,0,1,,0,1,,,,,,,,,,,,NA,NA,NA,NA,NA,NA,NA,NA,NA,NA,NA,NA,NA,NA,NA,NA,NA,NA,NA,NA,NA,NA,NA,NA,NA,NA,NA,NA,NA,NA,NA,NA,NA,NA,NA,NA,,,,,NA,NA,NA,NA,,,,
C139,CP,139,HE,Wild,Co,,7,19,2,4,19,8,3,2,442,0,2,,,0,,0,1,,1,0,,,,,,,,,,,,NA,NA,NA,NA,NA,NA,NA,NA,NA,NA,NA,NA,NA,NA,NA,NA,NA,NA,9.9,2.37,1.68,0.23,1.4,0.12,0.03,0.11,0.02,0.06,0.06,0.11,0.46,NA,NA,NA,NA,,,,,,NA,NA,NA,NA,,,,
C140,CP,140,HE,Wild,Co,,7,20,2,4,20,8,4,3,471,0,2,,,0,,0,1,,0,1,,,,,,,,,,,This plant was originally E40 and replaced at rhizosphere collection,NA,NA,NA,NA,NA,NA,NA,NA,NA,NA,NA,NA,NA,NA,NA,NA,NA,NA,NA,NA,NA,NA,NA,NA,NA,NA,NA,NA,NA,NA,NA,NA,NA,NA,NA,NA,,,,,NA,NA,NA,NA,,,,
C141,CP,141,HE,Wild,Mb,,8,1,1,1,1,1,4,4,16,6,2,,,1,,0,0,,0,0,,,,,,,,,,,,11.2,4.25,0.68,3.57,0.12,0,0.56,0,0,2.75,0,0.82,0,NA,NA,NA,NA,,NA,NA,NA,NA,NA,NA,NA,NA,NA,NA,NA,NA,NA,NA,NA,NA,NA,NA,,,,,1.223666667,"1 fell, 1 extra",7,6,,,,
C142,CP,142,HE,Wild,Mb,,8,2,1,1,2,1,1,2,26,6,2,,,1,,0,0,,0,0,,,,,,,,,,,,6.9,2.96,0.37,2.59,0.26,0,0.06,0.05,0,1.11,0,1.48,0,NA,NA,NA,NA,,NA,NA,NA,NA,NA,NA,NA,NA,NA,NA,NA,NA,NA,NA,NA,NA,NA,NA,,,,,1.089333333,,6,3,,,,
C143,CP,143,HE,Wild,Mb,,8,3,1,1,3,1,3,4,60,6,2,,,1,,0,0,,0,0,,,,,,,,,,,,9.1,2.9,1.84,1.06,1.31,0,0.53,0,0,0.84,0,0.22,0,NA,NA,NA,NA,,NA,NA,NA,NA,NA,NA,NA,NA,NA,NA,NA,NA,NA,NA,NA,NA,NA,NA,,,,,0.729833333,,6,6,,,,
C144,CP,144,HE,Wild,Mb,,8,4,1,1,4,2,6,3,95,6,2,,,0,,1,0,,0,0,,,,,,,,,,,,NA,NA,NA,NA,NA,NA,NA,NA,NA,NA,NA,NA,NA,NA,NA,NA,NA,NA,NA,NA,NA,NA,NA,NA,NA,NA,NA,NA,NA,NA,NA,NA,NA,NA,NA,NA,,,,,0.8462,,6,5,,,,
C145,CP,145,HE,Wild,Mb,,8,5,1,1,5,2,2,3,103,6,2,,,0,,1,1,,0,0,,,,,,,,,,,,NA,NA,NA,NA,NA,NA,NA,NA,NA,NA,NA,NA,NA,NA,NA,NA,NA,NA,NA,NA,NA,NA,NA,NA,NA,NA,NA,NA,NA,NA,NA,NA,NA,NA,NA,NA,,,,,0.953833333,,6,6,,,,
C146,CP,146,HE,Wild,Mb,,8,6,1,2,6,3,3,1,129,6,2,,,0,,0,1,,0,1,,,,,,,,,,,,NA,NA,NA,NA,NA,NA,NA,NA,NA,NA,NA,NA,NA,NA,NA,NA,NA,NA,NA,NA,NA,NA,NA,NA,NA,NA,NA,NA,NA,NA,NA,NA,NA,NA,NA,NA,,,,,2.309333333,,6,6,,,,
C147,CP,147,HE,Wild,Mb,,8,7,1,2,7,3,6,1,165,6,2,,,0,,0,1,,1,0,,,,,,,,,,,,NA,NA,NA,NA,NA,NA,NA,NA,NA,NA,NA,NA,NA,NA,NA,NA,NA,NA,10.2,10.83,4.8,5.12,2.33,0.18,1.1,0.05,1.14,0.65,3.36,1.11,0.91,NA,NA,NA,NA,,,,,,1.2485,,6,2,,,,
C148,CP,148,HE,Wild,Mb,,8,8,1,2,8,3,1,1,169,6,2,,,0,,0,1,,0,1,,,,,,,,,,,,NA,NA,NA,NA,NA,NA,NA,NA,NA,NA,NA,NA,NA,NA,NA,NA,NA,NA,NA,NA,NA,NA,NA,NA,NA,NA,NA,NA,NA,NA,NA,NA,NA,NA,NA,NA,,,,,1.0355,,6,6,,,,
C149,CP,149,HE,Wild,Mb,,8,9,1,2,9,4,6,2,214,6,2,,,0,,0,1,,1,0,,,,,,,,,,,,NA,NA,NA,NA,NA,NA,NA,NA,NA,NA,NA,NA,NA,NA,NA,NA,NA,NA,6,5.62,2.42,2.81,1.8,0.1,0.2,0,0.32,0.22,1.39,1.2,0.39,NA,NA,NA,NA,,,,,,2.196333333,,6,6,,,,
C150,CP,150,HE,Wild,Mb,,8,10,1,2,10,4,6,4,240,6,2,,,0,,0,1,,1,0,,,,,,,,,,,,NA,NA,NA,NA,NA,NA,NA,NA,NA,NA,NA,NA,NA,NA,NA,NA,NA,NA,7.8,0.93,0.52,0.28,0.28,0.02,0.09,0,0.13,0.08,0.11,0.09,0.12,NA,NA,NA,NA,,,,,,1.2075,,6,4,,,,
C151,CP,151,HE,Wild,Mb,,8,11,2,3,11,5,5,2,258,6,2,,,1,,0,0,,0,0,,,,,,,,,,,,5.5,1.92,1.14,0.79,0,0,1.14,0,0,0.33,0,0.46,0,NA,NA,NA,NA,,NA,NA,NA,NA,NA,NA,NA,NA,NA,NA,NA,NA,NA,NA,NA,NA,NA,NA,,,,,1.468333333,,6,6,,,,
C152,CP,152,HE,Wild,Mb,,8,12,2,3,12,5,2,4,272,6,2,,,1,,0,0,,0,0,,,,,,,,,,,,7.5,2.84,1.82,1.02,0.28,0,1.54,0,0,0.57,0,0.45,0,NA,NA,NA,NA,,NA,NA,NA,NA,NA,NA,NA,NA,NA,NA,NA,NA,NA,NA,NA,NA,NA,NA,,,,,2.0284,,6,5,,,,
C153,CP,153,HE,Wild,Mb,,8,13,2,3,13,5,4,1,301,6,2,,,0,,1,0,,0,0,,,,,,,,,,,,NA,NA,NA,NA,NA,NA,NA,NA,NA,NA,NA,NA,NA,NA,NA,NA,NA,NA,NA,NA,NA,NA,NA,NA,NA,NA,NA,NA,NA,NA,NA,NA,NA,NA,NA,NA,,,,,1.184,,6,4,,,,
C154,CP,154,HE,Wild,Mb,,8,14,2,3,14,6,5,3,331,6,2,,,0,,1,0,,0,0,,,,,,,,,,,,NA,NA,NA,NA,NA,NA,NA,NA,NA,NA,NA,NA,NA,NA,NA,NA,NA,NA,NA,NA,NA,NA,NA,NA,NA,NA,NA,NA,NA,NA,NA,NA,NA,NA,NA,NA,,,,,0.845833333,,6,6,,,,
C155,CP,155,HE,Wild,Mb,,8,15,2,3,15,6,5,1,353,6,2,,,0,,1,1,,0,0,,,,,,,,,,,,NA,NA,NA,NA,NA,NA,NA,NA,NA,NA,NA,NA,NA,NA,NA,NA,NA,NA,NA,NA,NA,NA,NA,NA,NA,NA,NA,NA,NA,NA,NA,NA,NA,NA,NA,NA,,,,,1.769,,6,4,,,,
C156,CP,156,HE,Wild,Mb,,8,16,2,4,16,7,2,2,366,6,2,,,0,,0,1,,0,1,,,,,,,,,,,,NA,NA,NA,NA,NA,NA,NA,NA,NA,NA,NA,NA,NA,NA,NA,NA,NA,NA,NA,NA,NA,NA,NA,NA,NA,NA,NA,NA,NA,NA,NA,NA,NA,NA,NA,NA,,,,,1.382333333,,6,6,,,,
C157,CP,157,HE,Wild,Mb,,8,17,2,4,17,7,3,3,395,6,2,,,0,,0,1,,0,1,,,,,,,,,,,,NA,NA,NA,NA,NA,NA,NA,NA,NA,NA,NA,NA,NA,NA,NA,NA,NA,NA,NA,NA,NA,NA,NA,NA,NA,NA,NA,NA,NA,NA,NA,NA,NA,NA,NA,NA,,,,,1.61725,,6,4,,,,
C158,CP,158,HE,Wild,Mb,,8,18,2,4,18,7,1,4,412,6,2,,,0,,0,1,,0,1,,,,,,,,,,,,NA,NA,NA,NA,NA,NA,NA,NA,NA,NA,NA,NA,NA,NA,NA,NA,NA,NA,NA,NA,NA,NA,NA,NA,NA,NA,NA,NA,NA,NA,NA,NA,NA,NA,NA,NA,,,,,1.28725,,6,4,,,,
C159,CP,159,HE,Wild,Mb,,8,19,2,4,19,8,4,2,446,6,2,,,0,,0,1,,1,0,,,,,,,,,,,,NA,NA,NA,NA,NA,NA,NA,NA,NA,NA,NA,NA,NA,NA,NA,NA,NA,NA,6.7,0.59,0.44,0.12,0.35,0,0.06,0,0.03,0.09,0.03,0,0.03,NA,NA,NA,NA,,,,,,0.8964,,6,5,,,,
C160,CP,160,HE,Wild,Mb,,8,20,2,4,20,8,1,3,459,6,2,,,0,,0,1,,1,0,,,,,,,,,,,,NA,NA,NA,NA,NA,NA,NA,NA,NA,NA,NA,NA,NA,NA,NA,NA,NA,NA,10,1.51,0.83,0.38,0.58,0.03,0.06,0.03,0.13,0.07,0.22,0.09,0.29,NA,NA,NA,NA,,,,,,0.668833333,,6,6,,,,
C161,CP,161,HM,Cultivated,Co,,9,1,1,1,1,1,3,2,10,0,1,,,1,,0,0,,0,0,,,,,,,,,,,,5.6,1.11,0.82,0.3,0,0,0.82,0,0,0.29,0,0.01,0,NA,NA,NA,NA,,NA,NA,NA,NA,NA,NA,NA,NA,NA,NA,NA,NA,NA,NA,NA,NA,NA,NA,,,,,NA,NA,NA,NA,,,,
C162,CP,162,HM,Cultivated,Co,,9,2,1,1,2,1,2,4,32,0,1,,,1,,0,0,,0,0,,,,,,,,,,,,9.3,0.89,0.88,0.02,0,0,0.88,0,0,0.01,0,0.01,0,NA,NA,NA,NA,,NA,NA,NA,NA,NA,NA,NA,NA,NA,NA,NA,NA,NA,NA,NA,NA,NA,NA,,,,,NA,NA,NA,NA,,,,
C163,CP,163,HM,Cultivated,Co,,9,3,1,1,3,1,4,3,63,0,1,,,0,,0,0,,0,0,,,,,,,,,,,does not exist,NA,NA,NA,NA,NA,NA,NA,NA,NA,NA,NA,NA,NA,NA,NA,NA,NA,NA,NA,NA,NA,NA,NA,NA,NA,NA,NA,NA,NA,NA,NA,NA,NA,NA,NA,NA,,,,,NA,NA,NA,NA,,,,
C164,CP,164,HM,Cultivated,Co,,9,4,1,1,4,2,6,4,96,0,1,,,0,,1,0,,0,0,,,,,,,,,,,,NA,NA,NA,NA,NA,NA,NA,NA,NA,NA,NA,NA,NA,NA,NA,NA,NA,NA,NA,NA,NA,NA,NA,NA,NA,NA,NA,NA,NA,NA,NA,NA,NA,NA,NA,NA,,,,,NA,NA,NA,NA,,,,
C165,CP,165,HM,Cultivated,Co,,9,5,1,1,5,2,1,3,99,0,1,,,0,,1,1,,0,0,,,,,,,,,,,,NA,NA,NA,NA,NA,NA,NA,NA,NA,NA,NA,NA,NA,NA,NA,NA,NA,NA,NA,NA,NA,NA,NA,NA,NA,NA,NA,NA,NA,NA,NA,NA,NA,NA,NA,NA,,,,,NA,NA,NA,NA,,,,
C166,CP,166,HM,Cultivated,Co,,9,6,1,2,6,3,4,2,134,0,1,,,0,,0,1,,1,0,,,,,,,,,,,,NA,NA,NA,NA,NA,NA,NA,NA,NA,NA,NA,NA,NA,NA,NA,NA,NA,NA,10.9,0.67,0.28,0.36,0.07,0.02,0.11,0,0.08,0.09,0.27,0,0.04,NA,NA,NA,NA,,,,,,NA,NA,NA,NA,,,,
C167,CP,167,HM,Cultivated,Co,,9,7,1,2,7,3,1,4,148,0,1,,,0,,0,1,,0,1,,,,,,,,,,,,NA,NA,NA,NA,NA,NA,NA,NA,NA,NA,NA,NA,NA,NA,NA,NA,NA,NA,NA,NA,NA,NA,NA,NA,NA,NA,NA,NA,NA,NA,NA,NA,NA,NA,NA,NA,,,,,NA,NA,NA,NA,,,,
C168,CP,168,HM,Cultivated,Co,,9,8,1,2,8,3,2,3,175,0,1,,,0,,0,1,,0,1,,,,,,,,,,,,NA,NA,NA,NA,NA,NA,NA,NA,NA,NA,NA,NA,NA,NA,NA,NA,NA,NA,NA,NA,NA,NA,NA,NA,NA,NA,NA,NA,NA,NA,NA,NA,NA,NA,NA,NA,,,,,NA,NA,NA,NA,,,,
C169,CP,169,HM,Cultivated,Co,,9,9,1,2,9,4,4,1,205,0,1,,,0,,0,1,,1,0,,,,,,,,,,,,NA,NA,NA,NA,NA,NA,NA,NA,NA,NA,NA,NA,NA,NA,NA,NA,NA,NA,12.2,2.32,0.38,1.95,0.05,0.03,0.2,0,0.1,0.2,1.75,0,0,NA,NA,NA,NA,,,,,,NA,NA,NA,NA,,,,
C170,CP,170,HM,Cultivated,Co,,9,10,1,2,10,4,6,1,237,0,1,,,0,,0,1,,0,1,,,,,,,,,,,,NA,NA,NA,NA,NA,NA,NA,NA,NA,NA,NA,NA,NA,NA,NA,NA,NA,NA,NA,NA,NA,NA,NA,NA,NA,NA,NA,NA,NA,NA,NA,NA,NA,NA,NA,NA,,,,,NA,NA,NA,NA,,,,
C171,CP,171,HM,Cultivated,Co,,9,11,2,3,11,5,2,2,246,0,1,,,1,,0,0,,0,0,,,,,,,,,,,,4,1.95,1.92,0.02,0,0,1.92,0,0,0.02,0,0,0,NA,NA,NA,NA,,NA,NA,NA,NA,NA,NA,NA,NA,NA,NA,NA,NA,NA,NA,NA,NA,NA,NA,,,,,NA,NA,NA,NA,,,,
C172,CP,172,HM,Cultivated,Co,,9,12,2,3,12,5,4,4,280,0,1,,,1,,0,0,,0,0,,,,,,,,,,,,8.7,0.48,0.4,0.09,0,0,0.4,0,0,0.09,0,0,0,NA,NA,NA,NA,,NA,NA,NA,NA,NA,NA,NA,NA,NA,NA,NA,NA,NA,NA,NA,NA,NA,NA,,,,,NA,NA,NA,NA,,,,
C173,CP,173,HM,Cultivated,Co,,9,13,2,3,13,5,5,4,308,0,1,,,1,,0,0,,0,0,,,,,,,,,,,,8.2,0.01,0,0.01,0,0,0,0,0,0.01,0,0,0,NA,NA,NA,NA,,NA,NA,NA,NA,NA,NA,NA,NA,NA,NA,NA,NA,NA,NA,NA,NA,NA,NA,,,,,NA,NA,NA,NA,,,,
C174,CP,174,HM,Cultivated,Co,,9,14,2,3,14,6,3,4,324,0,1,,,0,,1,0,,0,0,,,,,,,,,,,,NA,NA,NA,NA,NA,NA,NA,NA,NA,NA,NA,NA,NA,NA,NA,NA,NA,NA,NA,NA,NA,NA,NA,NA,NA,NA,NA,NA,NA,NA,NA,NA,NA,NA,NA,NA,,,,,NA,NA,NA,NA,,,,
C175,CP,175,HM,Cultivated,Co,,9,15,2,3,15,6,5,2,354,0,1,,,0,,1,1,,0,0,,,,,,,,,,,,NA,NA,NA,NA,NA,NA,NA,NA,NA,NA,NA,NA,NA,NA,NA,NA,NA,NA,NA,NA,NA,NA,NA,NA,NA,NA,NA,NA,NA,NA,NA,NA,NA,NA,NA,NA,,,,,NA,NA,NA,NA,,,,
C176,CP,176,HM,Cultivated,Co,,9,16,2,4,16,7,6,2,382,0,1,,,0,,0,1,,1,0,,,,,,,,,,,,NA,NA,NA,NA,NA,NA,NA,NA,NA,NA,NA,NA,NA,NA,NA,NA,NA,NA,17.5,0.39,0.15,0.22,0.03,0.01,0.07,0,0.04,0.07,0.15,0,0.01,NA,NA,NA,NA,,,,,,NA,NA,NA,NA,,,,
C177,CP,177,HM,Cultivated,Co,,9,17,2,4,17,7,1,1,385,0,1,,,0,,0,1,,0,1,,,,,,,,,,,,NA,NA,NA,NA,NA,NA,NA,NA,NA,NA,NA,NA,NA,NA,NA,NA,NA,NA,NA,NA,NA,NA,NA,NA,NA,NA,NA,NA,NA,NA,NA,NA,NA,NA,NA,NA,,,,,NA,NA,NA,NA,,,,
C178,CP,178,HM,Cultivated,Co,,9,18,2,4,18,7,2,1,413,0,1,,,0,,0,1,,0,1,,,,,,,,,,,,NA,NA,NA,NA,NA,NA,NA,NA,NA,NA,NA,NA,NA,NA,NA,NA,NA,NA,NA,NA,NA,NA,NA,NA,NA,NA,NA,NA,NA,NA,NA,NA,NA,NA,NA,NA,,,,,NA,NA,NA,NA,,,,
C179,CP,179,HM,Cultivated,Co,,9,19,2,4,19,8,3,1,441,0,1,,,0,,0,1,,1,0,,,,,,,,,,,,NA,NA,NA,NA,NA,NA,NA,NA,NA,NA,NA,NA,NA,NA,NA,NA,NA,NA,9.5,0.57,0.19,0.36,0.05,0.01,0.09,0,0.04,0.25,0.11,0,0.02,NA,NA,NA,NA,,,,,,NA,NA,NA,NA,,,,
C180,CP,180,HM,Cultivated,Co,,9,20,2,4,20,8,5,3,475,0,1,,,0,,0,1,,1,0,,,,,,,,,,,,NA,NA,NA,NA,NA,NA,NA,NA,NA,NA,NA,NA,NA,NA,NA,NA,NA,NA,16.1,0.35,0.14,0.21,0.04,0.01,0.06,0,0.03,0.05,0.16,0,0.01,NA,NA,NA,NA,,,,,,NA,NA,NA,NA,,,,
C181,CP,181,HM,Cultivated,Mb,,10,1,1,1,1,1,1,2,2,2,1,,,1,,0,0,,0,0,,,,,,,,,,,,13.5,0.12,0.1,0.02,0,0,0.1,0,0,0.02,0,0,0,NA,NA,NA,NA,,NA,NA,NA,NA,NA,NA,NA,NA,NA,NA,NA,NA,NA,NA,NA,NA,NA,NA,,,,,8.555,,2,1,,,,
C182,CP,182,HM,Cultivated,Mb,,10,2,1,1,2,1,6,3,47,2,1,,,1,,0,0,,0,0,,,,,,,,,,,,10.1,0.26,0.22,0.05,0,0,0.22,0,0,0.04,0,0.01,0,NA,NA,NA,NA,,NA,NA,NA,NA,NA,NA,NA,NA,NA,NA,NA,NA,NA,NA,NA,NA,NA,NA,,,,,6.1765,,2,2,,,,
C183,CP,183,HM,Cultivated,Mb,,10,3,1,1,3,1,2,3,55,2,1,,,0,,1,0,,0,0,,,,,,,,,,,,NA,NA,NA,NA,NA,NA,NA,NA,NA,NA,NA,NA,NA,NA,NA,NA,NA,NA,NA,NA,NA,NA,NA,NA,NA,NA,NA,NA,NA,NA,NA,NA,NA,NA,NA,NA,,,,,7.445,,2,2,,,,
C184,CP,184,HM,Cultivated,Mb,,10,4,1,1,4,2,5,4,92,2,1,,,0,,0,0,,0,0,,,,,,,,,,,does not exist,NA,NA,NA,NA,NA,NA,NA,NA,NA,NA,NA,NA,NA,NA,NA,NA,NA,NA,NA,NA,NA,NA,NA,NA,NA,NA,NA,NA,NA,NA,NA,NA,NA,NA,NA,NA,,,,,7.4905,,2,2,,,,
C185,CP,185,HM,Cultivated,Mb,,10,5,1,1,5,2,3,2,106,2,1,,,0,,1,1,,0,0,,,,,,,,,,,,NA,NA,NA,NA,NA,NA,NA,NA,NA,NA,NA,NA,NA,NA,NA,NA,NA,NA,NA,NA,NA,NA,NA,NA,NA,NA,NA,NA,NA,NA,NA,NA,NA,NA,NA,NA,,,,,5.6885,,2,2,,,,
C186,CP,186,HM,Cultivated,Mb,,10,6,1,2,6,3,4,1,133,2,1,,,0,,0,1,,0,1,,,,,,,,,,,,NA,NA,NA,NA,NA,NA,NA,NA,NA,NA,NA,NA,NA,NA,NA,NA,NA,NA,NA,NA,NA,NA,NA,NA,NA,NA,NA,NA,NA,NA,NA,NA,NA,NA,NA,NA,,,,,5.7935,,2,2,,,,
C187,CP,187,HM,Cultivated,Mb,,10,7,1,2,7,3,4,3,159,2,1,,,0,,0,1,,0,1,,,,,,,,,,,,NA,NA,NA,NA,NA,NA,NA,NA,NA,NA,NA,NA,NA,NA,NA,NA,NA,NA,NA,NA,NA,NA,NA,NA,NA,NA,NA,NA,NA,NA,NA,NA,NA,NA,NA,NA,,,,,5.335,,2,2,,,,
C188,CP,188,HM,Cultivated,Mb,,10,8,1,2,8,3,6,2,190,2,1,,,0,,0,1,,0,1,,,,,,,,,,,,NA,NA,NA,NA,NA,NA,NA,NA,NA,NA,NA,NA,NA,NA,NA,NA,NA,NA,NA,NA,NA,NA,NA,NA,NA,NA,NA,NA,NA,NA,NA,NA,NA,NA,NA,NA,,,,,8.859,,2,2,,,,
C189,CP,189,HM,Cultivated,Mb,,10,9,1,2,9,4,6,1,213,2,1,,,0,,0,1,,0,1,,,,,,,,,,,,NA,NA,NA,NA,NA,NA,NA,NA,NA,NA,NA,NA,NA,NA,NA,NA,NA,NA,NA,NA,NA,NA,NA,NA,NA,NA,NA,NA,NA,NA,NA,NA,NA,NA,NA,NA,,,,,5.516,,2,1,,,,
C190,CP,190,HM,Cultivated,Mb,,10,10,1,2,10,4,1,4,220,2,1,,,0,,0,1,,0,1,,,,,,,,,,,,NA,NA,NA,NA,NA,NA,NA,NA,NA,NA,NA,NA,NA,NA,NA,NA,NA,NA,NA,NA,NA,NA,NA,NA,NA,NA,NA,NA,NA,NA,NA,NA,NA,NA,NA,NA,,,,,7.55,,2,1,,,,
C191,CP,191,HM,Cultivated,Mb,,10,11,2,3,11,5,5,3,259,2,1,,,1,,0,0,,0,0,,,,,,,,,,,,8.7,0.15,0.13,0.01,0,0,0.13,0,0,0.01,0,0,0,NA,NA,NA,NA,,NA,NA,NA,NA,NA,NA,NA,NA,NA,NA,NA,NA,NA,NA,NA,NA,NA,NA,,,,,6.547,,2,2,,,,
C192,CP,192,HM,Cultivated,Mb,,10,12,2,3,12,5,5,1,281,2,1,,,1,,0,0,,0,0,,,,,,,,,,,,9.6,0.45,0.44,0.01,0,0,0.44,0,0,0.01,0,0,0,NA,NA,NA,NA,,NA,NA,NA,NA,NA,NA,NA,NA,NA,NA,NA,NA,NA,NA,NA,NA,NA,NA,,,,,6.431,,2,2,,,,
C193,CP,193,HM,Cultivated,Mb,,10,13,2,3,13,5,2,2,294,2,1,,,1,,0,0,,0,0,,,,,,,,,,,,11.9,0.69,0.68,0.01,0,0,0.68,0,0,0.01,0,0,0,NA,NA,NA,NA,,NA,NA,NA,NA,NA,NA,NA,NA,NA,NA,NA,NA,NA,NA,NA,NA,NA,NA,,,,,3.1345,,2,2,,,,
C194,CP,194,HM,Cultivated,Mb,,10,14,2,3,14,6,2,4,320,2,1,,,0,,1,0,,0,0,,,,,,,,,,,,NA,NA,NA,NA,NA,NA,NA,NA,NA,NA,NA,NA,NA,NA,NA,NA,NA,NA,NA,NA,NA,NA,NA,NA,NA,NA,NA,NA,NA,NA,NA,NA,NA,NA,NA,NA,,,,,4.4975,,2,2,,,,
C195,CP,195,HM,Cultivated,Mb,,10,15,2,3,15,6,3,1,345,2,1,,,0,,1,1,,0,0,,,,,,,,,,,,NA,NA,NA,NA,NA,NA,NA,NA,NA,NA,NA,NA,NA,NA,NA,NA,NA,NA,NA,NA,NA,NA,NA,NA,NA,NA,NA,NA,NA,NA,NA,NA,NA,NA,NA,NA,,,,,6.112,,2,1,,,,
C196,CP,196,HM,Cultivated,Mb,,10,16,2,4,16,7,4,4,376,2,1,,,0,,0,1,,1,0,,,,,,,,,,,,NA,NA,NA,NA,NA,NA,NA,NA,NA,NA,NA,NA,NA,NA,NA,NA,NA,NA,9.2,0.56,0.15,0.38,0.04,0.01,0.06,0,0.04,0.09,0.29,0,0.02,NA,NA,NA,NA,,,,,,5.455,,2,1,,,,
C197,CP,197,HM,Cultivated,Mb,,10,17,2,4,17,7,1,3,387,2,1,,,0,,0,1,,1,0,,,,,,,,,,,,NA,NA,NA,NA,NA,NA,NA,NA,NA,NA,NA,NA,NA,NA,NA,NA,NA,NA,9.8,0.78,0.29,0.45,0.07,0.02,0.13,0,0.07,0.1,0.35,0,0.05,NA,NA,NA,NA,,,,,,6.737,,2,1,,,,
C198,CP,198,HM,Cultivated,Mb,,10,18,2,4,18,7,3,4,420,2,1,,,0,,0,1,,1,0,,,,,,,,,,,,NA,NA,NA,NA,NA,NA,NA,NA,NA,NA,NA,NA,NA,NA,NA,NA,NA,NA,13.1,0.58,0.1,0.47,0.02,0.01,0.05,0,0.02,0.05,0.38,0.04,0,NA,NA,NA,NA,,,,,,4.9355,,2,2,,,,
C199,CP,199,HM,Cultivated,Mb,,10,19,2,4,19,8,5,2,450,2,1,,,0,,0,1,,1,0,,,,,,,,,,,,NA,NA,NA,NA,NA,NA,NA,NA,NA,NA,NA,NA,NA,NA,NA,NA,NA,NA,6.3,0.91,0.3,0.57,0.04,0.02,0.15,0,0.09,0.07,0.5,0,0.04,NA,NA,NA,NA,,,,,,1.872,,2,2,,,,
C200,CP,200,HM,Cultivated,Mb,,10,20,2,4,20,8,2,1,461,2,1,,,0,,0,1,,1,0,,,,,,,,,,,,NA,NA,NA,NA,NA,NA,NA,NA,NA,NA,NA,NA,NA,NA,NA,NA,NA,NA,12,0.86,0.32,0.5,0.09,0.02,0.14,0,0.07,0.1,0.4,0,0.03,NA,NA,NA,NA,,,,,,5.0275,,2,2,,,,
C201,CP,201,IT1,Cultivated,Co,,11,1,1,1,1,1,6,1,21,0,1,,,1,,0,0,,0,0,,,,,,,,,,,,7.7,0.81,0.8,0.01,0,0,0.8,0,0,0.01,0,0,0,NA,NA,NA,NA,,NA,NA,NA,NA,NA,NA,NA,NA,NA,NA,NA,NA,NA,NA,NA,NA,NA,NA,,,,,NA,NA,NA,NA,,,,
C202,CP,202,IT1,Cultivated,Co,,11,2,1,1,2,1,5,3,43,0,1,,,1,,0,0,,0,0,,,,,,,,,,,,10.9,0.83,0.81,0.02,0,0,0.81,0,0,0.02,0,0,0,NA,NA,NA,NA,,NA,NA,NA,NA,NA,NA,NA,NA,NA,NA,NA,NA,NA,NA,NA,NA,NA,NA,,,,,NA,NA,NA,NA,,,,
C203,CP,203,IT1,Cultivated,Co,,11,5,1,1,5,2,6,3,119,0,1,,,0,,1,0,,0,0,,,,,,,,,,,,NA,NA,NA,NA,NA,NA,NA,NA,NA,NA,NA,NA,NA,NA,NA,NA,NA,NA,NA,NA,NA,NA,NA,NA,NA,NA,NA,NA,NA,NA,NA,NA,NA,NA,NA,NA,,,,,NA,NA,NA,NA,,,,
C204,CP,204,IT1,Cultivated,Co,,11,6,1,2,6,3,3,4,132,0,1,,,0,,0,0,,0,0,,,,,,,,,,,,NA,NA,NA,NA,NA,NA,NA,NA,NA,NA,NA,NA,NA,NA,NA,NA,NA,NA,NA,NA,NA,NA,NA,NA,NA,NA,NA,NA,NA,NA,NA,NA,NA,NA,NA,NA,,,,,NA,NA,NA,NA,,,,
C205,CP,205,IT1,Cultivated,Co,,11,7,1,2,7,3,1,1,145,0,1,,,0,,1,1,,0,0,,,,,,,,,,,,NA,NA,NA,NA,NA,NA,NA,NA,NA,NA,NA,NA,NA,NA,NA,NA,NA,NA,NA,NA,NA,NA,NA,NA,NA,NA,NA,NA,NA,NA,NA,NA,NA,NA,NA,NA,,,,,NA,NA,NA,NA,,,,
C206,CP,206,IT1,Cultivated,Co,,11,3,1,1,3,1,6,4,72,0,1,,,0,,0,1,,0,1,,,,,,,,,,,,NA,NA,NA,NA,NA,NA,NA,NA,NA,NA,NA,NA,NA,NA,NA,NA,NA,NA,NA,NA,NA,NA,NA,NA,NA,NA,NA,NA,NA,NA,NA,NA,NA,NA,NA,NA,,,,,NA,NA,NA,NA,,,,
C207,CP,207,IT1,Cultivated,Co,,11,4,1,1,4,2,2,2,78,0,1,,,0,,0,1,,0,1,,,,,,,,,,,"Plant was small, infested with Mb?",NA,NA,NA,NA,NA,NA,NA,NA,NA,NA,NA,NA,NA,NA,NA,NA,NA,NA,NA,NA,NA,NA,NA,NA,NA,NA,NA,NA,NA,NA,NA,NA,NA,NA,NA,NA,,,,,NA,NA,NA,NA,,,,
C208,CP,208,IT1,Cultivated,Co,,11,8,1,2,8,3,4,1,181,0,1,,,0,,0,1,,1,0,,,,,,,,,,,,NA,NA,NA,NA,NA,NA,NA,NA,NA,NA,NA,NA,NA,NA,NA,NA,NA,NA,4.6,0.47,0.12,0.35,0,0.03,0.05,0,0.04,0.18,0.17,0,0,NA,NA,NA,NA,,,,,,NA,NA,NA,NA,,,,
C209,CP,209,IT1,Cultivated,Co,,11,9,1,2,9,4,5,1,209,0,1,,,0,,0,1,,0,1,,,,,,,,,,,,NA,NA,NA,NA,NA,NA,NA,NA,NA,NA,NA,NA,NA,NA,NA,NA,NA,NA,NA,NA,NA,NA,NA,NA,NA,NA,NA,NA,NA,NA,NA,NA,NA,NA,NA,NA,,,,,NA,NA,NA,NA,,,,
C210,CP,210,IT1,Cultivated,Co,,11,10,1,2,10,4,4,3,231,0,1,,,0,,0,1,,0,1,,,,,,,,,,,,NA,NA,NA,NA,NA,NA,NA,NA,NA,NA,NA,NA,NA,NA,NA,NA,NA,NA,NA,NA,NA,NA,NA,NA,NA,NA,NA,NA,NA,NA,NA,NA,NA,NA,NA,NA,,,,,NA,NA,NA,NA,,,,
C211,CP,211,IT1,Cultivated,Co,,11,11,2,3,11,5,4,4,256,0,1,,,1,,0,0,,0,0,,,,,,,,,,,,6.8,0.01,0,0.01,0,0,0,0,0,0.01,0,0,0,NA,NA,NA,NA,,NA,NA,NA,NA,NA,NA,NA,NA,NA,NA,NA,NA,NA,NA,NA,NA,NA,NA,,,,,NA,NA,NA,NA,,,,
C212,CP,212,IT1,Cultivated,Co,,11,12,2,3,12,5,3,3,275,0,1,,,1,,0,0,,0,0,,,,,,,,,,,,8,0.53,0.52,0.01,0,0,0.52,0,0,0.01,0,0,0,NA,NA,NA,NA,,NA,NA,NA,NA,NA,NA,NA,NA,NA,NA,NA,NA,NA,NA,NA,NA,NA,NA,,,,,NA,NA,NA,NA,,,,
C213,CP,213,IT1,Cultivated,Co,,11,13,2,3,13,5,4,2,302,0,1,,,1,,0,0,,0,0,,,,,,,,,,,,10,0.47,0.47,0,0,0,0.47,0,0,0,0,0,0,NA,NA,NA,NA,,NA,NA,NA,NA,NA,NA,NA,NA,NA,NA,NA,NA,NA,NA,NA,NA,NA,NA,,,,,NA,NA,NA,NA,,,,
C214,CP,214,IT1,Cultivated,Co,,11,14,2,3,14,6,3,1,321,0,1,,,0,,1,0,,0,0,,,,,,,,,,,,NA,NA,NA,NA,NA,NA,NA,NA,NA,NA,NA,NA,NA,NA,NA,NA,NA,NA,NA,NA,NA,NA,NA,NA,NA,NA,NA,NA,NA,NA,NA,NA,NA,NA,NA,NA,,,,,NA,NA,NA,NA,,,,
C215,CP,215,IT1,Cultivated,Co,,11,15,2,3,15,6,3,2,346,0,1,,,0,,1,1,,0,0,,,,,,,,,,,,NA,NA,NA,NA,NA,NA,NA,NA,NA,NA,NA,NA,NA,NA,NA,NA,NA,NA,NA,NA,NA,NA,NA,NA,NA,NA,NA,NA,NA,NA,NA,NA,NA,NA,NA,NA,,,,,NA,NA,NA,NA,,,,
C216,CP,216,IT1,Cultivated,Co,,11,16,2,4,16,7,5,2,378,0,1,,,0,,0,1,,1,0,,,,,,,,,,,,NA,NA,NA,NA,NA,NA,NA,NA,NA,NA,NA,NA,NA,NA,NA,NA,NA,NA,13.1,1.21,0.1,1.04,0,0.02,0,0,0.08,0.15,0.6,0.29,0.07,NA,NA,NA,NA,,,,,,NA,NA,NA,NA,,,,
C217,CP,217,IT1,Cultivated,Co,,11,17,2,4,17,7,1,4,388,0,1,,,0,,0,1,,0,1,,,,,,,,,,,,NA,NA,NA,NA,NA,NA,NA,NA,NA,NA,NA,NA,NA,NA,NA,NA,NA,NA,NA,NA,NA,NA,NA,NA,NA,NA,NA,NA,NA,NA,NA,NA,NA,NA,NA,NA,,,,,NA,NA,NA,NA,,,,
C218,CP,218,IT1,Cultivated,Co,,11,18,2,4,18,7,1,3,411,0,1,,,0,,0,1,,1,0,,,,,,,,,,,,NA,NA,NA,NA,NA,NA,NA,NA,NA,NA,NA,NA,NA,NA,NA,NA,NA,NA,11.8,0.28,0.05,0.22,0,0.01,0.01,0,0.03,0.03,0.12,0.07,0.02,NA,NA,NA,NA,,,,,,NA,NA,NA,NA,,,,
C219,CP,219,IT1,Cultivated,Co,,11,19,2,4,19,8,2,4,440,0,1,,,0,,0,1,,1,0,,,,,,,,,,,,NA,NA,NA,NA,NA,NA,NA,NA,NA,NA,NA,NA,NA,NA,NA,NA,NA,NA,15,0.28,0.05,0.22,0,0.01,0.02,0,0.02,0.06,0.12,0.04,0,NA,NA,NA,NA,,,,,,NA,NA,NA,NA,,,,
C220,CP,220,IT1,Cultivated,Co,,11,20,2,4,20,8,2,3,463,0,1,,,0,,0,1,,1,0,,,,,,,,,,,,NA,NA,NA,NA,NA,NA,NA,NA,NA,NA,NA,NA,NA,NA,NA,NA,NA,NA,16.9,0.23,0.04,0.15,0,0.01,0,0,0.03,0.03,0.12,0,0.04,NA,NA,NA,NA,,,,,,NA,NA,NA,NA,,,,
C221,CP,221,IT1,Cultivated,Mb,,12,1,1,1,1,1,5,3,19,4,1,,,1,,0,0,,0,0,,,,,,,,,,,,6.2,1.62,1.61,0.01,0,0,1.61,0,0,0.01,0,0,0,NA,NA,NA,NA,,NA,NA,NA,NA,NA,NA,NA,NA,NA,NA,NA,NA,NA,NA,NA,NA,NA,NA,,,,,6.84225,,4,4,,,,
C222,CP,222,IT1,Cultivated,Mb,,12,2,1,1,2,1,5,4,44,4,1,,,1,,0,0,,0,0,,,,,,,,,,,,8.2,0.24,0.24,0.01,0,0,0.24,0,0,0.01,0,0,0,NA,NA,NA,NA,,NA,NA,NA,NA,NA,NA,NA,NA,NA,NA,NA,NA,NA,NA,NA,NA,NA,NA,,,,,6.41525,,4,4,,,,
C223,CP,223,IT1,Cultivated,Mb,,12,5,1,1,5,2,6,4,120,4,1,,,0,,1,0,,0,0,,,,,,,,,,,,NA,NA,NA,NA,NA,NA,NA,NA,NA,NA,NA,NA,NA,NA,NA,NA,NA,NA,NA,NA,NA,NA,NA,NA,NA,NA,NA,NA,NA,NA,NA,NA,NA,NA,NA,NA,,,,,5.4025,,4,4,,,,
C224,CP,224,IT1,Cultivated,Mb,,12,6,1,2,6,3,4,3,135,4,1,,,0,,0,0,,0,0,,,,,,,,,,,,NA,NA,NA,NA,NA,NA,NA,NA,NA,NA,NA,NA,NA,NA,NA,NA,NA,NA,NA,NA,NA,NA,NA,NA,NA,NA,NA,NA,NA,NA,NA,NA,NA,NA,NA,NA,,,,,7.8475,weird looking plant,4,2,,,,
C225,CP,225,IT1,Cultivated,Mb,,12,7,1,2,7,3,2,2,150,4,1,,,0,,1,1,,0,0,,,,,,,,,,,,NA,NA,NA,NA,NA,NA,NA,NA,NA,NA,NA,NA,NA,NA,NA,NA,NA,NA,NA,NA,NA,NA,NA,NA,NA,NA,NA,NA,NA,NA,NA,NA,NA,NA,NA,NA,,,,,4.896,,4,4,,,,
C226,CP,226,IT1,Cultivated,Mb,,12,3,1,1,3,1,3,1,57,4,1,,,0,,0,1,,0,1,,,,,,,,,,,,NA,NA,NA,NA,NA,NA,NA,NA,NA,NA,NA,NA,NA,NA,NA,NA,NA,NA,NA,NA,NA,NA,NA,NA,NA,NA,NA,NA,NA,NA,NA,NA,NA,NA,NA,NA,,,,,8.42,1 cat fell,4,4,,,,
C227,CP,227,IT1,Cultivated,Mb,,12,4,1,1,4,2,3,4,84,4,1,,,0,,0,1,,0,1,,,,,,,,,,,does not exist?,NA,NA,NA,NA,NA,NA,NA,NA,NA,NA,NA,NA,NA,NA,NA,NA,NA,NA,NA,NA,NA,NA,NA,NA,NA,NA,NA,NA,NA,NA,NA,NA,NA,NA,NA,NA,,,,,7.5495,,4,4,,,,
C228,CP,228,IT1,Cultivated,Mb,,12,8,1,2,8,3,4,4,184,4,1,,,0,,0,1,,0,1,,,,,,,,,,,,NA,NA,NA,NA,NA,NA,NA,NA,NA,NA,NA,NA,NA,NA,NA,NA,NA,NA,NA,NA,NA,NA,NA,NA,NA,NA,NA,NA,NA,NA,NA,NA,NA,NA,NA,NA,,,,,6.4745,,4,4,,,,
C229,CP,229,IT1,Cultivated,Mb,,12,9,1,2,9,4,1,3,195,4,1,,,0,,0,1,,0,1,,,,,,,,,,,,NA,NA,NA,NA,NA,NA,NA,NA,NA,NA,NA,NA,NA,NA,NA,NA,NA,NA,NA,NA,NA,NA,NA,NA,NA,NA,NA,NA,NA,NA,NA,NA,NA,NA,NA,NA,,,,,6.165,,4,4,,,,
C230,CP,230,IT1,Cultivated,Mb,,12,10,1,2,10,4,1,2,218,4,1,,,0,,0,1,,0,1,,,,,,,,,,,,NA,NA,NA,NA,NA,NA,NA,NA,NA,NA,NA,NA,NA,NA,NA,NA,NA,NA,NA,NA,NA,NA,NA,NA,NA,NA,NA,NA,NA,NA,NA,NA,NA,NA,NA,NA,,,,,5.476666667,,4,3,,,,
C231,CP,231,IT1,Cultivated,Mb,,12,11,2,3,11,5,2,4,248,4,1,,,1,,0,0,,0,0,,,,,,,,,,,,8.2,1.09,1.09,0.01,0,0,1.09,0,0,0.01,0,0,0,NA,NA,NA,NA,,NA,NA,NA,NA,NA,NA,NA,NA,NA,NA,NA,NA,NA,NA,NA,NA,NA,NA,,,,,5.881,,4,3,,,,
C232,CP,232,IT1,Cultivated,Mb,,12,12,2,3,12,5,2,3,271,4,1,,,1,,0,0,,0,0,,,,,,,,,,,,10.2,0.49,0.46,0.03,0,0,0.46,0,0,0.03,0,0,0,NA,NA,NA,NA,,NA,NA,NA,NA,NA,NA,NA,NA,NA,NA,NA,NA,NA,NA,NA,NA,NA,NA,,,,,5.90725,,4,4,,,,
C233,CP,233,IT1,Cultivated,Mb,,12,13,2,3,13,5,6,1,309,4,1,,,1,,0,0,,0,0,,,,,,,,,,,,9.8,0.59,0.59,0.01,0,0,0.59,0,0,0.01,0,0,0,NA,NA,NA,NA,,NA,NA,NA,NA,NA,NA,NA,NA,NA,NA,NA,NA,NA,NA,NA,NA,NA,NA,,,,,6.34325,,4,4,,,,
C234,CP,234,IT1,Cultivated,Mb,,12,14,2,3,14,6,5,2,330,4,1,,,0,,1,0,,0,0,,,,,,,,,,,,NA,NA,NA,NA,NA,NA,NA,NA,NA,NA,NA,NA,NA,NA,NA,NA,NA,NA,NA,NA,NA,NA,NA,NA,NA,NA,NA,NA,NA,NA,NA,NA,NA,NA,NA,NA,,,,,5.617333333,,4,3,,,,
C235,CP,235,IT1,Cultivated,Mb,,12,15,2,3,15,6,2,1,341,4,1,,,0,,1,1,,0,0,,,,,,,,,,,,NA,NA,NA,NA,NA,NA,NA,NA,NA,NA,NA,NA,NA,NA,NA,NA,NA,NA,NA,NA,NA,NA,NA,NA,NA,NA,NA,NA,NA,NA,NA,NA,NA,NA,NA,NA,,,,,6.072,,4,3,,,,
C236,CP,236,IT1,Cultivated,Mb,,12,16,2,4,16,7,1,1,361,4,1,,,0,,0,1,,1,0,,,,,,,,,,,,NA,NA,NA,NA,NA,NA,NA,NA,NA,NA,NA,NA,NA,NA,NA,NA,NA,NA,15.5,0.88,0.1,0.66,0,0.03,0.01,0,0.06,0.09,0.47,0.1,0.12,NA,NA,NA,NA,,,,,,6.272,,4,4,,,,
C237,CP,237,IT1,Cultivated,Mb,,12,17,2,4,17,7,4,1,397,4,1,,,0,,0,1,,1,0,,,,,,,,,,,,NA,NA,NA,NA,NA,NA,NA,NA,NA,NA,NA,NA,NA,NA,NA,NA,NA,NA,5.7,0.63,0.12,0.5,0,0.02,0,0,0.1,0.05,0.26,0.19,0.01,NA,NA,NA,NA,,,,,,5.5355,,4,4,,,,
C238,CP,238,IT1,Cultivated,Mb,,12,18,2,4,18,7,3,2,418,4,1,,,0,,0,1,,1,0,,,,,,,,,,,,NA,NA,NA,NA,NA,NA,NA,NA,NA,NA,NA,NA,NA,NA,NA,NA,NA,NA,6.4,0.59,0.1,0.49,0,0.02,0.02,0,0.06,0.13,0.28,0.08,0,NA,NA,NA,NA,,,,,,6.0305,,4,4,,,,
C239,CP,239,IT1,Cultivated,Mb,,12,19,2,4,19,8,6,3,455,4,1,,,0,,0,1,,1,0,,,,,,,,,,,this plant was originally E72 and replaced at rhizosphere collection,NA,NA,NA,NA,NA,NA,NA,NA,NA,NA,NA,NA,NA,NA,NA,NA,NA,NA,6.9,0.24,0.07,0.15,0,0.03,0,0,0.04,0.03,0.05,0.07,0.02,NA,NA,NA,NA,this plant was originally E72 and replaced at rhizosphere collection,,,,,NA,NA,4,0,,,,
C240,CP,240,IT1,Cultivated,Mb,,12,20,2,4,20,8,4,2,470,4,1,,,0,,0,1,,1,0,,,,,,,,,,,,NA,NA,NA,NA,NA,NA,NA,NA,NA,NA,NA,NA,NA,NA,NA,NA,NA,NA,7,0.75,0.14,0.58,0.02,0.02,0.04,0,0.06,0.28,0.19,0.11,0.03,NA,NA,NA,NA,,,,,,4.842,,4,4,,,,
C241,CP,241,KI,Wild,Co,,13,1,1,1,1,1,3,1,9,0,2,,,1,,0,0,,0,0,,,,,,,,,,,,8,0.77,0.16,0.61,0,0,0.16,0,0,0.61,0,0,0,NA,NA,NA,NA,,NA,NA,NA,NA,NA,NA,NA,NA,NA,NA,NA,NA,NA,NA,NA,NA,NA,NA,,,,,NA,NA,NA,NA,,,,
C242,CP,242,KI,Wild,Co,,13,2,1,1,2,1,6,4,48,0,2,,,1,,0,0,,0,0,,,,,,,,,,,,11.2,0.45,0.43,0.02,0,0,0.43,0,0,0.02,0,0,0,NA,NA,NA,NA,,NA,NA,NA,NA,NA,NA,NA,NA,NA,NA,NA,NA,NA,NA,NA,NA,NA,NA,,,,,NA,NA,NA,NA,,,,
C243,CP,243,KI,Wild,Co,,13,3,1,1,3,1,6,2,70,0,2,,,1,,0,0,,0,0,,,,,,,,,,,,12.2,0.45,0.42,0.03,0,0,0.42,0,0,0.03,0,0,0,NA,NA,NA,NA,,NA,NA,NA,NA,NA,NA,NA,NA,NA,NA,NA,NA,NA,NA,NA,NA,NA,NA,,,,,NA,NA,NA,NA,,,,
C244,CP,244,KI,Wild,Co,,13,4,1,1,4,2,5,3,91,0,2,,,0,,1,0,,0,0,,,,,,,,,,,,NA,NA,NA,NA,NA,NA,NA,NA,NA,NA,NA,NA,NA,NA,NA,NA,NA,NA,NA,NA,NA,NA,NA,NA,NA,NA,NA,NA,NA,NA,NA,NA,NA,NA,NA,NA,,,,,NA,NA,NA,NA,,,,
C245,CP,245,KI,Wild,Co,,13,5,1,1,5,2,3,4,108,0,2,,,0,,1,1,,0,0,,,,,,,,,,,,NA,NA,NA,NA,NA,NA,NA,NA,NA,NA,NA,NA,NA,NA,NA,NA,NA,NA,NA,NA,NA,NA,NA,NA,NA,NA,NA,NA,NA,NA,NA,NA,NA,NA,NA,NA,,,,,NA,NA,NA,NA,,,,
C246,CP,246,KI,Wild,Co,,13,6,1,2,6,3,2,4,128,0,2,,,0,,0,1,,0,1,,,,,,,,,,,Label of GSL root sample is hard to reed and may be another sample althoug this is the most likely one,NA,NA,NA,NA,NA,NA,NA,NA,NA,NA,NA,NA,NA,NA,NA,NA,NA,NA,NA,NA,NA,NA,NA,NA,NA,NA,NA,NA,NA,NA,NA,NA,NA,NA,NA,NA,,,,,NA,NA,NA,NA,,,,
C247,CP,247,KI,Wild,Co,,13,7,1,2,7,3,3,3,155,0,2,,,0,,0,1,,0,1,,,,,,,,,,,,NA,NA,NA,NA,NA,NA,NA,NA,NA,NA,NA,NA,NA,NA,NA,NA,NA,NA,NA,NA,NA,NA,NA,NA,NA,NA,NA,NA,NA,NA,NA,NA,NA,NA,NA,NA,,,,,NA,NA,NA,NA,,,,
C248,CP,248,KI,Wild,Co,,13,8,1,2,8,3,2,1,173,0,2,,,0,,0,1,,0,1,,,,,,,,,,,,NA,NA,NA,NA,NA,NA,NA,NA,NA,NA,NA,NA,NA,NA,NA,NA,NA,NA,NA,NA,NA,NA,NA,NA,NA,NA,NA,NA,NA,NA,NA,NA,NA,NA,NA,NA,,,,,NA,NA,NA,NA,,,,
C249,CP,249,KI,Wild,Co,,13,9,1,2,9,4,5,2,210,0,2,,,0,,0,1,,0,1,,,,,,,,,,,,NA,NA,NA,NA,NA,NA,NA,NA,NA,NA,NA,NA,NA,NA,NA,NA,NA,NA,NA,NA,NA,NA,NA,NA,NA,NA,NA,NA,NA,NA,NA,NA,NA,NA,NA,NA,,,,,NA,NA,NA,NA,,,,
C250,CP,250,KI,Wild,Co,,13,10,1,2,10,4,2,3,223,0,2,,,0,,0,1,,0,1,,,,,,,,,,,,NA,NA,NA,NA,NA,NA,NA,NA,NA,NA,NA,NA,NA,NA,NA,NA,NA,NA,NA,NA,NA,NA,NA,NA,NA,NA,NA,NA,NA,NA,NA,NA,NA,NA,NA,NA,,,,,NA,NA,NA,NA,,,,
C251,CP,251,KI,Wild,Co,,13,11,2,3,11,5,1,2,242,0,2,,,1,,0,0,,0,0,,,,,,,,,,,,13,0.77,0.75,0.01,0,0,0.75,0,0,0.01,0,0,0,NA,NA,NA,NA,,NA,NA,NA,NA,NA,NA,NA,NA,NA,NA,NA,NA,NA,NA,NA,NA,NA,NA,,,,,NA,NA,NA,NA,,,,
C252,CP,252,KI,Wild,Co,,13,12,2,3,12,5,4,2,278,0,2,,,1,,0,0,,0,0,,,,,,,,,,,,8.8,1.12,1.11,0.01,0,0,1.11,0,0,0.01,0,0,0,NA,NA,NA,NA,,NA,NA,NA,NA,NA,NA,NA,NA,NA,NA,NA,NA,NA,NA,NA,NA,NA,NA,,,,,NA,NA,NA,NA,,,,
C253,CP,253,KI,Wild,Co,,13,13,2,3,13,5,1,4,292,0,2,,,0,,1,0,,0,0,,,,,,,,,,,,NA,NA,NA,NA,NA,NA,NA,NA,NA,NA,NA,NA,NA,NA,NA,NA,NA,NA,NA,NA,NA,NA,NA,NA,NA,NA,NA,NA,NA,NA,NA,NA,NA,NA,NA,NA,,,,,NA,NA,NA,NA,,,,
C254,CP,254,KI,Wild,Co,,13,14,2,3,14,6,5,1,329,0,2,,,0,,1,0,,0,0,,,,,,,,,,,,NA,NA,NA,NA,NA,NA,NA,NA,NA,NA,NA,NA,NA,NA,NA,NA,NA,NA,NA,NA,NA,NA,NA,NA,NA,NA,NA,NA,NA,NA,NA,NA,NA,NA,NA,NA,,,,,NA,NA,NA,NA,,,,
C255,CP,255,KI,Wild,Co,,13,15,2,3,15,6,1,1,337,0,2,,,0,,1,1,,1,0,,,,,,,,,,,,NA,NA,NA,NA,NA,NA,NA,NA,NA,NA,NA,NA,NA,NA,NA,NA,NA,NA,7.6,0.86,0.27,0.51,0.08,0,0.14,0,0.05,0.06,0.35,0.1,0.08,NA,NA,NA,NA,,,,,,NA,NA,NA,NA,,,,
C256,CP,256,KI,Wild,Co,,13,16,2,4,16,7,3,2,370,0,2,,,0,,0,1,,1,0,,,,,,,,,,,,NA,NA,NA,NA,NA,NA,NA,NA,NA,NA,NA,NA,NA,NA,NA,NA,NA,NA,5.9,0.53,0.26,0.22,0.14,0,0.09,0,0.03,0.06,0.16,0,0.05,NA,NA,NA,NA,,,,,,NA,NA,NA,NA,,,,
C257,CP,257,KI,Wild,Co,,13,17,2,4,17,7,6,1,405,0,2,,,0,,0,1,,1,0,,,,,,,,,,,This plant was originally E76 and replaced at rhizosphere collection,NA,NA,NA,NA,NA,NA,NA,NA,NA,NA,NA,NA,NA,NA,NA,NA,NA,NA,5.5,0.88,0.04,0.65,0,0,0,0,0.04,0.62,0.03,0,0.19,NA,NA,NA,NA,This plant was originally E76 and replaced at rhizosphere collection,,,,,NA,NA,NA,NA,,,,
C258,CP,258,KI,Wild,Co,,13,18,2,4,18,7,6,3,431,0,2,,,0,,0,1,,1,0,,,,,,,,,,,,NA,NA,NA,NA,NA,NA,NA,NA,NA,NA,NA,NA,NA,NA,NA,NA,NA,NA,12,1.83,0.71,0.61,0.06,0.05,0.27,0,0.33,0.04,0.33,0.24,0.51,NA,NA,NA,NA,,,,,,NA,NA,NA,NA,,,,
C259,CP,259,KI,Wild,Co,,13,19,2,4,19,8,4,3,447,0,2,,,0,,0,1,,1,0,,,,,,,,,,,,NA,NA,NA,NA,NA,NA,NA,NA,NA,NA,NA,NA,NA,NA,NA,NA,NA,NA,5.1,0.71,0.27,0.37,0.12,0,0.07,0,0.08,0.09,0.18,0.1,0.07,NA,NA,NA,NA,,,,,,NA,NA,NA,NA,,,,
C260,CP,260,KI,Wild,Co,,13,20,2,4,20,8,4,1,469,0,2,,,0,,0,1,,0,0,,,,,,,,,,,,NA,NA,NA,NA,NA,NA,NA,NA,NA,NA,NA,NA,NA,NA,NA,NA,NA,NA,NA,NA,NA,NA,NA,NA,NA,NA,NA,NA,NA,NA,NA,NA,NA,NA,NA,NA,,,,,NA,NA,NA,NA,,,,
C261,CP,261,KI,Wild,Mb,,14,1,1,1,1,1,3,4,12,4,2,,,1,,0,0,,0,0,,,,,,,,,,,,10.1,6.67,1.94,4.73,0,0,1.94,0,0,4.73,0,0,0,NA,NA,NA,NA,,NA,NA,NA,NA,NA,NA,NA,NA,NA,NA,NA,NA,NA,NA,NA,NA,NA,NA,,,,,2.786666667,,4,3,,,,
C262,CP,262,KI,Wild,Mb,,14,2,1,1,2,1,2,1,29,4,2,,,1,,0,0,,0,0,,,,,,,,,,,,11.2,29.57,0.82,28.75,0,0,0.82,0,0,12.43,0,16.32,0,NA,NA,NA,NA,,NA,NA,NA,NA,NA,NA,NA,NA,NA,NA,NA,NA,NA,NA,NA,NA,NA,NA,,,,,1.0765,,4,4,,,,
C263,CP,263,KI,Wild,Mb,,14,3,1,1,3,1,5,3,67,4,2,,,1,,0,0,,0,0,,,,,,,,,,,"GSL leaf sample exists twice, one blue lable and one black. The black is labeled later so may be the exual one. In the blue one may be something else, 163 is missing so it may be that one although the notes in this file say that the platn is mssing.",9.6,1.54,1.41,0.12,0,0,1.41,0,0,0.04,0,0.08,0,NA,NA,NA,NA,"GSL leaf sample exists twice, one blue lable and one black. The black is labeled later so may be the exual one. In the blue one may be something else, 163 is missing so it may be that one although the notes in this file say that the platn is mssing.",NA,NA,NA,NA,NA,NA,NA,NA,NA,NA,NA,NA,NA,NA,NA,NA,NA,NA,,,,,1.6385,,4,4,,,,
C264,CP,264,KI,Wild,Mb,,14,4,1,1,4,2,2,4,80,4,2,,,0,,1,0,,0,0,,,,,,,,,,,,NA,NA,NA,NA,NA,NA,NA,NA,NA,NA,NA,NA,NA,NA,NA,NA,NA,NA,NA,NA,NA,NA,NA,NA,NA,NA,NA,NA,NA,NA,NA,NA,NA,NA,NA,NA,,,,,2.98,,4,2,,,,
C265,CP,265,KI,Wild,Mb,,14,5,1,1,5,2,6,1,117,4,2,,,0,,1,1,,0,0,,,,,,,,,,,,NA,NA,NA,NA,NA,NA,NA,NA,NA,NA,NA,NA,NA,NA,NA,NA,NA,NA,NA,NA,NA,NA,NA,NA,NA,NA,NA,NA,NA,NA,NA,NA,NA,NA,NA,NA,,,,,0.9915,,4,4,,,,
C266,CP,266,KI,Wild,Mb,,14,6,1,2,6,3,6,2,142,4,2,,,0,,0,1,,0,1,,,,,,,,,,,,NA,NA,NA,NA,NA,NA,NA,NA,NA,NA,NA,NA,NA,NA,NA,NA,NA,NA,NA,NA,NA,NA,NA,NA,NA,NA,NA,NA,NA,NA,NA,NA,NA,NA,NA,NA,,,,,0.981333333,,4,3,,,,
C267,CP,267,KI,Wild,Mb,,14,7,1,2,7,3,2,3,151,4,2,,,0,,0,1,,0,1,,,,,,,,,,,,NA,NA,NA,NA,NA,NA,NA,NA,NA,NA,NA,NA,NA,NA,NA,NA,NA,NA,NA,NA,NA,NA,NA,NA,NA,NA,NA,NA,NA,NA,NA,NA,NA,NA,NA,NA,,,,,4.155,,4,3,,,,
C268,CP,268,KI,Wild,Mb,,14,8,1,2,8,3,3,2,178,4,2,,,0,,0,1,,0,1,,,,,,,,,,,,NA,NA,NA,NA,NA,NA,NA,NA,NA,NA,NA,NA,NA,NA,NA,NA,NA,NA,NA,NA,NA,NA,NA,NA,NA,NA,NA,NA,NA,NA,NA,NA,NA,NA,NA,NA,,,,,1.0224,infested with one cat too much,5,5,,,,
C269,CP,269,KI,Wild,Mb,,14,9,1,2,9,4,3,1,201,4,2,,,0,,0,1,,1,0,,,,,,,,,,,,NA,NA,NA,NA,NA,NA,NA,NA,NA,NA,NA,NA,NA,NA,NA,NA,NA,NA,5.7,0.95,0.12,0.68,0,0,0.05,0,0.07,0.12,0.22,0.34,0.14,NA,NA,NA,NA,,,,,,0.889,infested by Ar as well,4,3,,,,
C270,CP,270,KI,Wild,Mb,,14,10,1,2,10,4,3,3,227,4,2,,,0,,0,1,,0,1,,,,,,,,,,,,NA,NA,NA,NA,NA,NA,NA,NA,NA,NA,NA,NA,NA,NA,NA,NA,NA,NA,NA,NA,NA,NA,NA,NA,NA,NA,NA,NA,NA,NA,NA,NA,NA,NA,NA,NA,,,,,1.28875,,4,4,,,,
C271,CP,271,KI,Wild,Mb,,14,11,2,3,11,5,1,3,243,4,2,,,1,,0,0,,0,0,,,,,,,,,,,,12.1,0.02,0,0.02,0,0,0,0,0,0.02,0,0,0,NA,NA,NA,NA,,NA,NA,NA,NA,NA,NA,NA,NA,NA,NA,NA,NA,NA,NA,NA,NA,NA,NA,,,,,1.938,,4,2,,,,
C272,CP,272,KI,Wild,Mb,,14,12,2,3,12,5,1,1,265,4,2,,,1,,0,0,,0,0,,,,,,,,,,,,14.4,10.19,0.39,9.8,0.06,0,0.33,0,0,9.31,0,0.49,0,NA,NA,NA,NA,,NA,NA,NA,NA,NA,NA,NA,NA,NA,NA,NA,NA,NA,NA,NA,NA,NA,NA,,,,,2.331,,4,3,,,,
C273,CP,273,KI,Wild,Mb,,14,13,2,3,13,5,4,4,304,4,2,,,0,,1,0,,0,0,,,,,,,,,,,,NA,NA,NA,NA,NA,NA,NA,NA,NA,NA,NA,NA,NA,NA,NA,NA,NA,NA,NA,NA,NA,NA,NA,NA,NA,NA,NA,NA,NA,NA,NA,NA,NA,NA,NA,NA,,,,,1.14425,,4,4,,,,
C274,CP,274,KI,Wild,Mb,,14,14,2,3,14,6,4,3,327,4,2,,,0,,1,0,,0,0,,,,,,,,,,,,NA,NA,NA,NA,NA,NA,NA,NA,NA,NA,NA,NA,NA,NA,NA,NA,NA,NA,NA,NA,NA,NA,NA,NA,NA,NA,NA,NA,NA,NA,NA,NA,NA,NA,NA,NA,,,,,1.09875,,4,4,,,,
C275,CP,275,KI,Wild,Mb,,14,15,2,3,15,6,5,4,356,4,2,,,0,,1,1,,0,0,,,,,,,,,,,,NA,NA,NA,NA,NA,NA,NA,NA,NA,NA,NA,NA,NA,NA,NA,NA,NA,NA,NA,NA,NA,NA,NA,NA,NA,NA,NA,NA,NA,NA,NA,NA,NA,NA,NA,NA,,,,,1.229666667,,4,3,,,,
C276,CP,276,KI,Wild,Mb,,14,16,2,4,16,7,1,2,362,4,2,,,0,,0,1,,1,0,,,,,,,,,,,,NA,NA,NA,NA,NA,NA,NA,NA,NA,NA,NA,NA,NA,NA,NA,NA,NA,NA,19.1,1.16,0.48,0.56,0.25,0.01,0.16,0.01,0.05,0.06,0.44,0.06,0.12,NA,NA,NA,NA,,,,,,3.1645,,4,4,,,,
C277,CP,277,KI,Wild,Mb,,14,17,2,4,17,7,6,3,407,4,2,,,0,,0,1,,1,0,,,,,,,,,,,,NA,NA,NA,NA,NA,NA,NA,NA,NA,NA,NA,NA,NA,NA,NA,NA,NA,NA,19.1,0.25,0.03,0.19,0.01,0,0.01,0,0.01,0.06,0.05,0.08,0.03,NA,NA,NA,NA,,,,,,0.657,,4,3,,,,
C278,CP,278,KI,Wild,Mb,,14,18,2,4,18,7,4,2,422,4,2,,,0,,0,1,,1,0,,,,,,,,,,,,NA,NA,NA,NA,NA,NA,NA,NA,NA,NA,NA,NA,NA,NA,NA,NA,NA,NA,11.1,1.22,0.61,0.56,0.19,0.01,0.37,0,0.04,0.05,0.51,0,0.05,NA,NA,NA,NA,,,,,,1.893666667,,4,3,,,,
C279,CP,279,KI,Wild,Mb,,14,19,2,4,19,8,5,1,449,4,2,,,0,,0,1,,1,0,,,,,,,,,,,,NA,NA,NA,NA,NA,NA,NA,NA,NA,NA,NA,NA,NA,NA,NA,NA,NA,NA,8.5,0.54,0.11,0.38,0.04,0,0.02,0,0.05,0.06,0.21,0.11,0.05,NA,NA,NA,NA,,,,,,1.801,,4,3,,,,
C280,CP,280,KI,Wild,Mb,,14,20,2,4,20,8,6,4,480,4,2,,,0,,0,0,,0,0,,,,,,,,,,,Roots were rotten so no rhizosphere samples were taken. The AG platn looked fine.,NA,NA,NA,NA,NA,NA,NA,NA,NA,NA,NA,NA,NA,NA,NA,NA,NA,NA,NA,NA,NA,NA,NA,NA,NA,NA,NA,NA,NA,NA,NA,NA,NA,NA,NA,NA,,,,,0.968666667,,4,3,,,,
C281,CP,281,KT,Cultivated,Co,,15,1,1,1,1,1,6,2,22,0,1,,,1,,0,0,,0,0,,,,,,,,,,,,7.4,0.87,0.69,0.18,0,0,0.69,0,0,0.18,0,0,0,NA,NA,NA,NA,,NA,NA,NA,NA,NA,NA,NA,NA,NA,NA,NA,NA,NA,NA,NA,NA,NA,NA,,,,,NA,NA,NA,NA,,,,
C282,CP,282,KT,Cultivated,Co,,15,2,1,1,2,1,2,3,31,0,1,,,1,,0,0,,0,0,,,,,,,,,,,"Plant was small, infested with Mb?",4.3,2.58,2.56,0.02,0,0,2.56,0,0,0.02,0,0,0,NA,NA,NA,NA,"Plant was small, infested with Mb?",NA,NA,NA,NA,NA,NA,NA,NA,NA,NA,NA,NA,NA,NA,NA,NA,NA,NA,,,,,NA,NA,NA,NA,,,,
C283,CP,283,KT,Cultivated,Co,,15,3,1,1,3,1,5,1,65,0,1,,,0,,0,0,,0,0,,,,,,,,,,,does not exist,NA,NA,NA,NA,NA,NA,NA,NA,NA,NA,NA,NA,NA,NA,NA,NA,NA,NA,NA,NA,NA,NA,NA,NA,NA,NA,NA,NA,NA,NA,NA,NA,NA,NA,NA,NA,,,,,NA,NA,NA,NA,,,,
C284,CP,284,KT,Cultivated,Co,,15,4,1,1,4,2,3,1,81,0,1,,,1,,0,0,,0,0,,,,,,,,,,,,7.9,1.01,0.99,0.01,0,0,0.99,0,0,0.01,0,0,0,NA,NA,NA,NA,,NA,NA,NA,NA,NA,NA,NA,NA,NA,NA,NA,NA,NA,NA,NA,NA,NA,NA,,,,,NA,NA,NA,NA,,,,
C285,CP,285,KT,Cultivated,Co,,15,5,1,1,5,2,4,4,112,0,1,,,0,,1,1,,0,0,,,,,,,,,,,,NA,NA,NA,NA,NA,NA,NA,NA,NA,NA,NA,NA,NA,NA,NA,NA,NA,NA,NA,NA,NA,NA,NA,NA,NA,NA,NA,NA,NA,NA,NA,NA,NA,NA,NA,NA,,,,,NA,NA,NA,NA,,,,
C286,CP,286,KT,Cultivated,Co,,15,6,1,2,6,3,6,4,144,0,1,,,0,,1,1,,1,0,,,,,,,,,,,"Plant was small, infested with Mb?",NA,NA,NA,NA,NA,NA,NA,NA,NA,NA,NA,NA,NA,NA,NA,NA,NA,NA,9.7,0.14,0.04,0.1,0.02,0,0.02,0,0,0.09,0.01,0,0,NA,NA,NA,NA,"Plant was small, infested with Mb?",,,,,NA,NA,NA,NA,,,,
C287,CP,287,KT,Cultivated,Co,,15,7,1,2,7,3,3,2,154,0,1,,,0,,0,1,,1,0,,,,,,,,,,,,NA,NA,NA,NA,NA,NA,NA,NA,NA,NA,NA,NA,NA,NA,NA,NA,NA,NA,5.4,0.88,0.21,0.5,0.02,0.05,0.11,0,0.03,0.09,0.13,0.28,0.18,NA,NA,NA,NA,,,,,,NA,NA,NA,NA,,,,
C288,CP,288,KT,Cultivated,Co,,15,8,1,2,8,3,5,4,188,0,1,,,0,,0,1,,1,0,,,,,,,,,,,,NA,NA,NA,NA,NA,NA,NA,NA,NA,NA,NA,NA,NA,NA,NA,NA,NA,NA,9.2,1.35,0.17,1.05,0.01,0,0.16,0,0,0.18,0.25,0.62,0.13,NA,NA,NA,NA,,,,,,NA,NA,NA,NA,,,,
C289,CP,289,KT,Cultivated,Co,,15,9,1,2,9,4,1,2,194,0,1,,,0,,0,1,,1,0,,,,,,,,,,,,NA,NA,NA,NA,NA,NA,NA,NA,NA,NA,NA,NA,NA,NA,NA,NA,NA,NA,5,0.19,0.09,0.11,0,0.03,0.06,0,0,0.04,0.02,0.05,0,NA,NA,NA,NA,,,,,,NA,NA,NA,NA,,,,
C290,CP,290,KT,Cultivated,Co,,15,10,1,2,10,4,6,3,239,0,1,,,0,,0,1,,1,0,,,,,,,,,,,,NA,NA,NA,NA,NA,NA,NA,NA,NA,NA,NA,NA,NA,NA,NA,NA,NA,NA,7.4,7.07,0.42,6.65,0,0,0.42,0,0,1.7,2.02,2.93,0,NA,NA,NA,NA,,,,,,NA,NA,NA,NA,,,,
C291,CP,291,KT,Cultivated,Co,,15,11,2,3,11,5,4,1,253,0,1,,,1,,0,0,,0,0,,,,,,,,,,,Some trips damage observed,9.5,1.81,1.73,0.08,0,0,1.73,0,0,0.08,0,0,0,NA,NA,NA,NA,Some trips damage observed,NA,NA,NA,NA,NA,NA,NA,NA,NA,NA,NA,NA,NA,NA,NA,NA,NA,NA,,,,,NA,NA,NA,NA,,,,
C292,CP,292,KT,Cultivated,Co,,15,12,2,3,12,5,2,2,270,0,1,,,1,,0,0,,0,0,,,,,,,,,,,,9.7,0.9,0.88,0.02,0,0,0.88,0,0,0.02,0,0,0,NA,NA,NA,NA,,NA,NA,NA,NA,NA,NA,NA,NA,NA,NA,NA,NA,NA,NA,NA,NA,NA,NA,,,,,NA,NA,NA,NA,,,,
C293,CP,293,KT,Cultivated,Co,,15,13,2,3,13,5,1,3,291,0,1,,,0,,0,0,,0,0,,,,,,,,,,,,NA,NA,NA,NA,NA,NA,NA,NA,NA,NA,NA,NA,NA,NA,NA,NA,NA,NA,NA,NA,NA,NA,NA,NA,NA,NA,NA,NA,NA,NA,NA,NA,NA,NA,NA,NA,,,,,NA,NA,NA,NA,,,,
C294,CP,294,KT,Cultivated,Co,,15,14,2,3,14,6,2,1,317,0,1,,,0,,1,0,,0,0,,,,,,,,,,,,NA,NA,NA,NA,NA,NA,NA,NA,NA,NA,NA,NA,NA,NA,NA,NA,NA,NA,NA,NA,NA,NA,NA,NA,NA,NA,NA,NA,NA,NA,NA,NA,NA,NA,NA,NA,,,,,NA,NA,NA,NA,,,,
C295,CP,295,KT,Cultivated,Co,,15,15,2,3,15,6,1,4,340,0,1,,,0,,1,1,,0,0,,,,,,,,,,,One leaf broken,NA,NA,NA,NA,NA,NA,NA,NA,NA,NA,NA,NA,NA,NA,NA,NA,NA,NA,NA,NA,NA,NA,NA,NA,NA,NA,NA,NA,NA,NA,NA,NA,NA,NA,NA,NA,,,,,NA,NA,NA,NA,,,,
C296,CP,296,KT,Cultivated,Co,,15,16,2,4,16,7,4,2,374,0,1,,,0,,0,1,,0,1,,,,,,,,,,,,NA,NA,NA,NA,NA,NA,NA,NA,NA,NA,NA,NA,NA,NA,NA,NA,NA,NA,NA,NA,NA,NA,NA,NA,NA,NA,NA,NA,NA,NA,NA,NA,NA,NA,NA,NA,,,,,NA,NA,NA,NA,,,,
C297,CP,297,KT,Cultivated,Co,,15,17,2,4,17,7,5,3,403,0,1,,,0,,0,1,,0,1,,,,,,,,,,,,NA,NA,NA,NA,NA,NA,NA,NA,NA,NA,NA,NA,NA,NA,NA,NA,NA,NA,NA,NA,NA,NA,NA,NA,NA,NA,NA,NA,NA,NA,NA,NA,NA,NA,NA,NA,,,,,NA,NA,NA,NA,,,,
C298,CP,298,KT,Cultivated,Co,,15,18,2,4,18,7,2,4,416,0,1,,,0,,0,1,,0,1,,,,,,,,,,,,NA,NA,NA,NA,NA,NA,NA,NA,NA,NA,NA,NA,NA,NA,NA,NA,NA,NA,NA,NA,NA,NA,NA,NA,NA,NA,NA,NA,NA,NA,NA,NA,NA,NA,NA,NA,,,,,NA,NA,NA,NA,,,,
C299,CP,299,KT,Cultivated,Co,,15,19,2,4,19,8,1,1,433,0,1,,,0,,1,1,,0,1,,,,,,,,,,,,NA,NA,NA,NA,NA,NA,NA,NA,NA,NA,NA,NA,NA,NA,NA,NA,NA,NA,NA,NA,NA,NA,NA,NA,NA,NA,NA,NA,NA,NA,NA,NA,NA,NA,NA,NA,,,,,NA,NA,NA,NA,,,,
C300,CP,300,KT,Cultivated,Co,,15,20,2,4,20,8,3,3,467,0,1,,,0,,0,1,,0,0,,,,,,,,,,,does not exist?,NA,NA,NA,NA,NA,NA,NA,NA,NA,NA,NA,NA,NA,NA,NA,NA,NA,NA,NA,NA,NA,NA,NA,NA,NA,NA,NA,NA,NA,NA,NA,NA,NA,NA,NA,NA,,,,,NA,NA,NA,NA,,,,
C301,CP,301,KT,Cultivated,Mb,,16,1,1,1,1,1,6,4,24,5,1,,,1,,0,0,,0,0,,,,,,,,,,,,5.1,2.69,2.67,0.02,0,0,2.67,0,0,0.02,0,0,0,NA,NA,NA,NA,,NA,NA,NA,NA,NA,NA,NA,NA,NA,NA,NA,NA,NA,NA,NA,NA,NA,NA,,,,,4.5848,,5,5,,,,
C302,CP,302,KT,Cultivated,Mb,,16,2,1,1,2,1,4,2,38,5,1,,,1,,0,0,,0,0,,,,,,,,,,,,11.5,7.8,1.98,5.82,0,0,1.98,0,0,0.55,0,5.27,0,NA,NA,NA,NA,,NA,NA,NA,NA,NA,NA,NA,NA,NA,NA,NA,NA,NA,NA,NA,NA,NA,NA,,,,,5.7576,,5,5,,,,
C303,CP,303,KT,Cultivated,Mb,,16,3,1,1,3,1,5,2,66,5,1,,,1,,0,0,,0,0,,,,,,,,,,,,7.6,3.58,0.11,3.46,0,0,0.11,0,0,0.56,0,2.9,0,NA,NA,NA,NA,,NA,NA,NA,NA,NA,NA,NA,NA,NA,NA,NA,NA,NA,NA,NA,NA,NA,NA,,,,,5.6932,,5,5,,,,
C304,CP,304,KT,Cultivated,Mb,,16,4,1,1,4,2,3,3,83,5,1,,,0,,1,0,,0,0,,,,,,,,,,,,NA,NA,NA,NA,NA,NA,NA,NA,NA,NA,NA,NA,NA,NA,NA,NA,NA,NA,NA,NA,NA,NA,NA,NA,NA,NA,NA,NA,NA,NA,NA,NA,NA,NA,NA,NA,,,,,5.6838,,5,5,,,,
C305,CP,305,KT,Cultivated,Mb,,16,5,1,1,5,2,5,1,113,5,1,,,0,,1,1,,0,0,,,,,,,,,,,,NA,NA,NA,NA,NA,NA,NA,NA,NA,NA,NA,NA,NA,NA,NA,NA,NA,NA,NA,NA,NA,NA,NA,NA,NA,NA,NA,NA,NA,NA,NA,NA,NA,NA,NA,NA,,,,,5.3952,,5,5,,,,
C306,CP,306,KT,Cultivated,Mb,,16,6,1,2,6,3,1,4,124,5,1,,,0,,0,1,,1,0,,,,,,,,,,,,NA,NA,NA,NA,NA,NA,NA,NA,NA,NA,NA,NA,NA,NA,NA,NA,NA,NA,12.6,0.54,0.09,0.45,0,0,0.09,0,0,0.11,0.16,0.18,0,NA,NA,NA,NA,,,,,,5.7862,,5,5,,,,
C307,CP,307,KT,Cultivated,Mb,,16,7,1,2,7,3,1,2,146,5,1,,,0,,0,1,,0,1,,,,,,,,,,,"Plant was small, infested with Mb?",NA,NA,NA,NA,NA,NA,NA,NA,NA,NA,NA,NA,NA,NA,NA,NA,NA,NA,NA,NA,NA,NA,NA,NA,NA,NA,NA,NA,NA,NA,NA,NA,NA,NA,NA,NA,,,,,7.068,small pant,5,1,,,,
C308,CP,308,KT,Cultivated,Mb,,16,8,1,2,8,3,3,1,177,5,1,,,0,,0,1,,1,0,,,,,,,,,,,,NA,NA,NA,NA,NA,NA,NA,NA,NA,NA,NA,NA,NA,NA,NA,NA,NA,NA,8.9,0.58,0.23,0.3,0.13,0,0.1,0,0,0.06,0.06,0.18,0.05,NA,NA,NA,NA,,,,,,5.479,,5,3,,,,
C309,CP,309,KT,Cultivated,Mb,,16,9,1,2,9,4,4,4,208,5,1,,,0,,0,1,,1,0,,,,,,,,,,,,NA,NA,NA,NA,NA,NA,NA,NA,NA,NA,NA,NA,NA,NA,NA,NA,NA,NA,22.5,0.16,0.05,0.11,0,0,0.05,0,0,0,0.04,0.07,0,NA,NA,NA,NA,,,,,,4.98725,,5,4,,,,
C310,CP,310,KT,Cultivated,Mb,,16,10,1,2,10,4,5,3,235,5,1,,,0,,0,1,,1,0,,,,,,,,,,,,NA,NA,NA,NA,NA,NA,NA,NA,NA,NA,NA,NA,NA,NA,NA,NA,NA,NA,14.8,0.69,0.21,0.44,0.03,0,0.18,0,0,0,0.11,0.33,0.04,NA,NA,NA,NA,,,,,,5.025,,5,5,,,,
C311,CP,311,KT,Cultivated,Mb,,16,11,2,3,11,5,6,3,263,5,1,,,1,,0,0,,0,0,,,,,,,,,,,,8.5,0.71,0.37,0.35,0,0,0.37,0,0,0.03,0,0.32,0,NA,NA,NA,NA,,NA,NA,NA,NA,NA,NA,NA,NA,NA,NA,NA,NA,NA,NA,NA,NA,NA,NA,,,,,6.15175,,5,4,,,,
C312,CP,312,KT,Cultivated,Mb,,16,12,2,3,12,5,4,1,277,5,1,,,1,,0,0,,0,0,,,,,,,,,,,,9.3,1.88,1.39,0.49,0,0,1.39,0,0,0.1,0,0.39,0,NA,NA,NA,NA,,NA,NA,NA,NA,NA,NA,NA,NA,NA,NA,NA,NA,NA,NA,NA,NA,NA,NA,,,,,5.4258,,5,5,,,,
C313,CP,313,KT,Cultivated,Mb,,16,13,2,3,13,5,2,1,293,5,1,,,0,,1,0,,0,0,,,,,,,,,,,,NA,NA,NA,NA,NA,NA,NA,NA,NA,NA,NA,NA,NA,NA,NA,NA,NA,NA,NA,NA,NA,NA,NA,NA,NA,NA,NA,NA,NA,NA,NA,NA,NA,NA,NA,NA,,,,,6.1995,,5,2,,,,
C314,CP,314,KT,Cultivated,Mb,,16,14,2,3,14,6,5,4,332,5,1,,,0,,1,0,,0,0,,,,,,,,,,,,NA,NA,NA,NA,NA,NA,NA,NA,NA,NA,NA,NA,NA,NA,NA,NA,NA,NA,NA,NA,NA,NA,NA,NA,NA,NA,NA,NA,NA,NA,NA,NA,NA,NA,NA,NA,,,,,3.9096,,5,5,,,,
C315,CP,315,KT,Cultivated,Mb,,16,15,2,3,15,6,4,3,351,5,1,,,0,,1,1,,0,0,,,,,,,,,,,,NA,NA,NA,NA,NA,NA,NA,NA,NA,NA,NA,NA,NA,NA,NA,NA,NA,NA,NA,NA,NA,NA,NA,NA,NA,NA,NA,NA,NA,NA,NA,NA,NA,NA,NA,NA,,,,,4.4804,,5,5,,,,
C316,CP,316,KT,Cultivated,Mb,,16,16,2,4,16,7,2,4,368,5,1,,,0,,0,1,,0,1,,,,,,,,,,,,NA,NA,NA,NA,NA,NA,NA,NA,NA,NA,NA,NA,NA,NA,NA,NA,NA,NA,NA,NA,NA,NA,NA,NA,NA,NA,NA,NA,NA,NA,NA,NA,NA,NA,NA,NA,,,,,5.89775,,5,4,,,,
C317,CP,317,KT,Cultivated,Mb,,16,17,2,4,17,7,3,2,394,5,1,,,0,,0,1,,0,1,,,,,,,,,,,,NA,NA,NA,NA,NA,NA,NA,NA,NA,NA,NA,NA,NA,NA,NA,NA,NA,NA,NA,NA,NA,NA,NA,NA,NA,NA,NA,NA,NA,NA,NA,NA,NA,NA,NA,NA,,,,,4.95025,,5,4,,,,
C318,CP,318,KT,Cultivated,Mb,,16,18,2,4,18,7,6,1,429,5,1,,,0,,0,1,,1,0,,,,,,,,,,,,NA,NA,NA,NA,NA,NA,NA,NA,NA,NA,NA,NA,NA,NA,NA,NA,NA,NA,6.6,0.46,0.1,0.36,0,0,0.1,0,0,0.07,0.11,0.18,0,NA,NA,NA,NA,,,,,,4.2655,,6,6,,,,
C319,CP,319,KT,Cultivated,Mb,,16,19,2,4,19,8,1,3,435,5,1,,,0,,0,1,,0,1,,,,,,,,,,,,NA,NA,NA,NA,NA,NA,NA,NA,NA,NA,NA,NA,NA,NA,NA,NA,NA,NA,NA,NA,NA,NA,NA,NA,NA,NA,NA,NA,NA,NA,NA,NA,NA,NA,NA,NA,,,,,4.94575,,5,4,,,,
C320,CP,320,KT,Cultivated,Mb,,16,20,2,4,20,8,2,2,462,5,1,,,0,,0,1,,0,1,,,,,,,,,,,,NA,NA,NA,NA,NA,NA,NA,NA,NA,NA,NA,NA,NA,NA,NA,NA,NA,NA,NA,NA,NA,NA,NA,NA,NA,NA,NA,NA,NA,NA,NA,NA,NA,NA,NA,NA,,,,,5.556,,5,5,,,,
C321,CP,321,OH,Wild,Co,,17,1,1,1,1,1,6,3,23,0,2,,,1,,0,0,,0,0,,,,,,,,,,,"Plant was small, infested with Mb?",6.7,12.07,11.01,1.06,0.09,0,2.53,8.39,0,1.06,0,0,0,NA,NA,NA,NA,"Plant was small, infested with Mb?",NA,NA,NA,NA,NA,NA,NA,NA,NA,NA,NA,NA,NA,NA,NA,NA,NA,NA,,,,,NA,NA,NA,NA,,,,
C322,CP,322,OH,Wild,Co,,17,2,1,1,2,1,5,1,41,0,2,,,0,,0,0,,0,0,,,,,,,,,,,,NA,NA,NA,NA,NA,NA,NA,NA,NA,NA,NA,NA,NA,NA,NA,NA,NA,NA,NA,NA,NA,NA,NA,NA,NA,NA,NA,NA,NA,NA,NA,NA,NA,NA,NA,NA,,,,,NA,NA,NA,NA,,,,
C323,CP,323,OH,Wild,Co,,17,3,1,1,3,1,3,2,58,0,2,,,1,,0,1,,0,0,,,,,,,,,,,,8,3.14,3.11,0.03,0,0,3.11,0,0,0.03,0,0,0,NA,NA,NA,NA,,NA,NA,NA,NA,NA,NA,NA,NA,NA,NA,NA,NA,NA,NA,NA,NA,NA,NA,,,,,NA,NA,NA,NA,,,,
C324,CP,324,OH,Wild,Co,,17,4,1,1,4,2,4,3,87,0,2,,,0,,0,0,,0,0,,,,,,,,,,,,NA,NA,NA,NA,NA,NA,NA,NA,NA,NA,NA,NA,NA,NA,NA,NA,NA,NA,NA,NA,NA,NA,NA,NA,NA,NA,NA,NA,NA,NA,NA,NA,NA,NA,NA,NA,,,,,NA,NA,NA,NA,,,,
C325,CP,325,OH,Wild,Co,,17,5,1,1,5,2,4,1,109,0,2,,,0,,1,0,,0,0,,,,,,,,,,,"Plant was small, infested with Mb?",NA,NA,NA,NA,NA,NA,NA,NA,NA,NA,NA,NA,NA,NA,NA,NA,NA,NA,NA,NA,NA,NA,NA,NA,NA,NA,NA,NA,NA,NA,NA,NA,NA,NA,NA,NA,,,,,NA,NA,NA,NA,,,,
C326,CP,326,OH,Wild,Co,,17,6,1,2,6,3,2,3,127,0,2,,,0,,1,1,,1,0,,,,,,,,,,,,NA,NA,NA,NA,NA,NA,NA,NA,NA,NA,NA,NA,NA,NA,NA,NA,NA,NA,4.6,1.8,1.63,0.1,1.35,0.04,0.12,0.06,0.06,0.02,0.02,0.06,0.06,NA,NA,NA,NA,,,,,,NA,NA,NA,NA,,,,
C327,CP,327,OH,Wild,Co,,17,7,1,2,7,3,4,2,158,0,2,,,0,,0,1,,1,0,,,,,,,,,,,,NA,NA,NA,NA,NA,NA,NA,NA,NA,NA,NA,NA,NA,NA,NA,NA,NA,NA,9,0.85,0.65,0.15,0.55,0.02,0.01,0.01,0.06,0.03,0.04,0.08,0.05,NA,NA,NA,NA,,,,,,NA,NA,NA,NA,,,,
C328,CP,328,OH,Wild,Co,,17,8,1,2,8,3,2,4,176,0,2,,,0,,0,1,,0,0,,,,,,,,,,,,NA,NA,NA,NA,NA,NA,NA,NA,NA,NA,NA,NA,NA,NA,NA,NA,NA,NA,NA,NA,NA,NA,NA,NA,NA,NA,NA,NA,NA,NA,NA,NA,NA,NA,NA,NA,,,,,NA,NA,NA,NA,,,,
C329,CP,329,OH,Wild,Co,,17,9,1,2,9,4,2,1,197,0,2,,,0,,0,1,,0,1,,,,,,,,,,,,NA,NA,NA,NA,NA,NA,NA,NA,NA,NA,NA,NA,NA,NA,NA,NA,NA,NA,NA,NA,NA,NA,NA,NA,NA,NA,NA,NA,NA,NA,NA,NA,NA,NA,NA,NA,,,,,NA,NA,NA,NA,,,,
C330,CP,330,OH,Wild,Co,,17,10,1,2,10,4,3,4,228,0,2,,,0,,0,1,,0,1,,,,,,,,,,,,NA,NA,NA,NA,NA,NA,NA,NA,NA,NA,NA,NA,NA,NA,NA,NA,NA,NA,NA,NA,NA,NA,NA,NA,NA,NA,NA,NA,NA,NA,NA,NA,NA,NA,NA,NA,,,,,NA,NA,NA,NA,,,,
C331,CP,331,OH,Wild,Co,,17,11,2,3,11,5,1,4,244,0,2,,,1,,0,0,,0,0,,,,,,,,,,,,11,12.66,11.58,1.09,2.72,0,3.59,5.27,0,1.09,0,0,0,NA,NA,NA,NA,,NA,NA,NA,NA,NA,NA,NA,NA,NA,NA,NA,NA,NA,NA,NA,NA,NA,NA,,,,,NA,NA,NA,NA,,,,
C332,CP,332,OH,Wild,Co,,17,12,2,3,12,5,5,4,284,0,2,,,1,,0,0,,0,0,,,,,,,,,,,,8.8,2.69,2.58,0.11,0,0,2.37,0.21,0,0.11,0,0,0,NA,NA,NA,NA,,NA,NA,NA,NA,NA,NA,NA,NA,NA,NA,NA,NA,NA,NA,NA,NA,NA,NA,,,,,NA,NA,NA,NA,,,,
C333,CP,333,OH,Wild,Co,,17,13,2,3,13,5,5,2,306,0,2,,,1,,0,0,,0,0,,,,,,,,,,,,4.6,3.08,2.16,0.92,0.16,0,1.11,0.89,0,0.92,0,0,0,NA,NA,NA,NA,,NA,NA,NA,NA,NA,NA,NA,NA,NA,NA,NA,NA,NA,NA,NA,NA,NA,NA,,,,,NA,NA,NA,NA,,,,
C334,CP,334,OH,Wild,Co,,17,14,2,3,14,6,6,4,336,0,2,,,0,,1,0,,0,0,,,,,,,,,,,,NA,NA,NA,NA,NA,NA,NA,NA,NA,NA,NA,NA,NA,NA,NA,NA,NA,NA,NA,NA,NA,NA,NA,NA,NA,NA,NA,NA,NA,NA,NA,NA,NA,NA,NA,NA,,,,,NA,NA,NA,NA,,,,
C335,CP,335,OH,Wild,Co,,17,15,2,3,15,6,6,2,358,0,2,,,0,,1,1,,1,0,,,,,,,,,,,,NA,NA,NA,NA,NA,NA,NA,NA,NA,NA,NA,NA,NA,NA,NA,NA,NA,NA,11.7,0.73,0.61,0.11,0.57,0,0.02,0,0.02,0.05,0.06,0,0.02,NA,NA,NA,NA,,,,,,NA,NA,NA,NA,,,,
C336,CP,336,OH,Wild,Co,,17,16,2,4,16,7,6,1,381,0,2,,,0,,0,1,,1,0,,,,,,,,,,,,NA,NA,NA,NA,NA,NA,NA,NA,NA,NA,NA,NA,NA,NA,NA,NA,NA,NA,13.3,1.39,0.84,0.55,0.72,0,0.1,0,0.02,0.15,0.14,0.26,0,NA,NA,NA,NA,,,,,,NA,NA,NA,NA,,,,
C337,CP,337,OH,Wild,Co,,17,17,2,4,17,7,2,2,390,0,2,,,0,,0,1,,0,1,,,,,,,,,,,,NA,NA,NA,NA,NA,NA,NA,NA,NA,NA,NA,NA,NA,NA,NA,NA,NA,NA,NA,NA,NA,NA,NA,NA,NA,NA,NA,NA,NA,NA,NA,NA,NA,NA,NA,NA,,,,,NA,NA,NA,NA,,,,
C338,CP,338,OH,Wild,Co,,17,18,2,4,18,7,3,3,419,0,2,,,0,,0,1,,1,0,,,,,,,,,,,,NA,NA,NA,NA,NA,NA,NA,NA,NA,NA,NA,NA,NA,NA,NA,NA,NA,NA,6.9,0.47,0.07,0.15,0,0,0.05,0.02,0,0.03,0.06,0.06,0.25,NA,NA,NA,NA,,,,,,NA,NA,NA,NA,,,,
C339,CP,339,OH,Wild,Co,,17,19,2,4,19,8,1,2,434,0,2,,,0,,0,1,,0,1,,,,,,,,,,,,NA,NA,NA,NA,NA,NA,NA,NA,NA,NA,NA,NA,NA,NA,NA,NA,NA,NA,NA,NA,NA,NA,NA,NA,NA,NA,NA,NA,NA,NA,NA,NA,NA,NA,NA,NA,,,,,NA,NA,NA,NA,,,,
C340,CP,340,OH,Wild,Co,,17,20,2,4,20,8,1,1,457,0,2,,,0,,0,1,,0,0,,,,,,,,,,,does not exist?,NA,NA,NA,NA,NA,NA,NA,NA,NA,NA,NA,NA,NA,NA,NA,NA,NA,NA,NA,NA,NA,NA,NA,NA,NA,NA,NA,NA,NA,NA,NA,NA,NA,NA,NA,NA,,,,,NA,NA,NA,NA,,,,
C341,CP,341,OH,Wild,Mb,,18,1,1,1,1,1,4,2,14,8,2,,,1,,0,0,,0,0,,,,,,,,,,,,6.4,2.79,1.03,1.76,0.16,0,0.87,0,0,1.76,0,0,0,NA,NA,NA,NA,,NA,NA,NA,NA,NA,NA,NA,NA,NA,NA,NA,NA,NA,NA,NA,NA,NA,NA,,,,,0.1922,,8,5,,,,
C342,CP,342,OH,Wild,Mb,,18,2,1,1,2,1,6,2,46,8,2,,,1,,0,0,,0,0,,,,,,,,,,,,8.9,9.29,1.15,8.13,0,0,1.15,0,0,7.41,0,0.72,0,NA,NA,NA,NA,,NA,NA,NA,NA,NA,NA,NA,NA,NA,NA,NA,NA,NA,NA,NA,NA,NA,NA,,,,,0.542,,8,7,,,,
C343,CP,343,OH,Wild,Mb,,18,3,1,1,3,1,5,4,68,8,2,,,1,,0,0,,0,0,,,,,,,,,,,,9.3,1.75,1.66,0.08,0,0,1.66,0,0,0.08,0,0,0,NA,NA,NA,NA,,NA,NA,NA,NA,NA,NA,NA,NA,NA,NA,NA,NA,NA,NA,NA,NA,NA,NA,,,,,0.229666667,,8,3,,,,
C344,CP,344,OH,Wild,Mb,,18,4,1,1,4,2,2,1,77,8,2,,,0,,1,0,,0,0,,,,,,,,,,,,NA,NA,NA,NA,NA,NA,NA,NA,NA,NA,NA,NA,NA,NA,NA,NA,NA,NA,NA,NA,NA,NA,NA,NA,NA,NA,NA,NA,NA,NA,NA,NA,NA,NA,NA,NA,,,,,0.276857143,,8,7,,,,
C345,CP,345,OH,Wild,Mb,,18,5,1,1,5,2,1,4,100,8,2,,,0,,1,1,,0,0,,,,,,,,,,,,NA,NA,NA,NA,NA,NA,NA,NA,NA,NA,NA,NA,NA,NA,NA,NA,NA,NA,NA,NA,NA,NA,NA,NA,NA,NA,NA,NA,NA,NA,NA,NA,NA,NA,NA,NA,,,,,1.044,,8,7,,,,
C346,CP,346,OH,Wild,Mb,,18,6,1,2,6,3,3,2,130,8,2,,,0,,0,1,,0,1,,,,,,,,,,,,NA,NA,NA,NA,NA,NA,NA,NA,NA,NA,NA,NA,NA,NA,NA,NA,NA,NA,NA,NA,NA,NA,NA,NA,NA,NA,NA,NA,NA,NA,NA,NA,NA,NA,NA,NA,,,,,0.1985,,8,2,,,,
C347,CP,347,OH,Wild,Mb,,18,7,1,2,7,3,5,3,163,8,2,,,0,,0,1,,0,1,,,,,,,,,,,,NA,NA,NA,NA,NA,NA,NA,NA,NA,NA,NA,NA,NA,NA,NA,NA,NA,NA,NA,NA,NA,NA,NA,NA,NA,NA,NA,NA,NA,NA,NA,NA,NA,NA,NA,NA,,,,,0.637,,8,2,,,,
C348,CP,348,OH,Wild,Mb,,18,8,1,2,8,3,6,3,191,8,2,,,0,,0,1,,1,0,,,,,,,,,,,,NA,NA,NA,NA,NA,NA,NA,NA,NA,NA,NA,NA,NA,NA,NA,NA,NA,NA,6,0.7,0.42,0.24,0.2,0,0.13,0.03,0.06,0.05,0.09,0.1,0.04,NA,NA,NA,NA,,,,,,0.342,"caterpillar f = nearly dead, weird colour",8,7,,,,
C349,CP,349,OH,Wild,Mb,,18,9,1,2,9,4,3,3,203,8,2,,,0,,0,1,,1,0,,,,,,,,,,,,NA,NA,NA,NA,NA,NA,NA,NA,NA,NA,NA,NA,NA,NA,NA,NA,NA,NA,18.4,1.35,0.6,0.61,0.25,0.04,0.03,0.12,0.16,0,0.38,0.23,0.14,NA,NA,NA,NA,,,,,,0.42425,,8,4,,,,
C350,CP,350,OH,Wild,Mb,,18,10,1,2,10,4,1,3,219,8,2,,,0,,0,1,,0,1,,,,,,,,,,,,NA,NA,NA,NA,NA,NA,NA,NA,NA,NA,NA,NA,NA,NA,NA,NA,NA,NA,NA,NA,NA,NA,NA,NA,NA,NA,NA,NA,NA,NA,NA,NA,NA,NA,NA,NA,,,,,0.635428571,,8,7,,,,
C351,CP,351,OH,Wild,Mb,,18,11,2,3,11,5,6,1,261,8,2,,,1,,0,0,,0,0,,,,,,,,,,,,6.5,13.18,7.53,5.64,0,0,5.02,2.51,0,5.53,0,0.11,0,NA,NA,NA,NA,,NA,NA,NA,NA,NA,NA,NA,NA,NA,NA,NA,NA,NA,NA,NA,NA,NA,NA,,,,,0.188666667,,8,4,,,,
C352,CP,352,OH,Wild,Mb,,18,12,2,3,12,5,5,2,282,8,2,,,1,,0,0,,0,0,,,,,,,,,,,,8.5,7.74,3.81,3.93,0.1,0,1.73,1.98,0,3.93,0,0,0,NA,NA,NA,NA,,NA,NA,NA,NA,NA,NA,NA,NA,NA,NA,NA,NA,NA,NA,NA,NA,NA,NA,,,,,0.3328,,8,6,,,,
C353,CP,353,OH,Wild,Mb,,18,13,2,3,13,5,1,2,290,8,2,,,0,,1,0,,0,0,,,,,,,,,,,,NA,NA,NA,NA,NA,NA,NA,NA,NA,NA,NA,NA,NA,NA,NA,NA,NA,NA,NA,NA,NA,NA,NA,NA,NA,NA,NA,NA,NA,NA,NA,NA,NA,NA,NA,NA,,,,,0.490142857,,8,7,,,,
C354,CP,354,OH,Wild,Mb,,18,14,2,3,14,6,1,1,313,8,2,,,0,,1,0,,0,0,,,,,,,,,,,,NA,NA,NA,NA,NA,NA,NA,NA,NA,NA,NA,NA,NA,NA,NA,NA,NA,NA,NA,NA,NA,NA,NA,NA,NA,NA,NA,NA,NA,NA,NA,NA,NA,NA,NA,NA,,,,,0.497714286,,8,7,,,,
C355,CP,355,OH,Wild,Mb,,18,15,2,3,15,6,2,2,342,8,2,,,0,,1,1,,0,0,,,,,,,,,,,,NA,NA,NA,NA,NA,NA,NA,NA,NA,NA,NA,NA,NA,NA,NA,NA,NA,NA,NA,NA,NA,NA,NA,NA,NA,NA,NA,NA,NA,NA,NA,NA,NA,NA,NA,NA,,,,,0.093666667,,8,3,,,,
C356,CP,356,OH,Wild,Mb,,18,16,2,4,16,7,2,3,367,8,2,,,0,,0,1,,1,0,,,,,,,,,,,,NA,NA,NA,NA,NA,NA,NA,NA,NA,NA,NA,NA,NA,NA,NA,NA,NA,NA,14.3,0.28,0.11,0.11,0.07,0,0.02,0,0.02,0.02,0.03,0.06,0.05,NA,NA,NA,NA,,,,,,0.228,,8,3,,,,
C357,CP,357,OH,Wild,Mb,,18,17,2,4,17,7,2,4,392,8,2,,,0,,0,1,,1,0,,,,,,,,,,,,NA,NA,NA,NA,NA,NA,NA,NA,NA,NA,NA,NA,NA,NA,NA,NA,NA,NA,17.1,1.14,0.34,0.47,0.07,0.01,0.14,0.03,0.09,0.06,0.22,0.19,0.34,NA,NA,NA,NA,,,,,,0.231166667,,8,6,,,,
C358,CP,358,OH,Wild,Mb,,18,18,2,4,18,7,4,1,421,8,2,,,0,,0,1,,0,1,,,,,,,,,,,,NA,NA,NA,NA,NA,NA,NA,NA,NA,NA,NA,NA,NA,NA,NA,NA,NA,NA,NA,NA,NA,NA,NA,NA,NA,NA,NA,NA,NA,NA,NA,NA,NA,NA,NA,NA,,,,,0.074,,8,1,,,,
C359,CP,359,OH,Wild,Mb,,18,19,2,4,19,8,3,4,444,8,2,,,0,,0,1,,0,1,,,,,,,,,,,,NA,NA,NA,NA,NA,NA,NA,NA,NA,NA,NA,NA,NA,NA,NA,NA,NA,NA,NA,NA,NA,NA,NA,NA,NA,NA,NA,NA,NA,NA,NA,NA,NA,NA,NA,NA,,,,,0.408142857,,8,7,,,,
C360,CP,360,OH,Wild,Mb,,18,20,2,4,20,8,4,4,472,8,2,,,0,,0,1,,1,0,,,,,,,,,,,,NA,NA,NA,NA,NA,NA,NA,NA,NA,NA,NA,NA,NA,NA,NA,NA,NA,NA,9.3,1.21,0.54,0.36,0.33,0.03,0,0.01,0.17,0.09,0.21,0.06,0.32,NA,NA,NA,NA,,,,,,0.236,,8,4,,,,
C361,CP,361,RI,Cultivated,Co,,19,1,1,1,1,1,2,3,7,0,1,,,1,,0,0,,0,0,,,,,,,,,,,,10.1,1.74,1.73,0.01,0,0,1.73,0,0,0.01,0,0,0,NA,NA,NA,NA,,NA,NA,NA,NA,NA,NA,NA,NA,NA,NA,NA,NA,NA,NA,NA,NA,NA,NA,,,,,NA,NA,NA,NA,,,,
C362,CP,362,RI,Cultivated,Co,,19,2,1,1,2,1,3,4,36,0,1,,,1,,0,0,,0,0,,,,,,,,,,,,14.7,0.36,0.36,0,0,0,0.36,0,0,0,0,0,0,NA,NA,NA,NA,,NA,NA,NA,NA,NA,NA,NA,NA,NA,NA,NA,NA,NA,NA,NA,NA,NA,NA,,,,,NA,NA,NA,NA,,,,
C363,CP,363,RI,Cultivated,Co,,19,3,1,1,3,1,1,2,50,0,1,,,0,,1,0,,0,0,,,,,,,,,,,,NA,NA,NA,NA,NA,NA,NA,NA,NA,NA,NA,NA,NA,NA,NA,NA,NA,NA,NA,NA,NA,NA,NA,NA,NA,NA,NA,NA,NA,NA,NA,NA,NA,NA,NA,NA,,,,,NA,NA,NA,NA,,,,
C364,CP,364,RI,Cultivated,Co,,19,4,1,1,4,2,6,2,94,0,1,,,0,,1,0,,0,0,,,,,,,,,,,,NA,NA,NA,NA,NA,NA,NA,NA,NA,NA,NA,NA,NA,NA,NA,NA,NA,NA,NA,NA,NA,NA,NA,NA,NA,NA,NA,NA,NA,NA,NA,NA,NA,NA,NA,NA,,,,,NA,NA,NA,NA,,,,
C365,CP,365,RI,Cultivated,Co,,19,5,1,1,5,2,4,3,111,0,1,,,0,,0,1,,0,0,,,,,,,,,,,,NA,NA,NA,NA,NA,NA,NA,NA,NA,NA,NA,NA,NA,NA,NA,NA,NA,NA,NA,NA,NA,NA,NA,NA,NA,NA,NA,NA,NA,NA,NA,NA,NA,NA,NA,NA,,,,,NA,NA,NA,NA,,,,
C366,CP,366,RI,Cultivated,Co,,19,6,1,2,6,3,2,1,125,0,1,,,0,,0,1,,1,0,,,,,,,,,,,,NA,NA,NA,NA,NA,NA,NA,NA,NA,NA,NA,NA,NA,NA,NA,NA,NA,NA,13.1,3.1,0.67,2.44,0.08,0.04,0.43,0,0.12,0.13,2.09,0.22,0,NA,NA,NA,NA,,,,,,NA,NA,NA,NA,,,,
C367,CP,367,RI,Cultivated,Co,,19,7,1,2,7,3,1,3,147,0,1,,,0,,0,1,,1,0,,,,,,,,,,,,NA,NA,NA,NA,NA,NA,NA,NA,NA,NA,NA,NA,NA,NA,NA,NA,NA,NA,17,2.97,0.42,2.55,0,0.04,0.25,0,0.13,0.16,2.1,0.29,0,NA,NA,NA,NA,,,,,,NA,NA,NA,NA,,,,
C368,CP,368,RI,Cultivated,Co,,19,8,1,2,8,3,6,4,192,0,1,,,0,,0,1,,1,0,,,,,,,,,,,,NA,NA,NA,NA,NA,NA,NA,NA,NA,NA,NA,NA,NA,NA,NA,NA,NA,NA,19.1,2.95,1.21,1.73,0.27,0.07,0.72,0.02,0.13,0.12,1.32,0.29,0,NA,NA,NA,NA,,,,,,NA,NA,NA,NA,,,,
C369,CP,369,RI,Cultivated,Co,,19,9,1,2,9,4,1,1,193,0,1,,,0,,0,1,,1,0,,,,,,,,,,,,NA,NA,NA,NA,NA,NA,NA,NA,NA,NA,NA,NA,NA,NA,NA,NA,NA,NA,15.9,1.73,0.64,1.01,0.06,0.04,0.43,0,0.11,0.07,0.8,0.14,0.06,NA,NA,NA,NA,,,,,,NA,NA,NA,NA,,,,
C370,CP,370,RI,Cultivated,Co,,19,10,1,2,10,4,5,2,234,0,1,,,0,,0,1,,1,0,,,,,,,,,,,,NA,NA,NA,NA,NA,NA,NA,NA,NA,NA,NA,NA,NA,NA,NA,NA,NA,NA,16.3,2.95,1.08,1.88,0.12,0.08,0.75,0,0.13,0.13,1.49,0.26,0,NA,NA,NA,NA,,,,,,NA,NA,NA,NA,,,,
C371,CP,371,RI,Cultivated,Co,,19,11,2,3,11,5,5,4,260,0,1,,,1,,0,0,,0,0,,,,,,,,,,,,10,0.01,0,0.01,0,0,0,0,0,0.01,0,0,0,NA,NA,NA,NA,,NA,NA,NA,NA,NA,NA,NA,NA,NA,NA,NA,NA,NA,NA,NA,NA,NA,NA,,,,,NA,NA,NA,NA,,,,
C372,CP,372,RI,Cultivated,Co,,19,12,2,3,12,5,3,2,274,0,1,,,1,,0,0,,0,0,,,,,,,,,,,,10.4,0.69,0.68,0.01,0,0,0.68,0,0,0.01,0,0,0,NA,NA,NA,NA,,NA,NA,NA,NA,NA,NA,NA,NA,NA,NA,NA,NA,NA,NA,NA,NA,NA,NA,,,,,NA,NA,NA,NA,,,,
C373,CP,373,RI,Cultivated,Co,,19,13,2,3,13,5,6,3,311,0,1,,,1,,0,0,,0,0,,,,,,,,,,,,11.9,0.33,0.3,0.03,0,0,0.3,0,0,0.01,0,0.02,0,NA,NA,NA,NA,,NA,NA,NA,NA,NA,NA,NA,NA,NA,NA,NA,NA,NA,NA,NA,NA,NA,NA,,,,,NA,NA,NA,NA,,,,
C374,CP,374,RI,Cultivated,Co,,19,14,2,3,14,6,4,1,325,0,1,,,0,,1,0,,0,0,,,,,,,,,,,,NA,NA,NA,NA,NA,NA,NA,NA,NA,NA,NA,NA,NA,NA,NA,NA,NA,NA,NA,NA,NA,NA,NA,NA,NA,NA,NA,NA,NA,NA,NA,NA,NA,NA,NA,NA,,,,,NA,NA,NA,NA,,,,
C375,CP,375,RI,Cultivated,Co,,19,15,2,3,15,6,5,3,355,0,1,,,0,,1,1,,0,1,,,,,,,,,,,,NA,NA,NA,NA,NA,NA,NA,NA,NA,NA,NA,NA,NA,NA,NA,NA,NA,NA,NA,NA,NA,NA,NA,NA,NA,NA,NA,NA,NA,NA,NA,NA,NA,NA,NA,NA,,,,,NA,NA,NA,NA,,,,
C376,CP,376,RI,Cultivated,Co,,19,16,2,4,16,7,3,3,371,0,1,,,0,,0,1,,0,1,,,,,,,,,,,,NA,NA,NA,NA,NA,NA,NA,NA,NA,NA,NA,NA,NA,NA,NA,NA,NA,NA,NA,NA,NA,NA,NA,NA,NA,NA,NA,NA,NA,NA,NA,NA,NA,NA,NA,NA,,,,,NA,NA,NA,NA,,,,
C377,CP,377,RI,Cultivated,Co,,19,17,2,4,17,7,5,1,401,0,1,,,0,,0,1,,0,1,,,,,,,,,,,,NA,NA,NA,NA,NA,NA,NA,NA,NA,NA,NA,NA,NA,NA,NA,NA,NA,NA,NA,NA,NA,NA,NA,NA,NA,NA,NA,NA,NA,NA,NA,NA,NA,NA,NA,NA,,,,,NA,NA,NA,NA,,,,
C378,CP,378,RI,Cultivated,Co,,19,18,2,4,18,7,4,4,424,0,1,,,0,,0,1,,0,1,,,,,,,,,,,,NA,NA,NA,NA,NA,NA,NA,NA,NA,NA,NA,NA,NA,NA,NA,NA,NA,NA,NA,NA,NA,NA,NA,NA,NA,NA,NA,NA,NA,NA,NA,NA,NA,NA,NA,NA,,,,,NA,NA,NA,NA,,,,
C379,CP,379,RI,Cultivated,Co,,19,19,2,4,19,8,6,1,453,0,1,,,0,,0,1,,0,1,,,,,,,,,,,,NA,NA,NA,NA,NA,NA,NA,NA,NA,NA,NA,NA,NA,NA,NA,NA,NA,NA,NA,NA,NA,NA,NA,NA,NA,NA,NA,NA,NA,NA,NA,NA,NA,NA,NA,NA,,,,,NA,NA,NA,NA,,,,
C380,CP,380,RI,Cultivated,Co,,19,20,2,4,20,8,2,4,464,0,1,,,0,,0,1,,0,0,,,,,,,,,,,,NA,NA,NA,NA,NA,NA,NA,NA,NA,NA,NA,NA,NA,NA,NA,NA,NA,NA,NA,NA,NA,NA,NA,NA,NA,NA,NA,NA,NA,NA,NA,NA,NA,NA,NA,NA,,,,,NA,NA,NA,NA,,,,
C381,CP,381,RI,Cultivated,Mb,,20,1,1,1,1,1,2,4,8,3,1,,,1,,0,0,,0,0,,,,,,,,,,,too small,10.9,1.03,1.01,0.02,0,0,1.01,0,0,0.02,0,0,0,NA,NA,NA,NA,too small,NA,NA,NA,NA,NA,NA,NA,NA,NA,NA,NA,NA,NA,NA,NA,NA,NA,NA,,,,,4.616666667,,3,3,,,,
C382,CP,382,RI,Cultivated,Mb,,20,2,1,1,2,1,1,1,25,3,1,,,1,,0,0,,0,0,,,,,,,,,,,,14,0.75,0.72,0.02,0,0,0.72,0,0,0.01,0.01,0,0,NA,NA,NA,NA,,NA,NA,NA,NA,NA,NA,NA,NA,NA,NA,NA,NA,NA,NA,NA,NA,NA,NA,,,,,4.592666667,,3,3,,,,
C383,CP,383,RI,Cultivated,Mb,,20,3,1,1,3,1,1,4,52,3,1,,,1,,0,0,,0,0,,,,,,,,,,,,17.9,0.02,0,0.02,0,0,0,0,0,0.01,0,0.01,0,NA,NA,NA,NA,,NA,NA,NA,NA,NA,NA,NA,NA,NA,NA,NA,NA,NA,NA,NA,NA,NA,NA,,,,,2.108,,3,3,,,,
C384,CP,384,RI,Cultivated,Mb,,20,4,1,1,4,2,1,2,74,3,1,,,0,,1,0,,0,0,,,,,,,,,,,,NA,NA,NA,NA,NA,NA,NA,NA,NA,NA,NA,NA,NA,NA,NA,NA,NA,NA,NA,NA,NA,NA,NA,NA,NA,NA,NA,NA,NA,NA,NA,NA,NA,NA,NA,NA,,,,,4.663,,3,2,,,,
C385,CP,385,RI,Cultivated,Mb,,20,5,1,1,5,2,6,2,118,3,1,,,0,,1,1,,0,0,,,,,,,,,,,,NA,NA,NA,NA,NA,NA,NA,NA,NA,NA,NA,NA,NA,NA,NA,NA,NA,NA,NA,NA,NA,NA,NA,NA,NA,NA,NA,NA,NA,NA,NA,NA,NA,NA,NA,NA,,,,,2.497333333,,3,3,,,,
C386,CP,386,RI,Cultivated,Mb,,20,6,1,2,6,3,4,4,136,3,1,,,0,,0,1,,1,0,,,,,,,,,,,,NA,NA,NA,NA,NA,NA,NA,NA,NA,NA,NA,NA,NA,NA,NA,NA,NA,NA,5.8,2.65,0.74,1.91,0.08,0.04,0.5,0,0.12,0.24,1.34,0.33,0,NA,NA,NA,NA,Sample 386 and 388 pooled,,,,,5.4725,,3,2,,,,
C387,CP,387,RI,Cultivated,Mb,,20,7,1,2,7,3,5,2,162,3,1,,,0,,0,1,,0,1,,,,,,,,,,,,NA,NA,NA,NA,NA,NA,NA,NA,NA,NA,NA,NA,NA,NA,NA,NA,NA,NA,NA,NA,NA,NA,NA,NA,NA,NA,NA,NA,NA,NA,NA,NA,NA,NA,NA,NA,,,,,3.927333333,,3,3,,,,
C388,CP,388,RI,Cultivated,Mb,,20,8,1,2,8,3,3,4,180,3,1,,,0,,0,1,,1,0,,,,,,,,,,,,NA,NA,NA,NA,NA,NA,NA,NA,NA,NA,NA,NA,NA,NA,NA,NA,NA,NA,NA,NA,NA,NA,NA,NA,NA,NA,NA,NA,NA,NA,NA,NA,NA,NA,NA,NA,,,,,2.785,,3,2,,,,
C389,CP,389,RI,Cultivated,Mb,,20,9,1,2,9,4,5,3,211,3,1,,,0,,0,1,,0,1,,,,,,,,,,,,NA,NA,NA,NA,NA,NA,NA,NA,NA,NA,NA,NA,NA,NA,NA,NA,NA,NA,NA,NA,NA,NA,NA,NA,NA,NA,NA,NA,NA,NA,NA,NA,NA,NA,NA,NA,,,,,2.966666667,,3,3,,,,
C390,CP,390,RI,Cultivated,Mb,,20,10,1,2,10,4,4,2,230,3,1,,,0,,0,1,,0,1,,,,,,,,,,,,NA,NA,NA,NA,NA,NA,NA,NA,NA,NA,NA,NA,NA,NA,NA,NA,NA,NA,NA,NA,NA,NA,NA,NA,NA,NA,NA,NA,NA,NA,NA,NA,NA,NA,NA,NA,,,,,2.558,,3,3,,,,
C391,CP,391,RI,Cultivated,Mb,,20,11,2,3,11,5,3,3,251,3,1,,,1,,0,0,,0,0,,,,,,,,,,,One leaf broken,13.4,0.08,0,0.08,0,0,0,0,0,0.08,0,0,0,NA,NA,NA,NA,One leaf broken,NA,NA,NA,NA,NA,NA,NA,NA,NA,NA,NA,NA,NA,NA,NA,NA,NA,NA,,,,,2.068,,3,3,,,,
C392,CP,392,RI,Cultivated,Mb,,20,12,2,3,12,5,1,2,266,3,1,,,1,,0,0,,0,0,,,,,,,,,,,,15.9,0.07,0.02,0.05,0,0,0.02,0,0,0.04,0.01,0,0,NA,NA,NA,NA,,NA,NA,NA,NA,NA,NA,NA,NA,NA,NA,NA,NA,NA,NA,NA,NA,NA,NA,,,,,2.419333333,,3,3,,,,
C393,CP,393,RI,Cultivated,Mb,,20,13,2,3,13,5,5,1,305,3,1,,,0,,1,0,,0,0,,,,,,,,,,,,NA,NA,NA,NA,NA,NA,NA,NA,NA,NA,NA,NA,NA,NA,NA,NA,NA,NA,NA,NA,NA,NA,NA,NA,NA,NA,NA,NA,NA,NA,NA,NA,NA,NA,NA,NA,,,,,2.095333333,,3,3,,,,
C394,CP,394,RI,Cultivated,Mb,,20,14,2,3,14,6,6,3,335,3,1,,,0,,1,0,,0,0,,,,,,,,,,,,NA,NA,NA,NA,NA,NA,NA,NA,NA,NA,NA,NA,NA,NA,NA,NA,NA,NA,NA,NA,NA,NA,NA,NA,NA,NA,NA,NA,NA,NA,NA,NA,NA,NA,NA,NA,,,,,2.6,,3,2,,,,
C395,CP,395,RI,Cultivated,Mb,,20,15,2,3,15,6,2,3,343,3,1,,,0,,1,1,,0,0,,,,,,,,,,,,NA,NA,NA,NA,NA,NA,NA,NA,NA,NA,NA,NA,NA,NA,NA,NA,NA,NA,NA,NA,NA,NA,NA,NA,NA,NA,NA,NA,NA,NA,NA,NA,NA,NA,NA,NA,,,,,1.72,,3,3,,,,
C396,CP,396,RI,Cultivated,Mb,,20,16,2,4,16,7,4,3,375,3,1,,,0,,0,1,,1,0,,,,,,,,,,,,NA,NA,NA,NA,NA,NA,NA,NA,NA,NA,NA,NA,NA,NA,NA,NA,NA,NA,4.9,0.86,0.54,0.3,0.1,0.02,0.37,0,0.05,0.06,0.08,0.16,0.04,NA,NA,NA,NA,Sample 396 and 397 pooled,,,,,3.502,,3,2,,,,
C397,CP,397,RI,Cultivated,Mb,,20,17,2,4,17,7,2,1,389,3,1,,,0,,0,1,,1,0,,,,,,,,,,,,NA,NA,NA,NA,NA,NA,NA,NA,NA,NA,NA,NA,NA,NA,NA,NA,NA,NA,NA,NA,NA,NA,NA,NA,NA,NA,NA,NA,NA,NA,NA,NA,NA,NA,NA,NA,,,,,2.982,,3,3,,,,
C398,CP,398,RI,Cultivated,Mb,,20,18,2,4,18,7,6,4,432,3,1,,,0,,0,1,,1,0,,,,,,,,,,,,NA,NA,NA,NA,NA,NA,NA,NA,NA,NA,NA,NA,NA,NA,NA,NA,NA,NA,10.8,0.35,0.21,0.12,0,0.01,0.15,0,0.05,0.01,0.03,0.08,0.01,NA,NA,NA,NA,,,,,,1.033,,3,3,,,,
C399,CP,399,RI,Cultivated,Mb,,20,19,2,4,19,8,4,1,445,3,1,,,0,,0,1,,1,0,,,,,,,,,,,,NA,NA,NA,NA,NA,NA,NA,NA,NA,NA,NA,NA,NA,NA,NA,NA,NA,NA,5.7,0.82,0.51,0.29,0.08,0.03,0.29,0,0.11,0.04,0.12,0.13,0.02,NA,NA,NA,NA,,,,,,1.204666667,,3,3,,,,
C400,CP,400,RI,Cultivated,Mb,,20,20,2,4,20,8,3,1,465,3,1,,,0,,0,1,,1,0,,,,,,,,,,,,NA,NA,NA,NA,NA,NA,NA,NA,NA,NA,NA,NA,NA,NA,NA,NA,NA,NA,4.9,0.35,0.14,0.2,0,0,0.09,0,0.05,0.03,0.11,0.06,0.02,NA,NA,NA,NA,,,,,,2.680666667,,3,3,,,,
C401,CP,401,MC,Cultivated,Co,,21,1,1,1,1,1,5,4,20,0,1,,,1,,0,0,,0,0,,,,,,,,,,,,8.9,0.06,0,0.06,0,0,0,0,0,0.03,0.03,0,0,NA,NA,NA,NA,,NA,NA,NA,NA,NA,NA,NA,NA,NA,NA,NA,NA,NA,NA,NA,NA,NA,NA,,,,,NA,NA,NA,NA,,,,
C402,CP,402,MC,Cultivated,Co,,21,2,1,1,2,1,1,4,28,0,1,,,1,,0,0,,0,0,,,,,,,,,,,does not exist?,9.1,0.31,0.06,0.12,0,0.04,0.02,0,0,0.03,0.04,0.05,0.14,NA,NA,NA,NA,does not exist?,NA,NA,NA,NA,NA,NA,NA,NA,NA,NA,NA,NA,NA,NA,NA,NA,NA,NA,,,,,NA,NA,NA,NA,,,,
C403,CP,403,MC,Cultivated,Co,,21,3,1,1,3,1,4,2,62,0,1,,,1,,0,0,,0,0,,,,,,,,,,,,8.5,1.48,0.08,1.4,0,0.02,0.06,0,0,0.97,0.07,0.36,0,NA,NA,NA,NA,,NA,NA,NA,NA,NA,NA,NA,NA,NA,NA,NA,NA,NA,NA,NA,NA,NA,NA,,,,,NA,NA,NA,NA,,,,
C404,CP,404,MC,Cultivated,Co,,21,4,1,1,4,2,4,1,85,0,1,,,0,,1,0,,0,0,,,,,,,,,,,is iets mee maar ik kan niet lezen wat (Ar),NA,NA,NA,NA,NA,NA,NA,NA,NA,NA,NA,NA,NA,NA,NA,NA,NA,NA,NA,NA,NA,NA,NA,NA,NA,NA,NA,NA,NA,NA,NA,NA,NA,NA,NA,NA,,,,,NA,NA,NA,NA,,,,
C405,CP,405,MC,Cultivated,Co,,21,5,1,1,5,2,2,4,104,0,1,,,0,,1,1,,0,0,,,,,,,,,,,Plant was to small to infest with Mb; is iets mee maar ik kan niet lezen wat (Ar),NA,NA,NA,NA,NA,NA,NA,NA,NA,NA,NA,NA,NA,NA,NA,NA,NA,NA,NA,NA,NA,NA,NA,NA,NA,NA,NA,NA,NA,NA,NA,NA,NA,NA,NA,NA,,,,,NA,NA,NA,NA,,,,
C406,CP,406,MC,Cultivated,Co,,21,6,1,2,6,3,1,1,121,0,1,,,0,,0,1,,1,0,,,,,,,,,,,,NA,NA,NA,NA,NA,NA,NA,NA,NA,NA,NA,NA,NA,NA,NA,NA,NA,NA,8.8,0.4,0.25,0.15,0.14,0,0.11,0,0,0.04,0.04,0.07,0,NA,NA,NA,NA,Sample 406 and 409 pooled,,,,,NA,NA,NA,NA,,,,
C407,CP,407,MC,Cultivated,Co,,21,7,1,2,7,3,4,4,160,0,1,,,0,,0,1,,1,0,,,,,,,,,,,,NA,NA,NA,NA,NA,NA,NA,NA,NA,NA,NA,NA,NA,NA,NA,NA,NA,NA,5.2,0.28,0.1,0.18,0,0,0.1,0,0,0,0.11,0.07,0,NA,NA,NA,NA,Sample 407 and 408 pooled,,,,,NA,NA,NA,NA,,,,
C408,CP,408,MC,Cultivated,Co,,21,8,1,2,8,3,5,1,185,0,1,,,0,,0,1,,1,0,,,,,,,,,,,,NA,NA,NA,NA,NA,NA,NA,NA,NA,NA,NA,NA,NA,NA,NA,NA,NA,NA,NA,NA,NA,NA,NA,NA,NA,NA,NA,NA,NA,NA,NA,NA,NA,NA,NA,NA,,,,,NA,NA,NA,NA,,,,
C409,CP,409,MC,Cultivated,Co,,21,9,1,2,9,4,3,2,202,0,1,,,0,,0,1,,1,0,,,,,,,,,,,,NA,NA,NA,NA,NA,NA,NA,NA,NA,NA,NA,NA,NA,NA,NA,NA,NA,NA,NA,NA,NA,NA,NA,NA,NA,NA,NA,NA,NA,NA,NA,NA,NA,NA,NA,NA,,,,,NA,NA,NA,NA,,,,
C410,CP,410,MC,Cultivated,Co,,21,10,1,2,10,4,2,2,222,0,1,,,0,,0,1,,0,1,,,,,,,,,,,,NA,NA,NA,NA,NA,NA,NA,NA,NA,NA,NA,NA,NA,NA,NA,NA,NA,NA,NA,NA,NA,NA,NA,NA,NA,NA,NA,NA,NA,NA,NA,NA,NA,NA,NA,NA,,,,,NA,NA,NA,NA,,,,
C411,CP,411,MC,Cultivated,Co,,21,11,2,3,11,5,6,4,264,0,1,,,1,,0,0,,0,0,,,,,,,,,,,,10.3,0.37,0.06,0.31,0,0,0.04,0,0.02,0.15,0.01,0.15,0,NA,NA,NA,NA,,NA,NA,NA,NA,NA,NA,NA,NA,NA,NA,NA,NA,NA,NA,NA,NA,NA,NA,,,,,NA,NA,NA,NA,,,,
C412,CP,412,MC,Cultivated,Co,,21,12,2,3,12,5,1,3,267,0,1,,,1,,0,0,,0,0,,,,,,,,,,,,9.5,0.38,0.34,0.05,0,0,0.34,0,0,0.02,0.02,0.01,0,NA,NA,NA,NA,,NA,NA,NA,NA,NA,NA,NA,NA,NA,NA,NA,NA,NA,NA,NA,NA,NA,NA,,,,,NA,NA,NA,NA,,,,
C413,CP,413,MC,Cultivated,Co,,21,13,2,3,13,5,2,3,295,0,1,,,0,,1,0,,0,0,,,,,,,,,,,,NA,NA,NA,NA,NA,NA,NA,NA,NA,NA,NA,NA,NA,NA,NA,NA,NA,NA,NA,NA,NA,NA,NA,NA,NA,NA,NA,NA,NA,NA,NA,NA,NA,NA,NA,NA,,,,,NA,NA,NA,NA,,,,
C414,CP,414,MC,Cultivated,Co,,21,14,2,3,14,6,3,3,323,0,1,,,0,,1,0,,0,0,,,,,,,,,,,,NA,NA,NA,NA,NA,NA,NA,NA,NA,NA,NA,NA,NA,NA,NA,NA,NA,NA,NA,NA,NA,NA,NA,NA,NA,NA,NA,NA,NA,NA,NA,NA,NA,NA,NA,NA,,,,,NA,NA,NA,NA,,,,
C415,CP,415,MC,Cultivated,Co,,21,15,2,3,15,6,1,2,338,0,1,,,0,,1,1,,0,0,,,,,,,,,,,,NA,NA,NA,NA,NA,NA,NA,NA,NA,NA,NA,NA,NA,NA,NA,NA,NA,NA,NA,NA,NA,NA,NA,NA,NA,NA,NA,NA,NA,NA,NA,NA,NA,NA,NA,NA,,,,,NA,NA,NA,NA,,,,
C416,CP,416,MC,Cultivated,Co,,21,16,2,4,16,7,5,3,379,0,1,,,0,,0,1,,1,0,,,,,,,,,,,,NA,NA,NA,NA,NA,NA,NA,NA,NA,NA,NA,NA,NA,NA,NA,NA,NA,NA,4.4,0.43,0.3,0.14,0,0,0.3,0,0,0.04,0.05,0.05,0,NA,NA,NA,NA,,,,,,NA,NA,NA,NA,,,,
C417,CP,417,MC,Cultivated,Co,,21,17,2,4,17,7,5,2,402,0,1,,,0,,0,1,,1,0,,,,,,,,,,,,NA,NA,NA,NA,NA,NA,NA,NA,NA,NA,NA,NA,NA,NA,NA,NA,NA,NA,9.6,0.22,0.17,0.06,0.03,0,0.14,0,0,0,0.02,0.04,0,NA,NA,NA,NA,Sample 417 and 418 pooled,,,,,NA,NA,NA,NA,,,,
C418,CP,418,MC,Cultivated,Co,,21,18,2,4,18,7,3,1,417,0,1,,,0,,0,1,,1,0,,,,,,,,,,,,NA,NA,NA,NA,NA,NA,NA,NA,NA,NA,NA,NA,NA,NA,NA,NA,NA,NA,NA,NA,NA,NA,NA,NA,NA,NA,NA,NA,NA,NA,NA,NA,NA,NA,NA,NA,,,,,NA,NA,NA,NA,,,,
C419,CP,419,MC,Cultivated,Co,,21,19,2,4,19,8,6,2,454,0,1,,,0,,0,1,,1,0,,,,,,,,,,,,NA,NA,NA,NA,NA,NA,NA,NA,NA,NA,NA,NA,NA,NA,NA,NA,NA,NA,5.3,0.13,0.05,0.08,0,0,0.05,0,0,0.02,0.03,0.03,0,NA,NA,NA,NA,,,,,,NA,NA,NA,NA,,,,
C420,CP,420,MC,Cultivated,Co,,21,20,2,4,20,8,6,1,477,0,1,,,0,,0,1,,0,1,,,,,,,,,,,does not exist?,NA,NA,NA,NA,NA,NA,NA,NA,NA,NA,NA,NA,NA,NA,NA,NA,NA,NA,NA,NA,NA,NA,NA,NA,NA,NA,NA,NA,NA,NA,NA,NA,NA,NA,NA,NA,,,,,NA,NA,NA,NA,,,,
C421,CP,421,MC,Cultivated,Mb,,22,1,1,1,1,1,5,1,17,4,1,,,0,,0,0,,0,0,,,,,,,,,,,Plant was to small to infest with Mb;,NA,NA,NA,NA,NA,NA,NA,NA,NA,NA,NA,NA,NA,NA,NA,NA,NA,NA,NA,NA,NA,NA,NA,NA,NA,NA,NA,NA,NA,NA,NA,NA,NA,NA,NA,NA,,,,,4.837,small pant,4,1,,,,
C422,CP,422,MC,Cultivated,Mb,,22,2,1,1,2,1,6,1,45,4,1,,,1,,0,0,,0,0,,,,,,,,,,,,8.9,0.03,0,0.03,0,0,0,0,0,0.02,0.01,0,0,NA,NA,NA,NA,,NA,NA,NA,NA,NA,NA,NA,NA,NA,NA,NA,NA,NA,NA,NA,NA,NA,NA,,,,,6.7085,,4,4,,,,
C423,CP,423,MC,Cultivated,Mb,,22,3,1,1,3,1,1,1,49,4,1,,,1,,0,0,,0,0,,,,,,,,,,,,10.3,0.11,0.02,0.08,0,0,0.02,0,0,0.07,0.01,0,0,NA,NA,NA,NA,,NA,NA,NA,NA,NA,NA,NA,NA,NA,NA,NA,NA,NA,NA,NA,NA,NA,NA,,,,,5.3365,,4,2,,,,
C424,CP,424,MC,Cultivated,Mb,,22,4,1,1,4,2,1,4,76,4,1,,,0,,1,0,,0,0,,,,,,,,,,,Plant was to small to infest with Mb?,NA,NA,NA,NA,NA,NA,NA,NA,NA,NA,NA,NA,NA,NA,NA,NA,NA,NA,NA,NA,NA,NA,NA,NA,NA,NA,NA,NA,NA,NA,NA,NA,NA,NA,NA,NA,,,,,5.371,,4,3,,,,
C425,CP,425,MC,Cultivated,Mb,,22,5,1,1,5,2,4,2,110,4,1,,,0,,1,1,,0,0,,,,,,,,,,,,NA,NA,NA,NA,NA,NA,NA,NA,NA,NA,NA,NA,NA,NA,NA,NA,NA,NA,NA,NA,NA,NA,NA,NA,NA,NA,NA,NA,NA,NA,NA,NA,NA,NA,NA,NA,,,,,3.901,,4,3,,,,
C426,CP,426,MC,Cultivated,Mb,,22,6,1,2,6,3,5,4,140,4,1,,,0,,0,1,,0,1,,,,,,,,,,,,NA,NA,NA,NA,NA,NA,NA,NA,NA,NA,NA,NA,NA,NA,NA,NA,NA,NA,NA,NA,NA,NA,NA,NA,NA,NA,NA,NA,NA,NA,NA,NA,NA,NA,NA,NA,,,,,5.291,,4,4,,,,
C427,CP,427,MC,Cultivated,Mb,,22,7,1,2,7,3,6,4,168,4,1,,,0,,0,1,,0,1,,,,,,,,,,,,NA,NA,NA,NA,NA,NA,NA,NA,NA,NA,NA,NA,NA,NA,NA,NA,NA,NA,NA,NA,NA,NA,NA,NA,NA,NA,NA,NA,NA,NA,NA,NA,NA,NA,NA,NA,,,,,8.146333333,,4,3,,,,
C428,CP,428,MC,Cultivated,Mb,,22,8,1,2,8,3,1,2,170,4,1,,,0,,0,1,,1,0,,,,,,,,,,,,NA,NA,NA,NA,NA,NA,NA,NA,NA,NA,NA,NA,NA,NA,NA,NA,NA,NA,16.3,0.05,0.02,0.02,0,0,0.02,0,0,0.01,0,0.01,0,NA,NA,NA,NA,one cat too much introduced,,,,,4.8612,,5,5,,,,
C429,CP,429,MC,Cultivated,Mb,,22,9,1,2,9,4,4,3,207,4,1,,,0,,0,1,,0,1,,,,,,,,,,,,NA,NA,NA,NA,NA,NA,NA,NA,NA,NA,NA,NA,NA,NA,NA,NA,NA,NA,NA,NA,NA,NA,NA,NA,NA,NA,NA,NA,NA,NA,NA,NA,NA,NA,NA,NA,,,,,5.584,,4,3,,,,
C430,CP,430,MC,Cultivated,Mb,,22,10,1,2,10,4,2,1,221,4,1,,,0,,0,1,,0,1,,,,,,,,,,,Plant was to small to infest with Mb?,NA,NA,NA,NA,NA,NA,NA,NA,NA,NA,NA,NA,NA,NA,NA,NA,NA,NA,NA,NA,NA,NA,NA,NA,NA,NA,NA,NA,NA,NA,NA,NA,NA,NA,NA,NA,,,,,5.8025,,4,4,,,,
C431,CP,431,MC,Cultivated,Mb,,22,11,2,3,11,5,6,2,262,4,1,,,1,,0,0,,0,0,,,,,,,,,,,,6.4,0.21,0.02,0.18,0,0,0.02,0,0,0.02,0.01,0.15,0,NA,NA,NA,NA,,NA,NA,NA,NA,NA,NA,NA,NA,NA,NA,NA,NA,NA,NA,NA,NA,NA,NA,,,,,5.49375,,4,4,,,,
C432,CP,432,MC,Cultivated,Mb,,22,12,2,3,12,5,5,3,283,4,1,,,1,,0,0,,0,0,,,,,,,,,,,,9.8,0.18,0.02,0.14,0,0,0.02,0,0,0.02,0.02,0.1,0.02,NA,NA,NA,NA,,NA,NA,NA,NA,NA,NA,NA,NA,NA,NA,NA,NA,NA,NA,NA,NA,NA,NA,,,,,5.9565,,4,2,,,,
C433,CP,433,MC,Cultivated,Mb,,22,13,2,3,13,5,3,3,299,4,1,,,1,,0,0,,0,0,,,,,,,,,,,,13.6,0.89,0.04,0.78,0,0.02,0.02,0,0,0.02,0.01,0.75,0.07,NA,NA,NA,NA,,NA,NA,NA,NA,NA,NA,NA,NA,NA,NA,NA,NA,NA,NA,NA,NA,NA,NA,,,,,5.286333333,,4,3,,,,
C434,CP,434,MC,Cultivated,Mb,,22,14,2,3,14,6,4,4,328,4,1,,,0,,1,0,,0,0,,,,,,,,,,,,NA,NA,NA,NA,NA,NA,NA,NA,NA,NA,NA,NA,NA,NA,NA,NA,NA,NA,NA,NA,NA,NA,NA,NA,NA,NA,NA,NA,NA,NA,NA,NA,NA,NA,NA,NA,,,,,5.09375,,4,4,,,,
C435,CP,435,MC,Cultivated,Mb,,22,15,2,3,15,6,3,4,348,4,1,,,0,,1,1,,0,0,,,,,,,,,,,,NA,NA,NA,NA,NA,NA,NA,NA,NA,NA,NA,NA,NA,NA,NA,NA,NA,NA,NA,NA,NA,NA,NA,NA,NA,NA,NA,NA,NA,NA,NA,NA,NA,NA,NA,NA,,,,,6.4435,,4,2,,,,
C436,CP,436,MC,Cultivated,Mb,,22,16,2,4,16,7,1,3,363,4,1,,,0,,0,1,,1,0,,,,,,,,,,,,NA,NA,NA,NA,NA,NA,NA,NA,NA,NA,NA,NA,NA,NA,NA,NA,NA,NA,19,0.08,0.04,0.05,0,0,0.04,0,0,0.01,0.02,0.02,0,NA,NA,NA,NA,,,,,,3.082,,4,4,,,,
C437,CP,437,MC,Cultivated,Mb,,22,17,2,4,17,7,3,1,393,4,1,,,0,,0,1,,1,0,,,,,,,,,,,,NA,NA,NA,NA,NA,NA,NA,NA,NA,NA,NA,NA,NA,NA,NA,NA,NA,NA,12.4,0.22,0.07,0.15,0,0,0.07,0,0,0.03,0.08,0.04,0,NA,NA,NA,NA,,,,,,5.558333333,,4,3,,,,
C438,CP,438,MC,Cultivated,Mb,,22,18,2,4,18,7,2,3,415,4,1,,,0,,0,1,,1,0,,,,,,,,,,,,NA,NA,NA,NA,NA,NA,NA,NA,NA,NA,NA,NA,NA,NA,NA,NA,NA,NA,10.9,0.31,0.2,0.11,0.11,0,0.09,0,0,0.03,0.03,0.05,0,NA,NA,NA,NA,,,,,,4.86775,,4,4,,,,
C439,CP,439,MC,Cultivated,Mb,,22,19,2,4,19,8,2,2,438,4,1,,,0,,0,1,,0,1,,,,,,,,,,,,NA,NA,NA,NA,NA,NA,NA,NA,NA,NA,NA,NA,NA,NA,NA,NA,NA,NA,NA,NA,NA,NA,NA,NA,NA,NA,NA,NA,NA,NA,NA,NA,NA,NA,NA,1 cat fell during collection,,,,,5.395,,4,4,,,,
C440,CP,440,MC,Cultivated,Mb,,22,20,2,4,20,8,3,2,466,4,1,,,0,,0,1,,1,0,,,,,,,,,,,,NA,NA,NA,NA,NA,NA,NA,NA,NA,NA,NA,NA,NA,NA,NA,NA,NA,NA,19,0.27,0.06,0.21,0,0,0.05,0,0.01,0.03,0.13,0.05,0,NA,NA,NA,NA,,,,,,6.0575,,4,4,,,,
C441,CP,441,VL,Wild,Co,,23,1,1,1,1,1,5,2,18,0,1,,,0,,0,0,,0,0,,,,,,,,,,,does not exist,NA,NA,NA,NA,NA,NA,NA,NA,NA,NA,NA,NA,NA,NA,NA,NA,NA,NA,NA,NA,NA,NA,NA,NA,NA,NA,NA,NA,NA,NA,NA,NA,NA,NA,NA,NA,,,,,3.755,,3,3,,,,
C442,CP,442,VL,Wild,Co,,23,2,1,1,2,1,4,4,40,0,1,,,1,,0,0,,0,0,,,,,,,,,,,,8.9,0.1,0.04,0.05,0.02,0,0.02,0,0,0.05,0,0,0,NA,NA,NA,NA,,NA,NA,NA,NA,NA,NA,NA,NA,NA,NA,NA,NA,NA,NA,NA,NA,NA,NA,,,,,NA,NA,NA,NA,,,,
C443,CP,443,VL,Wild,Co,,23,3,1,1,3,1,2,4,56,0,1,,,0,,0,0,,0,0,,,,,,,,,,,does not exist,NA,NA,NA,NA,NA,NA,NA,NA,NA,NA,NA,NA,NA,NA,NA,NA,NA,NA,NA,NA,NA,NA,NA,NA,NA,NA,NA,NA,NA,NA,NA,NA,NA,NA,NA,NA,,,,,3.942,,3,2,,,,
C444,CP,444,VL,Wild,Co,,23,4,1,1,4,2,6,1,93,0,1,,,1,,0,1,,0,0,,,,,,,,,,,,9.8,0.13,0.04,0.08,0.01,0,0,0,0.03,0.05,0.02,0.01,0,NA,NA,NA,NA,,NA,NA,NA,NA,NA,NA,NA,NA,NA,NA,NA,NA,NA,NA,NA,NA,NA,NA,,,,,NA,NA,NA,NA,,,,
C445,CP,445,VL,Wild,Co,,23,5,1,1,5,2,3,3,107,0,1,,,0,,1,1,,1,0,,,,,,,,,,,,NA,NA,NA,NA,NA,NA,NA,NA,NA,NA,NA,NA,NA,NA,NA,NA,NA,NA,15,0.53,0.19,0.26,0.14,0.01,0.01,0,0.03,0.05,0.17,0.04,0.07,NA,NA,NA,NA,,,,,,NA,NA,NA,NA,,,,
C446,CP,446,VL,Wild,Co,,23,6,1,2,6,3,1,3,123,0,1,,,0,,0,0,,0,0,,,,,,,,,,,does not exist,NA,NA,NA,NA,NA,NA,NA,NA,NA,NA,NA,NA,NA,NA,NA,NA,NA,NA,NA,NA,NA,NA,NA,NA,NA,NA,NA,NA,NA,NA,NA,NA,NA,NA,NA,NA,,,,,4.132666667,infested by Ar as well,3,3,,,,
C447,CP,447,VL,Wild,Co,,23,7,1,2,7,3,5,1,161,0,1,,,0,,1,1,,0,1,,,,,,,,,,,,NA,NA,NA,NA,NA,NA,NA,NA,NA,NA,NA,NA,NA,NA,NA,NA,NA,NA,NA,NA,NA,NA,NA,NA,NA,NA,NA,NA,NA,NA,NA,NA,NA,NA,NA,NA,,,,,NA,NA,NA,NA,,,,
C448,CP,448,VL,Wild,Co,,23,8,1,2,8,3,2,2,174,0,1,,,0,,0,1,,0,1,,,,,,,,,,,,NA,NA,NA,NA,NA,NA,NA,NA,NA,NA,NA,NA,NA,NA,NA,NA,NA,NA,NA,NA,NA,NA,NA,NA,NA,NA,NA,NA,NA,NA,NA,NA,NA,NA,NA,NA,,,,,NA,NA,NA,NA,,,,
C449,CP,449,VL,Wild,Co,,23,9,1,2,9,4,1,4,196,0,1,,,0,,0,1,,0,1,,,,,,,,,,,,NA,NA,NA,NA,NA,NA,NA,NA,NA,NA,NA,NA,NA,NA,NA,NA,NA,NA,NA,NA,NA,NA,NA,NA,NA,NA,NA,NA,NA,NA,NA,NA,NA,NA,NA,NA,,,,,NA,NA,NA,NA,,,,
C450,CP,450,VL,Wild,Co,,23,10,1,2,10,4,3,1,225,0,1,,,0,,0,1,,1,0,,,,,,,,,,,,NA,NA,NA,NA,NA,NA,NA,NA,NA,NA,NA,NA,NA,NA,NA,NA,NA,NA,17.9,0.3,0.21,0.07,0.16,0,0.03,0,0.02,0.02,0.02,0.03,0.02,NA,NA,NA,NA,,,,,,NA,NA,NA,NA,,,,
C451,CP,451,VL,Wild,Co,,23,11,2,3,11,5,3,2,250,0,1,,,1,,0,0,,0,0,,,,,,,,,,,,6.5,0.99,0.97,0.02,0.05,0.02,0.88,0.02,0,0.02,0,0,0,NA,NA,NA,NA,,NA,NA,NA,NA,NA,NA,NA,NA,NA,NA,NA,NA,NA,NA,NA,NA,NA,NA,,,,,NA,NA,NA,NA,,,,
C452,CP,452,VL,Wild,Co,,23,12,2,3,12,5,3,4,276,0,1,,,1,,0,0,,0,0,,,,,,,,,,,,9.8,0.03,0.01,0.01,0.01,0,0,0,0,0,0,0.01,0,NA,NA,NA,NA,,NA,NA,NA,NA,NA,NA,NA,NA,NA,NA,NA,NA,NA,NA,NA,NA,NA,NA,,,,,NA,NA,NA,NA,,,,
C453,CP,453,VL,Wild,Co,,23,13,2,3,13,5,1,1,289,0,1,,,1,,0,0,,0,0,,,,,,,,,,,,8.4,0.07,0.01,0.05,0.01,0,0,0,0,0.04,0,0.01,0,NA,NA,NA,NA,,NA,NA,NA,NA,NA,NA,NA,NA,NA,NA,NA,NA,NA,NA,NA,NA,NA,NA,,,,,NA,NA,NA,NA,,,,
C454,CP,454,VL,Wild,Co,,23,14,2,3,14,6,6,2,334,0,1,,,0,,1,0,,0,0,,,,,,,,,,,,NA,NA,NA,NA,NA,NA,NA,NA,NA,NA,NA,NA,NA,NA,NA,NA,NA,NA,NA,NA,NA,NA,NA,NA,NA,NA,NA,NA,NA,NA,NA,NA,NA,NA,NA,NA,,,,,NA,NA,NA,NA,,,,
C455,CP,455,VL,Wild,Co,,23,15,2,3,15,6,4,2,350,0,1,,,0,,1,1,,0,0,,,,,,,,,,,,NA,NA,NA,NA,NA,NA,NA,NA,NA,NA,NA,NA,NA,NA,NA,NA,NA,NA,NA,NA,NA,NA,NA,NA,NA,NA,NA,NA,NA,NA,NA,NA,NA,NA,NA,NA,,,,,NA,NA,NA,NA,,,,
C456,CP,456,VL,Wild,Co,,23,16,2,4,16,7,2,1,365,0,1,,,0,,0,1,,0,1,,,,,,,,,,,,NA,NA,NA,NA,NA,NA,NA,NA,NA,NA,NA,NA,NA,NA,NA,NA,NA,NA,NA,NA,NA,NA,NA,NA,NA,NA,NA,NA,NA,NA,NA,NA,NA,NA,NA,NA,,,,,NA,NA,NA,NA,,,,
C457,CP,457,VL,Wild,Co,,23,17,2,4,17,7,4,3,399,0,1,,,0,,0,1,,0,1,,,,,,,,,,,,NA,NA,NA,NA,NA,NA,NA,NA,NA,NA,NA,NA,NA,NA,NA,NA,NA,NA,NA,NA,NA,NA,NA,NA,NA,NA,NA,NA,NA,NA,NA,NA,NA,NA,NA,NA,,,,,NA,NA,NA,NA,,,,
C458,CP,458,VL,Wild,Co,,23,18,2,4,18,7,5,4,428,0,1,,,0,,0,1,,1,0,,,,,,,,,,,,NA,NA,NA,NA,NA,NA,NA,NA,NA,NA,NA,NA,NA,NA,NA,NA,NA,NA,16.1,0.76,0.23,0.24,0.16,0.01,0,0,0.06,0.05,0.04,0.15,0.28,NA,NA,NA,NA,,,,,,NA,NA,NA,NA,,,,
C459,CP,459,VL,Wild,Co,,23,19,2,4,19,8,2,3,439,0,1,,,0,,0,1,,1,0,,,,,,,,,,,,NA,NA,NA,NA,NA,NA,NA,NA,NA,NA,NA,NA,NA,NA,NA,NA,NA,NA,18.5,0.53,0.09,0.35,0,0.01,0.01,0.01,0.06,0.09,0.14,0.12,0.1,NA,NA,NA,NA,,,,,,NA,NA,NA,NA,,,,
C460,CP,460,VL,Wild,Co,,23,20,2,4,20,8,6,3,479,0,1,,,0,,0,1,,1,0,,,,,,,,,,,,NA,NA,NA,NA,NA,NA,NA,NA,NA,NA,NA,NA,NA,NA,NA,NA,NA,NA,20,1.43,0.39,0.2,0.29,0.01,0.01,0.01,0.07,0.05,0.07,0.08,0.85,NA,NA,NA,NA,,,,,,NA,NA,NA,NA,,,,
C461,CP,461,VL,Wild,Mb,,24,1,1,1,1,1,3,3,11,3,1,,,1,,0,0,,0,0,,,,,,,,,,,,6.9,0.34,0.06,0.27,0,0,0.04,0,0.02,0.27,0,0,0,NA,NA,NA,NA,,NA,NA,NA,NA,NA,NA,NA,NA,NA,NA,NA,NA,NA,NA,NA,NA,NA,NA,,,,,5.662,,3,3,,,,
C462,CP,462,VL,Wild,Mb,,24,2,1,1,2,1,4,3,39,3,1,,,1,,0,1,,0,0,,,,,,,,,,,GSL leaves already analysed,11.45,40.99,8.41,30.66,8.19,NA,NA,0.22,NA,27.11,0.46,3.09,0.23,0.07,1.21,0.35,0.06,GSL leaves already analysed,NA,NA,NA,NA,NA,NA,NA,NA,NA,NA,NA,NA,NA,NA,NA,NA,NA,NA,,,,,5.334333333,,3,3,,,,
C463,CP,463,VL,Wild,Mb,,24,3,1,1,3,1,2,1,53,3,1,,,0,,0,0,,0,0,,,,,,,,,,,does not exist,NA,NA,NA,NA,NA,NA,NA,NA,NA,NA,NA,NA,NA,NA,NA,NA,NA,NA,NA,NA,NA,NA,NA,NA,NA,NA,NA,NA,NA,NA,NA,NA,NA,NA,NA,NA,,,,,4.929333333,infested by Ar as well,3,3,,,,
C464,CP,464,VL,Wild,Mb,,24,4,1,1,4,2,4,4,88,3,1,,,0,,0,0,,0,0,,,,,,,,,,,does not exist,NA,NA,NA,NA,NA,NA,NA,NA,NA,NA,NA,NA,NA,NA,NA,NA,NA,NA,NA,NA,NA,NA,NA,NA,NA,NA,NA,NA,NA,NA,NA,NA,NA,NA,NA,NA,,,,,6.095,infested by Ar as well,3,1,,,,
C465,CP,465,VL,Wild,Mb,,24,5,1,1,5,2,5,2,114,3,1,,,1,,0,1,,0,1,,,,,,,,,,,,10.5,0.07,0.01,0.02,0,0.01,0,0,0,0.02,0,0,0.04,NA,NA,NA,NA,,NA,NA,NA,NA,NA,NA,NA,NA,NA,NA,NA,NA,NA,NA,NA,NA,NA,NA,,,,,4.757,,3,3,,,,
C466,CP,466,VL,Wild,Mb,,24,6,1,2,6,3,2,2,126,3,1,,,1,,0,1,,0,1,,,,,,,,,,,GSL leaves already analysed,13.44,0.9,0.13,0.37,0,NA,NA,0.13,NA,0.25,0.05,0.07,0,0.38,0,0,0.02,GSL leaves already analysed,NA,NA,NA,NA,NA,NA,NA,NA,NA,NA,NA,NA,NA,NA,NA,NA,NA,NA,,,,,3.583,1 cat found during rhizosphere collection,3,3,,,,
C467,CP,467,VL,Wild,Mb,,24,7,1,2,7,3,3,1,153,3,1,,,0,,1,1,,0,1,,,,,,,,,,,,NA,NA,NA,NA,NA,NA,NA,NA,NA,NA,NA,NA,NA,NA,NA,NA,NA,NA,NA,NA,NA,NA,NA,NA,NA,NA,NA,NA,NA,NA,NA,NA,NA,NA,NA,NA,,,,,5.265,,3,2,,,,
C468,CP,468,VL,Wild,Mb,,24,8,1,2,8,3,1,3,171,3,1,,,0,,0,1,,0,1,,,,,,,,,,,,NA,NA,NA,NA,NA,NA,NA,NA,NA,NA,NA,NA,NA,NA,NA,NA,NA,NA,NA,NA,NA,NA,NA,NA,NA,NA,NA,NA,NA,NA,NA,NA,NA,NA,NA,NA,,,,,4.674666667,,3,3,,,,
C469,CP,469,VL,Wild,Mb,,24,9,1,2,9,4,6,3,215,3,1,,,0,,0,0,,0,0,,,,,,,,,,,does not exist,NA,NA,NA,NA,NA,NA,NA,NA,NA,NA,NA,NA,NA,NA,NA,NA,NA,NA,NA,NA,NA,NA,NA,NA,NA,NA,NA,NA,NA,NA,NA,NA,NA,NA,NA,NA,,,,,2.626666667,infested by Ar as well,3,3,,,,
C470,CP,470,VL,Wild,Mb,,24,10,1,2,10,4,4,1,229,3,1,,,0,,0,1,,0,1,,,,,,,,,,,,NA,NA,NA,NA,NA,NA,NA,NA,NA,NA,NA,NA,NA,NA,NA,NA,NA,NA,NA,NA,NA,NA,NA,NA,NA,NA,NA,NA,NA,NA,NA,NA,NA,NA,NA,NA,,,,,2.297,,3,2,,,,
C471,CP,471,VL,Wild,Mb,,24,11,2,3,11,5,4,2,254,3,1,,,1,,0,0,,0,0,,,,,,,,,,,,7,0.16,0.02,0.14,0,0,0.02,0,0,0.11,0.02,0.01,0,NA,NA,NA,NA,,NA,NA,NA,NA,NA,NA,NA,NA,NA,NA,NA,NA,NA,NA,NA,NA,NA,NA,,,,,6.403333333,,3,3,,,,
C472,CP,472,VL,Wild,Mb,,24,12,2,3,12,5,1,4,268,3,1,,,1,,0,0,,0,0,,,,,,,,,,,,11.4,0.03,0.01,0.02,0,0,0.01,0,0,0.02,0,0,0,NA,NA,NA,NA,,NA,NA,NA,NA,NA,NA,NA,NA,NA,NA,NA,NA,NA,NA,NA,NA,NA,NA,,,,,5.601666667,,3,3,,,,
C473,CP,473,VL,Wild,Mb,,24,13,2,3,13,5,6,2,310,3,1,,,1,,0,0,,0,0,,,,,,,,,,,,9.2,0.12,0.02,0.02,0,0.02,0,0,0,0.02,0,0,0.07,NA,NA,NA,NA,,NA,NA,NA,NA,NA,NA,NA,NA,NA,NA,NA,NA,NA,NA,NA,NA,NA,NA,,,,,2.0315,,3,2,,,,
C474,CP,474,VL,Wild,Mb,,24,14,2,3,14,6,1,2,314,3,1,,,1,,0,0,,0,0,,,,,,,,,,,GSL leaves already analysed,11.35,1.77,0.7,0.96,0.59,NA,NA,0.11,NA,0.9,0.02,0.04,0,0,0.06,0.03,0,GSL leaves already analysed,NA,NA,NA,NA,NA,NA,NA,NA,NA,NA,NA,NA,NA,NA,NA,NA,NA,NA,,,,,2.6235,,3,2,,,,
C475,CP,475,VL,Wild,Mb,,24,15,2,3,15,6,2,4,344,3,1,,,0,,1,1,,0,0,,,,,,,,,,,,NA,NA,NA,NA,NA,NA,NA,NA,NA,NA,NA,NA,NA,NA,NA,NA,NA,NA,NA,NA,NA,NA,NA,NA,NA,NA,NA,NA,NA,NA,NA,NA,NA,NA,NA,NA,,,,,3.988,,3,3,,,,
C476,CP,476,VL,Wild,Mb,,24,16,2,4,16,7,6,4,384,3,1,,,0,,0,1,,1,0,,,,,,,,,,,,NA,NA,NA,NA,NA,NA,NA,NA,NA,NA,NA,NA,NA,NA,NA,NA,NA,NA,12.8,2.23,0.41,1.28,0.26,0.02,0,0,0.13,0.35,0.39,0.54,0.55,NA,NA,NA,NA,,,,,,3.954333333,,3,3,,,,
C477,CP,477,VL,Wild,Mb,,24,17,2,4,17,7,3,4,396,3,1,,,0,,0,1,,1,0,,,,,,,,,,,,NA,NA,NA,NA,NA,NA,NA,NA,NA,NA,NA,NA,NA,NA,NA,NA,NA,NA,11.5,0.85,0.36,0.16,0.27,0.01,0.05,0,0.03,0.03,0.02,0.11,0.34,NA,NA,NA,NA,,,,,,4.156333333,,3,3,,,,
C478,CP,478,VL,Wild,Mb,,24,18,2,4,18,7,5,3,427,3,1,,,0,,0,1,,1,0,,,,,,,,,,,,NA,NA,NA,NA,NA,NA,NA,NA,NA,NA,NA,NA,NA,NA,NA,NA,NA,NA,15.6,0.63,0.24,0.2,0.1,0.01,0.07,0,0.06,0.05,0.07,0.08,0.18,NA,NA,NA,NA,,,,,,3.623,,3,3,,,,
C479,CP,479,VL,Wild,Mb,,24,19,2,4,19,8,5,4,452,3,1,,,0,,0,1,,1,0,,,,,,,,,,,,NA,NA,NA,NA,NA,NA,NA,NA,NA,NA,NA,NA,NA,NA,NA,NA,NA,NA,12.9,0.98,0.31,0.22,0.2,0.02,0.05,0,0.04,0.03,0.03,0.16,0.45,NA,NA,NA,NA,,,,,,3.740666667,,3,3,,,,
C480,CP,480,VL,Wild,Mb,,24,20,2,4,20,8,5,1,473,3,1,,,0,,0,1,,1,0,,,,,,,,,,,,NA,NA,NA,NA,NA,NA,NA,NA,NA,NA,NA,NA,NA,NA,NA,NA,NA,NA,11.1,1.45,0.27,0.36,0,0.03,0.15,0,0.09,0.06,0.1,0.2,0.82,NA,NA,NA,NA,,,,,,1.322,,3,1,,,,
CE105,CP,E105,OH,Wild,Mb,,18,NA,2,4,NA,,NA,NA,NA,8,2,,,NA,,NA,NA,,NA,NA,,,,,,,,,,,NA,NA,NA,NA,NA,NA,NA,NA,NA,NA,NA,NA,NA,NA,NA,NA,NA,NA,NA,NA,NA,NA,NA,NA,NA,NA,NA,NA,NA,NA,NA,NA,NA,NA,NA,NA,NA,,,,,0.214,,8,2,,,,
CE115,CP,E115,RI,Cultivated,Mb,,20,NA,1,1,NA,,NA,NA,NA,3,1,,,NA,,NA,NA,,NA,NA,,,,,,,,,,,NA,NA,NA,NA,NA,NA,NA,NA,NA,NA,NA,NA,NA,NA,NA,NA,NA,NA,NA,NA,NA,NA,NA,NA,NA,NA,NA,NA,NA,NA,NA,NA,NA,NA,NA,NA,NA,,,,,2.121,,3,3,,,,
CE116,CP,E116,RI,Cultivated,Mb,,20,NA,1,1,NA,,NA,NA,NA,4,1,,,NA,,NA,NA,,NA,NA,,,,,,,,,,,NA,NA,NA,NA,NA,NA,NA,NA,NA,NA,NA,NA,NA,NA,NA,NA,NA,NA,NA,NA,NA,NA,NA,NA,NA,NA,NA,NA,NA,NA,NA,NA,NA,NA,NA,NA,NA,,,,,4.13775,,4,4,,,,
CE117,CP,E117,RI,Cultivated,Mb,,20,NA,1,2,NA,,NA,NA,NA,3,1,,,NA,,NA,NA,,NA,NA,,,,,,,,,,,NA,NA,NA,NA,NA,NA,NA,NA,NA,NA,NA,NA,NA,NA,NA,NA,NA,NA,NA,NA,NA,NA,NA,NA,NA,NA,NA,NA,NA,NA,NA,NA,NA,NA,NA,NA,NA,,,,,4.4305,,3,2,,,,
CE118,CP,E118,RI,Cultivated,Mb,,20,NA,2,4,NA,,NA,NA,NA,3,1,,,NA,,NA,NA,,NA,NA,,,,,,,,,,,NA,NA,NA,NA,NA,NA,NA,NA,NA,NA,NA,NA,NA,NA,NA,NA,NA,NA,NA,NA,NA,NA,NA,NA,NA,NA,NA,NA,NA,NA,NA,NA,NA,NA,NA,NA,NA,,,,,4.5345,,3,2,,,,
CE119,CP,E119,RI,Cultivated,Mb,,20,NA,1,1,NA,,NA,NA,NA,3,1,,,NA,,NA,NA,,NA,NA,,,,,,,,,,,NA,NA,NA,NA,NA,NA,NA,NA,NA,NA,NA,NA,NA,NA,NA,NA,NA,NA,NA,NA,NA,NA,NA,NA,NA,NA,NA,NA,NA,NA,NA,NA,NA,NA,NA,NA,NA,,,,,5.009666667,,3,3,,,,
CE12,CP,E12,CD,Cultivated,Mb,,2,NA,2,3,NA,,NA,NA,NA,6,1,,,NA,,NA,NA,,NA,NA,,,,,,,,,,,NA,NA,NA,NA,NA,NA,NA,NA,NA,NA,NA,NA,NA,NA,NA,NA,NA,NA,NA,NA,NA,NA,NA,NA,NA,NA,NA,NA,NA,NA,NA,NA,NA,NA,NA,NA,NA,,,,,1.4635,,6,6,,,,
CE120,CP,E120,RI,Cultivated,Mb,,20,NA,1,2,NA,,NA,NA,NA,3,1,,,NA,,NA,NA,,NA,NA,,,,,,,,,,,NA,NA,NA,NA,NA,NA,NA,NA,NA,NA,NA,NA,NA,NA,NA,NA,NA,NA,NA,NA,NA,NA,NA,NA,NA,NA,NA,NA,NA,NA,NA,NA,NA,NA,NA,NA,NA,,,,,3.4585,,3,2,,,,
CE133,CP,E133,VL,Wild,Mb,,24,NA,1,2,NA,,NA,NA,NA,3,1,,,NA,,NA,NA,,NA,NA,,,,,,,,,,,NA,NA,NA,NA,NA,NA,NA,NA,NA,NA,NA,NA,NA,NA,NA,NA,NA,NA,NA,NA,NA,NA,NA,NA,NA,NA,NA,NA,NA,NA,NA,NA,NA,NA,NA,NA,NA,,,,,3.969,infested by Ar as well,3,3,,,,
CE135,CP,E135,VL,Wild,Mb,,24,NA,1,2,NA,,NA,NA,NA,3,1,,,NA,,NA,NA,,NA,NA,,,,,,,,,,,NA,NA,NA,NA,NA,NA,NA,NA,NA,NA,NA,NA,NA,NA,NA,NA,NA,NA,NA,NA,NA,NA,NA,NA,NA,NA,NA,NA,NA,NA,NA,NA,NA,NA,NA,NA,NA,,,,,6.539,infested by Ar as well,3,2,,,,
CE142,CP,E142,VL,Wild,Mb,,24,NA,2,3,NA,,NA,NA,NA,3,1,,,NA,,NA,NA,,NA,NA,,,,,,,,,,,NA,NA,NA,NA,NA,NA,NA,NA,NA,NA,NA,NA,NA,NA,NA,NA,NA,NA,NA,NA,NA,NA,NA,NA,NA,NA,NA,NA,NA,NA,NA,NA,NA,NA,NA,NA,NA,,,,,3.932,,3,2,,,,
CE143,CP,E143,VL,Wild,Mb,,24,NA,2,3,NA,,NA,NA,NA,3,1,,,NA,,NA,NA,,NA,NA,,,,,,,,,,,NA,NA,NA,NA,NA,NA,NA,NA,NA,NA,NA,NA,NA,NA,NA,NA,NA,NA,NA,NA,NA,NA,NA,NA,NA,NA,NA,NA,NA,NA,NA,NA,NA,NA,NA,NA,NA,,,,,3.991,,3,3,,,,
CE145,CP,E145,RI,Cultivated,Mb,,20,NA,2,3,NA,,NA,NA,NA,3,1,,,NA,,NA,NA,,NA,NA,,,,,,,,,,,NA,NA,NA,NA,NA,NA,NA,NA,NA,NA,NA,NA,NA,NA,NA,NA,NA,NA,NA,NA,NA,NA,NA,NA,NA,NA,NA,NA,NA,NA,NA,NA,NA,NA,NA,NA,NA,,,,,2.099,,3,3,,,,
CE147,CP,E147,RI,Cultivated,Mb,,20,NA,1,1,NA,,NA,NA,NA,3,1,,,NA,,NA,NA,,NA,NA,,,,,,,,,,,NA,NA,NA,NA,NA,NA,NA,NA,NA,NA,NA,NA,NA,NA,NA,NA,NA,NA,NA,NA,NA,NA,NA,NA,NA,NA,NA,NA,NA,NA,NA,NA,NA,NA,NA,NA,NA,,,,,3.618,,3,2,,,,
CE150,CP,E150,RI,Cultivated,Mb,,20,NA,NA,NA,NA,,NA,NA,NA,3,1,,,NA,,NA,NA,,NA,NA,,,,,,,,,,,NA,NA,NA,NA,NA,NA,NA,NA,NA,NA,NA,NA,NA,NA,NA,NA,NA,NA,NA,NA,NA,NA,NA,NA,NA,NA,NA,NA,NA,NA,NA,NA,NA,NA,NA,NA,NA,,,,,3.747333333,,3,3,,,,
CE151,CP,E151,RI,Cultivated,Mb,,20,NA,2,4,NA,,NA,NA,NA,3,1,,,NA,,NA,NA,,NA,NA,,,,,,,,,,,NA,NA,NA,NA,NA,NA,NA,NA,NA,NA,NA,NA,NA,NA,NA,NA,NA,NA,NA,NA,NA,NA,NA,NA,NA,NA,NA,NA,NA,NA,NA,NA,NA,NA,NA,NA,NA,,,,,1.991,,3,3,,,,
CE152,CP,E152,RI,Cultivated,Mb,,20,NA,2,3,NA,,NA,NA,NA,3,1,,,NA,,NA,NA,,NA,NA,,,,,,,,,,,NA,NA,NA,NA,NA,NA,NA,NA,NA,NA,NA,NA,NA,NA,NA,NA,NA,NA,NA,NA,NA,NA,NA,NA,NA,NA,NA,NA,NA,NA,NA,NA,NA,NA,NA,NA,NA,,,,,2.545,,3,3,,,,
CE153,CP,E153,RI,Cultivated,Mb,,20,NA,2,4,NA,,NA,NA,NA,3,1,,,NA,,NA,NA,,NA,NA,,,,,,,,,,,NA,NA,NA,NA,NA,NA,NA,NA,NA,NA,NA,NA,NA,NA,NA,NA,NA,NA,NA,NA,NA,NA,NA,NA,NA,NA,NA,NA,NA,NA,NA,NA,NA,NA,NA,NA,NA,,,,,1.387666667,,3,3,,,,
CE154,CP,E154,RI,Cultivated,Mb,,20,NA,2,4,NA,,NA,NA,NA,3,1,,,NA,,NA,NA,,NA,NA,,,,,,,,,,,NA,NA,NA,NA,NA,NA,NA,NA,NA,NA,NA,NA,NA,NA,NA,NA,NA,NA,NA,NA,NA,NA,NA,NA,NA,NA,NA,NA,NA,NA,NA,NA,NA,NA,NA,NA,NA,,,,,2.887,,3,3,,,,
CE155,CP,E155,RI,Cultivated,Mb,,20,NA,2,3,NA,,NA,NA,NA,3,1,,,NA,,NA,NA,,NA,NA,,,,,,,,,,,NA,NA,NA,NA,NA,NA,NA,NA,NA,NA,NA,NA,NA,NA,NA,NA,NA,NA,NA,NA,NA,NA,NA,NA,NA,NA,NA,NA,NA,NA,NA,NA,NA,NA,NA,NA,NA,,,,,2.0405,,3,2,,,,
CE156,CP,E156,RI,Cultivated,Mb,,20,NA,2,4,NA,,NA,NA,NA,3,1,,,NA,,NA,NA,,NA,NA,,,,,,,,,,,NA,NA,NA,NA,NA,NA,NA,NA,NA,NA,NA,NA,NA,NA,NA,NA,NA,NA,NA,NA,NA,NA,NA,NA,NA,NA,NA,NA,NA,NA,NA,NA,NA,NA,NA,NA,NA,,,,,4.798,,3,1,,,,
CE161,CP,E161,RI,Cultivated,Mb,,20,NA,2,4,NA,,NA,NA,NA,3,1,,,NA,,NA,NA,,NA,NA,,,,,,,,,,,NA,NA,NA,NA,NA,NA,NA,NA,NA,NA,NA,NA,NA,NA,NA,NA,NA,NA,NA,NA,NA,NA,NA,NA,NA,NA,NA,NA,NA,NA,NA,NA,NA,NA,NA,NA,NA,,,,,2.872666667,,3,3,,,,
CE162,CP,E162,RI,Cultivated,Mb,,20,NA,2,3,NA,,NA,NA,NA,3,1,,,NA,,NA,NA,,NA,NA,,,,,,,,,,,NA,NA,NA,NA,NA,NA,NA,NA,NA,NA,NA,NA,NA,NA,NA,NA,NA,NA,NA,NA,NA,NA,NA,NA,NA,NA,NA,NA,NA,NA,NA,NA,NA,NA,NA,NA,NA,,,,,2.179,,3,3,,,,
CE163,CP,E163,RI,Cultivated,Mb,,20,NA,2,4,NA,,NA,NA,NA,3,1,,,NA,,NA,NA,,NA,NA,,,,,,,,,,,NA,NA,NA,NA,NA,NA,NA,NA,NA,NA,NA,NA,NA,NA,NA,NA,NA,NA,NA,NA,NA,NA,NA,NA,NA,NA,NA,NA,NA,NA,NA,NA,NA,NA,NA,NA,NA,,,,,1.704,,3,2,,,,
CE24,CP,E24,DD,Wild,Mb,,4,NA,2,4,NA,,NA,NA,NA,8,2,,,NA,,NA,NA,,NA,NA,,,,,,,,,,,NA,NA,NA,NA,NA,NA,NA,NA,NA,NA,NA,NA,NA,NA,NA,NA,NA,NA,NA,NA,NA,NA,NA,NA,NA,NA,NA,NA,NA,NA,NA,NA,NA,NA,NA,NA,NA,,,,,0.192333333,,8,3,,,,
CE33,CP,E33,GO1,Cultivated,Mb,,6,100,1,2,10,4,3,2,226,4,1,,,0,,0,0,,0,1,,,,,,,,,,,not sample 110 but E33,NA,NA,NA,NA,NA,NA,NA,NA,NA,NA,NA,NA,NA,NA,NA,NA,NA,NA,NA,NA,NA,NA,NA,NA,NA,NA,NA,NA,NA,NA,NA,NA,NA,NA,NA,NA,,,,,8.521,small plant,2,2,,,,
CE46,CP,E46,HE,Wild,Mb,,8,NA,2,4,NA,,NA,NA,NA,6,2,,,NA,,NA,NA,,NA,NA,,,,,,,,,,,NA,NA,NA,NA,NA,NA,NA,NA,NA,NA,NA,NA,NA,NA,NA,NA,NA,NA,NA,NA,NA,NA,NA,NA,NA,NA,NA,NA,NA,NA,NA,NA,NA,NA,NA,NA,NA,,,,,1.2075,,6,4,,,,
CE56,CP,E56,HM,Cultivated,Mb,,10,NA,1,2,NA,,NA,NA,NA,2,1,,,NA,,NA,NA,,NA,NA,,,,,,,,,,,NA,NA,NA,NA,NA,NA,NA,NA,NA,NA,NA,NA,NA,NA,NA,NA,NA,NA,NA,NA,NA,NA,NA,NA,NA,NA,NA,NA,NA,NA,NA,NA,NA,NA,NA,NA,NA,,,,,5.43,plus four plutella,2,1,,,,
CE58,CP,E58,HM,Cultivated,Mb,,10,NA,2,3,NA,,NA,NA,NA,2,1,,,NA,,NA,NA,,NA,NA,,,,,,,,,,,NA,NA,NA,NA,NA,NA,NA,NA,NA,NA,NA,NA,NA,NA,NA,NA,NA,NA,NA,NA,NA,NA,NA,NA,NA,NA,NA,NA,NA,NA,NA,NA,NA,NA,NA,NA,NA,,,,,4.971,,2,2,,,,
CE66,CP,E66,IT1,Cultivated,Mb,,12,NA,NA,NA,NA,,NA,NA,NA,4,1,,,NA,,NA,NA,,NA,NA,,,,,,,,,,,NA,NA,NA,NA,NA,NA,NA,NA,NA,NA,NA,NA,NA,NA,NA,NA,NA,NA,NA,NA,NA,NA,NA,NA,NA,NA,NA,NA,NA,NA,NA,NA,NA,NA,NA,NA,NA,,,,,6.528,,4,1,,,,
CE67,CP,E67,IT1,Cultivated,Mb,,12,NA,1,1,NA,,NA,NA,NA,4,1,,,NA,,NA,NA,,NA,NA,,,,,,,,,,,NA,NA,NA,NA,NA,NA,NA,NA,NA,NA,NA,NA,NA,NA,NA,NA,NA,NA,NA,NA,NA,NA,NA,NA,NA,NA,NA,NA,NA,NA,NA,NA,NA,NA,NA,NA,NA,,,,,3.261,malformed plant,4,2,,,,
CE72,CP,E72,IT1,Cultivated,Mb,,12,NA,2,4,NA,,NA,NA,NA,4,1,,,NA,,NA,NA,,NA,NA,,,,,,,,,,,NA,NA,NA,NA,NA,NA,NA,NA,NA,NA,NA,NA,NA,NA,NA,NA,NA,NA,NA,NA,NA,NA,NA,NA,NA,NA,NA,NA,NA,NA,NA,NA,NA,NA,NA,NA,NA,,,,,5.874,,4,4,,,,
CTRL1,CP,U1,Un,Un,Un,Un,26,1,1,1,1,1,6,5,NA,NA,0,0,0,0,0,0,0,0,0,,0,1,0,0,0,0,0,0,0,0,,NA,NA,NA,NA,NA,NA,NA,NA,NA,NA,NA,NA,NA,NA,NA,NA,NA,NA,,,,,,,,,,,,,,,,,,,NA,NA,NA,NA,NA,NA,NA,NA,,,,
CTRL10,CP,U10,Un,Un,Un,Un,26,10,2,4,18,7,2,5,NA,NA,0,0,0,0,0,0,0,0,0,,0,1,0,0,0,0,0,0,0,0,,NA,NA,NA,NA,NA,NA,NA,NA,NA,NA,NA,NA,NA,NA,NA,NA,NA,NA,,,,,,,,,,,,,,,,,,,NA,NA,NA,NA,NA,NA,NA,NA,,,,
CTRL2,CP,U2,Un,Un,Un,Un,26,2,1,1,3,1,3,5,NA,NA,0,0,0,0,0,0,0,0,0,,0,1,0,0,0,0,0,0,0,0,,NA,NA,NA,NA,NA,NA,NA,NA,NA,NA,NA,NA,NA,NA,NA,NA,NA,NA,,,,,,,,,,,,,,,,,,,NA,NA,NA,NA,NA,NA,NA,NA,,,,
CTRL3,CP,U3,Un,Un,Un,Un,26,3,1,1,5,2,5,5,NA,NA,0,0,0,0,0,0,0,0,0,,0,1,0,0,0,0,0,0,0,0,,NA,NA,NA,NA,NA,NA,NA,NA,NA,NA,NA,NA,NA,NA,NA,NA,NA,NA,,,,,,,,,,,,,,,,,,,NA,NA,NA,NA,NA,NA,NA,NA,,,,
CTRL4,CP,U4,Un,Un,Un,Un,26,4,1,2,6,3,3,5,NA,NA,0,0,0,0,0,0,0,0,0,,0,1,0,0,0,0,0,0,0,0,,NA,NA,NA,NA,NA,NA,NA,NA,NA,NA,NA,NA,NA,NA,NA,NA,NA,NA,,,,,,,,,,,,,,,,,,,NA,NA,NA,NA,NA,NA,NA,NA,,,,
CTRL5,CP,U5,Un,Un,Un,Un,26,5,1,2,8,3,2,5,NA,NA,0,0,0,0,0,0,0,0,0,,0,1,0,0,0,0,0,0,0,0,,NA,NA,NA,NA,NA,NA,NA,NA,NA,NA,NA,NA,NA,NA,NA,NA,NA,NA,,,,,,,,,,,,,,,,,,,NA,NA,NA,NA,NA,NA,NA,NA,,,,
CTRL6,CP,U6,Un,Un,Un,Un,26,6,2,3,11,5,6,5,NA,NA,0,0,0,0,0,0,0,0,0,,0,1,0,0,0,0,0,0,0,0,,NA,NA,NA,NA,NA,NA,NA,NA,NA,NA,NA,NA,NA,NA,NA,NA,NA,NA,,,,,,,,,,,,,,,,,,,NA,NA,NA,NA,NA,NA,NA,NA,,,,
CTRL7,CP,U7,Un,Un,Un,Un,26,7,2,3,13,5,3,5,NA,NA,0,0,0,0,0,0,0,0,0,,0,1,0,0,0,0,0,0,0,0,,NA,NA,NA,NA,NA,NA,NA,NA,NA,NA,NA,NA,NA,NA,NA,NA,NA,NA,,,,,,,,,,,,,,,,,,,NA,NA,NA,NA,NA,NA,NA,NA,,,,
CTRL8,CP,U8,Un,Un,Un,Un,26,8,2,3,15,6,5,5,NA,NA,0,0,0,0,0,0,0,0,0,,0,1,0,0,0,0,0,0,0,0,,NA,NA,NA,NA,NA,NA,NA,NA,NA,NA,NA,NA,NA,NA,NA,NA,NA,NA,,,,,,,,,,,,,,,,,,,NA,NA,NA,NA,NA,NA,NA,NA,,,,
CTRL9,CP,U9,Un,Un,Un,Un,26,9,2,4,16,7,3,5,NA,NA,0,0,0,0,0,0,0,0,0,,0,1,0,0,0,0,0,0,0,0,,NA,NA,NA,NA,NA,NA,NA,NA,NA,NA,NA,NA,NA,NA,NA,NA,NA,NA,,,,,,,,,,,,,,,,,,,NA,NA,NA,NA,NA,NA,NA,NA,,,,
F001,FP,1,CD,Cultivated,Mb,Co,1,1,1,1,1,9,4,3,15,0,2,0,0,0,0,0,0,0,0,,1,0,0,0,0,0,0,0,0,0,Plant had (nearly) no damage,NA,NA,NA,NA,NA,NA,NA,NA,NA,NA,NA,NA,NA,NA,NA,NA,NA,NA,,,,,,,,,,,,,,,,,,,NA,NA,NA,NA,16.948,"Caterpillar weight is avaraged per plant, another file has weight per caterpillar; all weight are in mg",2,1,1,0.5,,
F002,FP,2,CD,Cultivated,Mb,Co,1,2,1,1,2,9,1,3,27,0,2,1,1,0,0,0,0,0,0,,1,0,0,0,0,0,0,0,0,0,"One caterpillar added because one caterpillar did not survive infestion the day before., Number of caterpillar found in tubes did not equal number of caterpillar written down.",NA,NA,NA,NA,NA,NA,NA,NA,NA,NA,NA,NA,NA,NA,NA,NA,NA,NA,,,,,,,,,,,,,,,,,,,NA,NA,NA,NA,NA,NA,2,0,2,0,0.8537,Root weight is in g
F003,FP,3,CD,Cultivated,Mb,Co,1,3,1,1,3,9,6,3,71,0,2,1,1,0,0,0,0,0,0,,1,0,0,0,0,0,0,0,0,0,,NA,NA,NA,NA,NA,NA,NA,NA,NA,NA,NA,NA,NA,NA,NA,NA,NA,NA,,,,,,,,,,,,,,,,,,,NA,NA,NA,NA,NA,NA,2,0,2,0,1.3708,
F004,FP,4,CD,Cultivated,Mb,Co,1,4,1,1,4,10,2,3,79,0,2,1,1,0,0,0,0,0,0,,1,0,0,0,0,0,0,0,0,0,,NA,NA,NA,NA,NA,NA,NA,NA,NA,NA,NA,NA,NA,NA,NA,NA,NA,NA,,,,,,,,,,,,,,,,,,,NA,NA,NA,NA,18.972,,2,1,1,0.5,0.9276,
F005,FP,5,CD,Cultivated,Mb,Co,1,5,1,1,5,10,5,4,116,0,2,1,1,0,0,0,1,1,0,,0,0,0,0,0,0,0,0,0,0,,NA,NA,NA,NA,NA,NA,NA,NA,NA,NA,NA,NA,NA,NA,NA,NA,NA,NA,,,,,,,,,,,,,,,,,,,NA,NA,NA,NA,15.2945,,2,2,0,1,,
F006,FP,6,CD,Cultivated,Mb,Co,1,6,1,2,6,11,5,1,137,0,2,1,1,0,0,0,1,1,1,,0,0,0,0,0,0,0,0,0,0,,NA,NA,NA,NA,NA,NA,NA,NA,NA,NA,NA,NA,NA,NA,NA,NA,NA,NA,,,,,,,,,,,,,,,,,,,NA,NA,NA,NA,71.404,,2,1,1,0.5,,
F007,FP,7,CD,Cultivated,Mb,Co,1,7,1,2,7,11,3,4,156,0,2,1,1,0,0,0,1,1,1,,0,0,0,0,0,0,0,0,0,0,,NA,NA,NA,NA,NA,NA,NA,NA,NA,NA,NA,NA,NA,NA,NA,NA,NA,NA,,,,,,,,,,,,,,,,,,,NA,NA,NA,NA,42.7415,,2,2,0,1,,
F008,FP,8,CD,Cultivated,Mb,Co,1,8,1,2,8,11,5,3,187,0,2,1,1,0,0,0,1,1,1,,0,0,0,0,0,0,0,0,0,0,,NA,NA,NA,NA,NA,NA,NA,NA,NA,NA,NA,NA,NA,NA,NA,NA,NA,NA,,,,,,,,,,,,,,,,,,,NA,NA,NA,NA,17.6935,,2,2,0,1,,
F009,FP,9,CD,Cultivated,Mb,Co,1,9,1,2,9,12,2,2,198,0,2,1,1,0,0,0,1,1,1,,0,0,0,0,0,0,0,0,0,0,"One caterpillar added because one caterpillar did not survive infestion the day before., Number of caterpillar found in tubes did not equal number of caterpillar written down.",NA,NA,NA,NA,NA,NA,NA,NA,NA,NA,NA,NA,NA,NA,NA,NA,NA,NA,,,,,,,,,,,,,,,,,,,NA,NA,NA,NA,19,,2,2,0,1,,
F010,FP,10,CD,Cultivated,Mb,Co,1,10,1,2,10,12,1,1,217,0,2,1,1,0,0,0,1,1,1,,0,0,0,0,0,0,0,0,0,0,,NA,NA,NA,NA,NA,NA,NA,NA,NA,NA,NA,NA,NA,NA,NA,NA,NA,NA,,,,,,,,,,,,,,,,,,,NA,NA,NA,NA,37.153,,2,1,1,0.5,,
F011,FP,11,CD,Cultivated,Mb,Co,1,11,2,3,11,13,2,1,245,0,2,1,1,0,1,0,0,0,0,,1,0,0,0,0,1,0,0,0,0,number of caterpillar found in tubes did not equal number of caterpillar written down.,NA,NA,NA,NA,NA,NA,NA,NA,NA,NA,NA,NA,NA,NA,NA,NA,NA,NA,,,,,,,,,,,,,,,,,,,1.65,39.38,23.94,N and C are percentages,5.5335,,2,2,0,1,,
F012,FP,12,CD,Cultivated,Mb,Co,1,12,2,3,12,13,3,1,273,0,2,1,1,0,1,0,0,0,0,,1,0,0,0,0,0,0,0,0,0,,NA,NA,NA,NA,NA,NA,NA,NA,NA,NA,NA,NA,NA,NA,NA,NA,NA,NA,,,,,,,,,,,,,,,,,,,1.35,39.65,29.42,,7.4175,,2,2,0,1,0.5937,
F013,FP,13,CD,Cultivated,Mb,Co,1,13,2,3,13,13,3,2,298,0,2,1,1,0,1,0,0,0,0,,1,0,0,0,0,0,0,0,0,0,,NA,NA,NA,NA,NA,NA,NA,NA,NA,NA,NA,NA,NA,NA,NA,NA,NA,NA,,,,,,,,,,,,,,,,,,,1.25,39.37,31.39,,1.261666667,,3,3,0,1,0.5561,
F014,FP,14,CD,Cultivated,Mb,Co,1,14,2,3,14,14,4,2,326,0,2,1,1,0,1,0,0,0,0,,1,0,0,0,0,0,0,0,0,0,,NA,NA,NA,NA,NA,NA,NA,NA,NA,NA,NA,NA,NA,NA,NA,NA,NA,NA,,,,,,,,,,,,,,,,,,,1.68,39.99,23.76,,6.2855,,2,2,0,1,0.6416,
F015,FP,15,CD,Cultivated,Mb,Co,1,15,2,3,15,14,4,4,352,0,2,1,1,0,1,0,1,1,0,,0,0,0,0,0,0,0,0,0,0,,NA,NA,NA,NA,NA,NA,NA,NA,NA,NA,NA,NA,NA,NA,NA,NA,NA,NA,,,,,,,,,,,,,,,,,,,1.47,39.65,27.02,,4.9065,,2,2,0,1,,
F016,FP,16,CD,Cultivated,Mb,Co,1,16,2,4,16,15,4,1,373,0,2,1,1,1,0,0,1,1,1,,0,0,0,0,0,0,0,0,0,0,,14.5,1.3,1.06,0.25,0.09,0.91,0.06,0,0,0.23,0.02,0,0,NA,NA,NA,NA,,,,,,,,,,,,,,,,,,,,NA,NA,NA,NA,12.2785,,2,2,0,1,,
F017,FP,17,CD,Cultivated,Mb,Co,1,17,2,4,17,15,6,2,406,0,2,1,1,1,0,0,1,1,1,,0,0,0,0,0,0,0,0,0,0,,14.8,0.74,0.07,0.66,0,0.03,0.04,0,0,0.64,0.02,0,0,NA,NA,NA,NA,,,,,,,,,,,,,,,,,,,,NA,NA,NA,NA,9.96,,2,2,0,1,,
F018,FP,18,CD,Cultivated,Mb,Co,1,18,2,4,18,15,5,2,426,0,2,1,1,1,0,0,1,1,1,,0,0,0,0,0,0,0,0,0,0,Switched around with E2 before herbivore infestation because one leaf broke,12.7,0.31,0.11,0.17,0,0.04,0.06,0,0.01,0.14,0.03,0.03,0,NA,NA,NA,NA,Switched around with E2 before herbivore infestation because one leaf broke,,,,,,,,,,,,,,,,,,,NA,NA,NA,NA,6.7495,,2,2,0,1,,
F019,FP,19,CD,Cultivated,Mb,Co,1,19,2,4,19,16,6,4,456,0,2,1,1,1,0,0,1,1,1,,0,0,0,0,0,0,0,0,0,0,,13,0.22,0.17,0.05,0.17,0,0,0,0,0.01,0.01,0,0.03,NA,NA,NA,NA,,,,,,,,,,,,,,,,,,,,NA,NA,NA,NA,5.06,,2,1,1,0.5,,
F020,FP,20,CD,Cultivated,Mb,Co,1,20,2,4,20,16,1,4,460,0,2,1,1,1,0,0,1,1,1,,0,0,0,0,0,0,0,0,0,0,,13.9,0.16,0.08,0.09,0,0.02,0.05,0,0.01,0.07,0.01,0,0.01,NA,NA,NA,NA,,,,,,,,,,,,,,,,,,,,NA,NA,NA,NA,8.9805,,2,2,0,1,,
F021,FP,21,CD,Cultivated,Mb,Mb,2,1,1,1,1,9,2,2,6,5,2,1,1,0,0,0,0,0,0,,1,0,0,0,0,0,0,0,0,0,,NA,NA,NA,NA,NA,NA,NA,NA,NA,NA,NA,NA,NA,NA,NA,NA,NA,NA,,,,,,,,,,,,,,,,,,,NA,NA,NA,NA,17.46266667,,3,3,0,1,,
F022,FP,22,CD,Cultivated,Mb,Mb,2,2,1,1,2,9,4,1,37,5,2,1,1,0,0,0,0,0,0,,1,0,0,0,0,0,0,0,0,0,,NA,NA,NA,NA,NA,NA,NA,NA,NA,NA,NA,NA,NA,NA,NA,NA,NA,NA,,,,,,,,,,,,,,,,,,,NA,NA,NA,NA,50.058,,2,1,1,0.5,0.6064,
F023,FP,23,CD,Cultivated,Mb,Mb,2,3,1,1,3,9,3,3,59,5,2,1,1,0,0,0,0,0,0,,1,0,0,0,0,0,0,0,0,0,One caterpillar added because one caterpillar did not survive infestion the day before.,NA,NA,NA,NA,NA,NA,NA,NA,NA,NA,NA,NA,NA,NA,NA,NA,NA,NA,,,,,,,,,,,,,,,,,,,NA,NA,NA,NA,17.767,,2,1,1,0.5,0.9616,
F024,FP,24,CD,Cultivated,Mb,Mb,2,4,1,1,4,10,5,2,90,5,2,1,1,0,0,0,0,0,0,,1,0,0,0,0,0,0,0,0,0,,NA,NA,NA,NA,NA,NA,NA,NA,NA,NA,NA,NA,NA,NA,NA,NA,NA,NA,,,,,,,,,,,,,,,,,,,NA,NA,NA,NA,10.9675,,2,2,0,1,0.866,
F025,FP,25,CD,Cultivated,Mb,Mb,2,5,1,1,5,10,1,1,97,5,2,1,1,0,0,0,1,1,0,,0,0,0,0,0,0,0,0,0,0,,NA,NA,NA,NA,NA,NA,NA,NA,NA,NA,NA,NA,NA,NA,NA,NA,NA,NA,,,,,,,,,,,,,,,,,,,NA,NA,NA,NA,21.865,,2,1,1,0.5,,
F026,FP,26,CD,Cultivated,Mb,Mb,2,6,1,2,6,11,5,3,139,5,2,1,1,0,0,0,1,1,1,,0,0,0,0,0,0,0,0,0,0,,NA,NA,NA,NA,NA,NA,NA,NA,NA,NA,NA,NA,NA,NA,NA,NA,NA,NA,,,,,,,,,,,,,,,,,,,NA,NA,NA,NA,13.076,,2,2,0,1,,
F027,FP,27,CD,Cultivated,Mb,Mb,2,7,1,2,7,11,2,1,149,5,2,1,1,0,0,0,1,1,1,,0,0,0,0,0,0,0,0,0,0,One caterpillar added because one caterpillar did not survive infestion the day before.,NA,NA,NA,NA,NA,NA,NA,NA,NA,NA,NA,NA,NA,NA,NA,NA,NA,NA,,,,,,,,,,,,,,,,,,,NA,NA,NA,NA,24.998,,2,2,0,1,,
F028,FP,28,CD,Cultivated,Mb,Mb,2,8,1,2,8,11,4,2,182,5,2,0,0,0,0,0,0,0,0,,0,0,0,0,0,0,0,0,0,0,Plant had (nearly) no damage // little bit of trips damage observed during caterpillar infestation,NA,NA,NA,NA,NA,NA,NA,NA,NA,NA,NA,NA,NA,NA,NA,NA,NA,NA,,,,,,,,,,,,,,,,,,,NA,NA,NA,NA,NA,NA,2,0,2,0,,
F029,FP,29,CD,Cultivated,Mb,Mb,2,9,1,2,9,12,6,4,216,5,2,1,1,0,0,0,1,1,1,,0,0,0,0,0,0,0,0,0,0,little bit of trips damage observed during caterpillar infestation,NA,NA,NA,NA,NA,NA,NA,NA,NA,NA,NA,NA,NA,NA,NA,NA,NA,NA,,,,,,,,,,,,,,,,,,,NA,NA,NA,NA,4.036,,2,1,1,0.5,,
F030,FP,30,CD,Cultivated,Mb,Mb,2,10,1,2,10,12,2,4,224,5,2,1,1,0,0,0,1,1,1,,0,0,0,0,0,0,0,0,0,0,plant severely damaged,NA,NA,NA,NA,NA,NA,NA,NA,NA,NA,NA,NA,NA,NA,NA,NA,NA,NA,,,,,,,,,,,,,,,,,,,NA,NA,NA,NA,26.8115,,2,2,0,1,,
F031,FP,31,CD,Cultivated,Mb,Mb,2,11,2,3,11,13,3,1,249,5,2,1,1,0,1,0,0,0,0,,1,0,0,0,0,1,0,0,0,0,number of caterpillar found in tubes did not equal number of caterpillar written down.,NA,NA,NA,NA,NA,NA,NA,NA,NA,NA,NA,NA,NA,NA,NA,NA,NA,NA,,,,,,,,,,,,,,,,,,,1.18,39.44,33.44,,3.933,,2,1,1,0.5,,
F032,FP,32,CD,Cultivated,Mb,Mb,2,12,2,3,12,13,6,3,287,5,2,1,1,0,1,0,0,0,0,,1,0,0,0,0,0,0,0,0,0,,NA,NA,NA,NA,NA,NA,NA,NA,NA,NA,NA,NA,NA,NA,NA,NA,NA,NA,,,,,,,,,,,,,,,,,,,1.55,39.14,25.25,,4.172,,2,2,0,1,0.4914,
F033,FP,33,CD,Cultivated,Mb,Mb,2,13,2,3,13,13,3,4,300,5,2,1,1,0,1,0,0,0,0,,1,0,0,0,0,0,0,0,0,0,,NA,NA,NA,NA,NA,NA,NA,NA,NA,NA,NA,NA,NA,NA,NA,NA,NA,NA,,,,,,,,,,,,,,,,,,,1.27,39.63,31.18,,6.246,,2,2,0,1,0.4401,
F034,FP,34,CD,Cultivated,Mb,Mb,2,14,2,3,14,14,6,1,333,5,2,1,1,0,1,0,0,0,0,,1,0,0,0,0,0,0,0,0,0,,NA,NA,NA,NA,NA,NA,NA,NA,NA,NA,NA,NA,NA,NA,NA,NA,NA,NA,,,,,,,,,,,,,,,,,,,1.65,39.44,23.86,,6.587,,3,3,0,1,0.3954,
F035,FP,35,CD,Cultivated,Mb,Mb,2,15,2,3,15,14,1,3,339,5,2,1,1,1,0,0,1,1,0,,0,0,0,0,0,0,0,0,0,0,,11.8,0.48,0.22,0.26,0,0.07,0.15,0,0,0.24,0.02,0,0,NA,NA,NA,NA,,,,,,,,,,,,,,,,,,,,NA,NA,NA,NA,4.733,,2,1,1,0.5,,
F036,FP,36,CD,Cultivated,Mb,Mb,2,16,2,4,16,15,5,1,377,5,2,1,1,1,0,0,1,1,1,,0,0,0,0,0,0,0,0,0,0,One caterpillar added because one caterpillar did not survive infestion the day before.,18,0.09,0.01,0.05,0,0,0.01,0,0,0.01,0.03,0.03,0.01,NA,NA,NA,NA,One caterpillar added because one caterpillar did not survive infestion the day before.,,,,,,,,,,,,,,,,,,,NA,NA,NA,NA,4.6545,,2,2,0,1,,
F037,FP,37,CD,Cultivated,Mb,Mb,2,17,2,4,17,15,1,2,386,5,2,1,1,1,0,0,1,1,1,,0,0,0,0,0,0,0,0,0,0,Switched around with E8 before herbivore infestation because one leaf broke,12.3,0.2,0.12,0.08,0,0.03,0.05,0,0.04,0.06,0.01,0,0.01,NA,NA,NA,NA,Switched around with E8 before herbivore infestation because one leaf broke,,,,,,,,,,,,,,,,,,,NA,NA,NA,NA,10.774,,2,2,0,1,,
F038,FP,38,CD,Cultivated,Mb,Mb,2,18,2,4,18,15,4,3,423,5,2,1,1,0,0,0,1,1,1,,0,0,0,0,0,0,0,0,0,0,,NA,NA,NA,NA,NA,NA,NA,NA,NA,NA,NA,NA,NA,NA,NA,NA,NA,NA,,,,,,,,,,,,,,,,,,,NA,NA,NA,NA,10.64766667,,3,3,0,1,,
F039,FP,39,CD,Cultivated,Mb,Mb,2,19,2,4,19,16,1,4,436,5,2,1,1,1,0,0,1,1,1,,0,0,0,0,0,0,0,0,0,0,,12.3,1.91,1.85,0.06,0.04,1.78,0.03,0,0,0.04,0.02,0,0,NA,NA,NA,NA,,,,,,,,,,,,,,,,,,,,NA,NA,NA,NA,5.6325,,2,2,0,1,,
F040,FP,40,CD,Cultivated,Mb,Mb,2,20,2,4,20,16,5,4,476,5,2,1,1,1,0,0,1,1,1,,0,0,0,0,0,0,0,0,0,0,,16,0.04,0,0.04,0,0,0,0,0,0.02,0.02,0,0,NA,NA,NA,NA,,,,,,,,,,,,,,,,,,,,NA,NA,NA,NA,8.8515,,2,2,0,1,,
F041,FP,41,DD,Wild,Mb,Co,3,1,1,1,1,9,2,1,5,0,2,1,1,0,0,1,0,0,0,,1,0,0,0,0,1,0,0,0,0,,NA,NA,NA,NA,NA,NA,NA,NA,NA,NA,NA,NA,NA,NA,NA,NA,NA,NA,,,,,,,,,,,,,,,,,,,NA,NA,NA,NA,3.124,,2,2,0,1,0.4411,
F042,FP,42,DD,Wild,Mb,Co,3,2,1,1,2,9,3,1,33,0,2,1,1,0,0,0,0,0,0,,1,0,0,0,0,0,0,0,0,0,,NA,NA,NA,NA,NA,NA,NA,NA,NA,NA,NA,NA,NA,NA,NA,NA,NA,NA,,,,,,,,,,,,,,,,,,,NA,NA,NA,NA,4.416,,2,2,0,1,0.671,
F043,FP,43,DD,Wild,Mb,Co,3,3,1,1,3,9,4,4,64,0,2,1,1,0,0,1,0,0,0,,1,0,0,0,0,0,0,0,0,0,,NA,NA,NA,NA,NA,NA,NA,NA,NA,NA,NA,NA,NA,NA,NA,NA,NA,NA,,,,,,,,,,,,,,,,,,,NA,NA,NA,NA,1.609,,2,1,1,0.5,0.8617,
F044,FP,44,DD,Wild,Mb,Co,3,4,1,1,4,10,3,2,82,0,2,1,1,0,0,1,1,1,0,,1,0,0,0,0,0,0,0,0,0,One caterpillar added because one caterpillar did not survive infestion the day before.,NA,NA,NA,NA,NA,NA,NA,NA,NA,NA,NA,NA,NA,NA,NA,NA,NA,NA,,,,,,,,,,,,,,,,,,,NA,NA,NA,NA,4.193,,2,1,1,0.5,,
F045,FP,45,DD,Wild,Mb,Co,3,5,1,1,5,10,2,2,102,0,2,1,1,0,0,1,0,0,0,,0,0,0,0,0,0,0,0,0,0,,NA,NA,NA,NA,NA,NA,NA,NA,NA,NA,NA,NA,NA,NA,NA,NA,NA,NA,,,,,,,,,,,,,,,,,,,NA,NA,NA,NA,1.2455,,2,2,0,1,,
F046,FP,46,DD,Wild,Mb,Co,3,6,1,2,6,11,6,3,143,0,2,1,1,0,0,1,1,1,1,,0,0,0,0,0,0,0,0,0,0,,NA,NA,NA,NA,NA,NA,NA,NA,NA,NA,NA,NA,NA,NA,NA,NA,NA,NA,,,,,,,,,,,,,,,,,,,NA,NA,NA,NA,0.283,,2,1,1,0.5,,
F047,FP,47,DD,Wild,Mb,Co,3,7,1,2,7,11,5,4,164,0,2,1,1,0,0,0,1,1,1,,0,0,0,0,0,0,0,0,0,0,,NA,NA,NA,NA,NA,NA,NA,NA,NA,NA,NA,NA,NA,NA,NA,NA,NA,NA,,,,,,,,,,,,,,,,,,,NA,NA,NA,NA,2.5255,,2,2,0,1,,
F048,FP,48,DD,Wild,Mb,Co,3,8,1,2,8,11,4,3,183,0,2,1,1,0,0,0,1,1,1,,0,0,0,0,0,0,0,0,0,0,,NA,NA,NA,NA,NA,NA,NA,NA,NA,NA,NA,NA,NA,NA,NA,NA,NA,NA,,,,,,,,,,,,,,,,,,,NA,NA,NA,NA,NA,NA,2,0,2,0,,
F049,FP,49,DD,Wild,Mb,Co,3,9,1,2,9,12,4,2,206,0,2,1,1,0,0,0,1,1,1,,0,0,0,0,0,0,0,0,0,0,,NA,NA,NA,NA,NA,NA,NA,NA,NA,NA,NA,NA,NA,NA,NA,NA,NA,NA,,,,,,,,,,,,,,,,,,,NA,NA,NA,NA,0.9285,,2,2,0,1,,
F050,FP,50,DD,Wild,Mb,Co,3,10,1,2,10,12,6,2,238,0,2,1,1,0,0,0,1,1,1,,0,0,0,0,0,0,0,0,0,0,,NA,NA,NA,NA,NA,NA,NA,NA,NA,NA,NA,NA,NA,NA,NA,NA,NA,NA,,,,,,,,,,,,,,,,,,,NA,NA,NA,NA,0.8835,,2,2,0,1,,
F051,FP,51,DD,Wild,Mb,Co,3,11,2,3,11,13,1,1,241,0,2,1,1,0,0,1,0,0,0,,1,0,0,0,0,0,0,0,0,0,,NA,NA,NA,NA,NA,NA,NA,NA,NA,NA,NA,NA,NA,NA,NA,NA,NA,NA,,,,,,,,,,,,,,,,,,,NA,NA,NA,NA,6.4705,,2,2,0,1,0.679,
F052,FP,52,DD,Wild,Mb,Co,3,12,2,3,12,13,6,1,285,0,2,1,1,0,0,1,0,0,0,,1,0,0,0,0,0,0,0,0,0,,NA,NA,NA,NA,NA,NA,NA,NA,NA,NA,NA,NA,NA,NA,NA,NA,NA,NA,,,,,,,,,,,,,,,,,,,NA,NA,NA,NA,0.994,,2,2,0,1,0.7948,
F053,FP,53,DD,Wild,Mb,Co,3,13,2,3,13,13,2,4,296,0,2,1,1,0,0,1,0,0,0,,1,0,0,0,0,0,0,0,0,0,,NA,NA,NA,NA,NA,NA,NA,NA,NA,NA,NA,NA,NA,NA,NA,NA,NA,NA,,,,,,,,,,,,,,,,,,,NA,NA,NA,NA,NA,NA,2,0,2,0,0.7607,
F054,FP,54,DD,Wild,Mb,Co,3,14,2,3,14,14,1,4,316,0,2,1,1,0,0,1,0,0,0,,1,0,0,0,0,0,0,0,0,0,,NA,NA,NA,NA,NA,NA,NA,NA,NA,NA,NA,NA,NA,NA,NA,NA,NA,NA,,,,,,,,,,,,,,,,,,,NA,NA,NA,NA,NA,NA,2,0,2,0,0.6833,second sample labeld as 54 DD Co14: 0.8681
F055,FP,55,DD,Wild,Mb,Co,3,15,2,3,15,14,3,3,347,0,2,1,1,0,0,1,0,0,0,,0,0,0,0,0,0,0,0,0,0,AG biomass cut off before rhizosphere collection. No clue whch plant is which,NA,NA,NA,NA,NA,NA,NA,NA,NA,NA,NA,NA,NA,NA,NA,NA,NA,NA,,,,,,,,,,,,,,,,,,,NA,NA,NA,NA,0.638,,2,1,1,0.5,,
F056,FP,56,DD,Wild,Mb,Co,3,16,2,4,16,15,3,4,372,0,2,1,1,0,0,0,1,1,1,,0,0,0,0,0,0,0,0,0,0,,NA,NA,NA,NA,NA,NA,NA,NA,NA,NA,NA,NA,NA,NA,NA,NA,NA,NA,,,,,,,,,,,,,,,,,,,NA,NA,NA,NA,NA,NA,2,0,2,0,,
F057,FP,57,DD,Wild,Mb,Co,3,17,2,4,17,15,2,3,391,0,2,1,1,0,0,0,1,1,1,,0,0,0,0,0,0,0,0,0,0,,NA,NA,NA,NA,NA,NA,NA,NA,NA,NA,NA,NA,NA,NA,NA,NA,NA,NA,,,,,,,,,,,,,,,,,,,NA,NA,NA,NA,1.1455,,2,2,0,1,,
F058,FP,58,DD,Wild,Mb,Co,3,18,2,4,18,15,5,1,425,0,2,1,1,0,0,0,1,1,1,,0,0,0,0,0,0,0,0,0,0,,NA,NA,NA,NA,NA,NA,NA,NA,NA,NA,NA,NA,NA,NA,NA,NA,NA,NA,,,,,,,,,,,,,,,,,,,NA,NA,NA,NA,1.116,,2,1,1,0.5,,
F059,FP,59,DD,Wild,Mb,Co,3,19,2,4,19,16,5,3,451,0,2,1,1,0,0,0,1,1,1,,0,0,0,0,0,0,0,0,0,0,,NA,NA,NA,NA,NA,NA,NA,NA,NA,NA,NA,NA,NA,NA,NA,NA,NA,NA,,,,,,,,,,,,,,,,,,,NA,NA,NA,NA,1.0245,,2,2,0,1,,
F060,FP,60,DD,Wild,Mb,Co,3,20,2,4,20,16,1,2,458,0,2,1,1,0,0,0,1,1,1,,0,0,0,0,0,0,0,0,0,0,,NA,NA,NA,NA,NA,NA,NA,NA,NA,NA,NA,NA,NA,NA,NA,NA,NA,NA,,,,,,,,,,,,,,,,,,,NA,NA,NA,NA,11.342,,2,1,1,0.5,,
F061,FP,61,DD,Wild,Mb,Mb,4,1,1,1,1,9,1,3,3,8,2,1,1,0,0,1,0,0,0,,1,0,0,0,0,1,0,0,0,0,,NA,NA,NA,NA,NA,NA,NA,NA,NA,NA,NA,NA,NA,NA,NA,NA,NA,NA,,,,,,,,,,,,,,,,,,,NA,NA,NA,NA,2.3265,,2,2,0,1,,
F062,FP,62,DD,Wild,Mb,Mb,4,2,1,1,2,9,3,2,34,8,2,1,1,0,0,1,0,0,0,,1,0,0,0,0,0,0,0,0,0,,NA,NA,NA,NA,NA,NA,NA,NA,NA,NA,NA,NA,NA,NA,NA,NA,NA,NA,,,,,,,,,,,,,,,,,,,NA,NA,NA,NA,1.018,,2,1,1,0.5,0.4699,
F063,FP,63,DD,Wild,Mb,Mb,4,3,1,1,3,9,6,1,69,8,2,1,1,0,0,1,0,0,0,,1,0,0,0,0,0,0,0,0,0,,NA,NA,NA,NA,NA,NA,NA,NA,NA,NA,NA,NA,NA,NA,NA,NA,NA,NA,,,,,,,,,,,,,,,,,,,NA,NA,NA,NA,NA,NA,2,0,2,0,0.4706,"sample was wet when wanted to weigh, put in the oven for 2 days and weighed after"
F064,FP,64,DD,Wild,Mb,Mb,4,4,1,1,4,10,4,2,86,8,2,1,1,0,0,1,0,0,0,,1,0,0,0,0,0,0,0,0,0,,NA,NA,NA,NA,NA,NA,NA,NA,NA,NA,NA,NA,NA,NA,NA,NA,NA,NA,,,,,,,,,,,,,,,,,,,NA,NA,NA,NA,NA,NA,2,0,2,0,0.8261,
F065,FP,65,DD,Wild,Mb,Mb,4,5,1,1,5,10,1,2,98,8,2,0,0,0,0,0,0,0,0,,0,0,0,0,0,0,0,0,0,0,Plant had (nearly) no damage,NA,NA,NA,NA,NA,NA,NA,NA,NA,NA,NA,NA,NA,NA,NA,NA,NA,NA,,,,,,,,,,,,,,,,,,,NA,NA,NA,NA,NA,NA,2,0,2,0,,
F066,FP,66,DD,Wild,Mb,Mb,4,6,1,2,6,11,5,2,138,8,2,1,1,0,0,1,1,1,1,,0,0,0,0,0,0,0,0,0,0,,NA,NA,NA,NA,NA,NA,NA,NA,NA,NA,NA,NA,NA,NA,NA,NA,NA,NA,,,,,,,,,,,,,,,,,,,NA,NA,NA,NA,0.48,,2,1,1,0.5,,
F067,FP,67,DD,Wild,Mb,Mb,4,7,1,2,7,11,4,1,157,8,2,1,1,0,0,0,1,1,1,,0,0,0,0,0,0,0,0,0,0,,NA,NA,NA,NA,NA,NA,NA,NA,NA,NA,NA,NA,NA,NA,NA,NA,NA,NA,,,,,,,,,,,,,,,,,,,NA,NA,NA,NA,2.036,,2,2,0,1,,
F068,FP,68,DD,Wild,Mb,Mb,4,8,1,2,8,11,1,4,172,8,2,1,1,0,0,0,1,1,1,,0,0,0,0,0,0,0,0,0,0,,NA,NA,NA,NA,NA,NA,NA,NA,NA,NA,NA,NA,NA,NA,NA,NA,NA,NA,,,,,,,,,,,,,,,,,,,NA,NA,NA,NA,2.2775,,2,2,0,1,,
F069,FP,69,DD,Wild,Mb,Mb,4,9,1,2,9,12,5,4,212,8,2,1,1,0,0,0,1,1,1,,0,0,0,0,0,0,0,0,0,0,,NA,NA,NA,NA,NA,NA,NA,NA,NA,NA,NA,NA,NA,NA,NA,NA,NA,NA,,,,,,,,,,,,,,,,,,,NA,NA,NA,NA,0.854,,2,1,1,0.5,,
F070,FP,70,DD,Wild,Mb,Mb,4,10,1,2,10,12,5,1,233,8,2,1,1,0,0,0,1,1,1,,0,0,0,0,0,0,0,0,0,0,,NA,NA,NA,NA,NA,NA,NA,NA,NA,NA,NA,NA,NA,NA,NA,NA,NA,NA,,,,,,,,,,,,,,,,,,,NA,NA,NA,NA,1.121,,2,1,1,0.5,,
F071,FP,71,DD,Wild,Mb,Mb,4,11,2,3,11,13,3,4,252,8,2,1,1,0,0,1,0,0,0,,1,0,0,0,0,0,0,0,0,0,,NA,NA,NA,NA,NA,NA,NA,NA,NA,NA,NA,NA,NA,NA,NA,NA,NA,NA,,,,,,,,,,,,,,,,,,,NA,NA,NA,NA,0.667,,2,1,1,0.5,0.8558,
F072,FP,72,DD,Wild,Mb,Mb,4,12,2,3,12,13,2,1,269,8,2,1,1,0,0,1,0,0,0,,1,0,0,0,0,0,0,0,0,0,,NA,NA,NA,NA,NA,NA,NA,NA,NA,NA,NA,NA,NA,NA,NA,NA,NA,NA,,,,,,,,,,,,,,,,,,,NA,NA,NA,NA,3.515,,2,2,0,1,0.8283,
F073,FP,73,DD,Wild,Mb,Mb,4,13,2,3,13,13,4,3,303,8,2,1,1,0,0,1,0,0,0,,1,0,0,0,0,0,0,0,0,0,,NA,NA,NA,NA,NA,NA,NA,NA,NA,NA,NA,NA,NA,NA,NA,NA,NA,NA,,,,,,,,,,,,,,,,,,,NA,NA,NA,NA,2.3145,,2,2,0,1,0.7802,
F074,FP,74,DD,Wild,Mb,Mb,4,14,2,3,14,14,2,3,319,8,2,1,1,0,0,1,0,0,0,,1,0,0,0,0,0,0,0,0,0,,NA,NA,NA,NA,NA,NA,NA,NA,NA,NA,NA,NA,NA,NA,NA,NA,NA,NA,,,,,,,,,,,,,,,,,,,NA,NA,NA,NA,8.815,,2,1,1,0.5,0.989,
F075,FP,75,DD,Wild,Mb,Mb,4,15,2,3,15,14,6,4,360,8,2,1,1,0,0,1,0,0,0,,0,0,0,0,0,0,0,0,0,0,AG biomass cut off before rhizosphere collection. No clue whch plant is which,NA,NA,NA,NA,NA,NA,NA,NA,NA,NA,NA,NA,NA,NA,NA,NA,NA,NA,,,,,,,,,,,,,,,,,,,NA,NA,NA,NA,NA,NA,2,0,2,0,,
F076,FP,76,DD,Wild,Mb,Mb,4,16,2,4,16,15,3,1,369,8,2,1,1,0,0,0,1,1,1,,0,0,0,0,0,0,0,0,0,0,,NA,NA,NA,NA,NA,NA,NA,NA,NA,NA,NA,NA,NA,NA,NA,NA,NA,NA,,,,,,,,,,,,,,,,,,,NA,NA,NA,NA,NA,NA,2,0,2,0,,
F077,FP,77,DD,Wild,Mb,Mb,4,17,2,4,17,15,4,4,400,8,2,1,1,0,0,0,1,1,1,,0,0,0,0,0,0,0,0,0,0,plant heavily damaged,NA,NA,NA,NA,NA,NA,NA,NA,NA,NA,NA,NA,NA,NA,NA,NA,NA,NA,,,,,,,,,,,,,,,,,,,NA,NA,NA,NA,NA,NA,2,0,2,0,,
F078,FP,78,DD,Wild,Mb,Mb,4,18,2,4,18,15,2,2,414,8,2,1,1,0,0,0,1,1,1,,0,0,0,0,0,0,0,0,0,0,,NA,NA,NA,NA,NA,NA,NA,NA,NA,NA,NA,NA,NA,NA,NA,NA,NA,NA,,,,,,,,,,,,,,,,,,,NA,NA,NA,NA,1.877,,2,1,1,0.5,,
F079,FP,79,DD,Wild,Mb,Mb,4,19,2,4,19,16,3,3,443,8,2,1,1,0,0,0,1,1,1,,0,0,0,0,0,0,0,0,0,0,,NA,NA,NA,NA,NA,NA,NA,NA,NA,NA,NA,NA,NA,NA,NA,NA,NA,NA,,,,,,,,,,,,,,,,,,,NA,NA,NA,NA,0.59,,2,2,0,1,,
F080,FP,80,DD,Wild,Mb,Mb,4,20,2,4,20,16,6,2,478,8,2,1,1,0,0,0,1,1,1,,0,0,0,0,0,0,0,0,0,0,,NA,NA,NA,NA,NA,NA,NA,NA,NA,NA,NA,NA,NA,NA,NA,NA,NA,NA,,,,,,,,,,,,,,,,,,,NA,NA,NA,NA,0.6145,,2,2,0,1,,
F081,FP,81,GO1,Cultivated,Mb,Co,5,1,1,1,1,9,4,1,13,0,2,1,1,1,1,0,0,0,0,,1,0,0,0,0,0,0,0,0,0,plant heavily damaged,5.2,0.03,0,0.03,0,0,0,0,0,0.03,0,0,0,NA,NA,NA,NA,plant heavily damaged,,,,,,,,,,,,,,,,,,,2.56,37.76,14.73,,20.42,,2,2,0,1,0.0938,
F082,FP,82,GO1,Cultivated,Mb,Co,5,2,1,1,2,9,3,3,35,0,2,1,1,0,0,0,0,0,0,,1,0,0,0,0,0,0,0,0,0,plant heavily damaged,NA,NA,NA,NA,NA,NA,NA,NA,NA,NA,NA,NA,NA,NA,NA,NA,NA,NA,,,,,,,,,,,,,,,,,,,NA,NA,NA,NA,20.2475,,2,2,0,1,0.1603,
F083,FP,83,GO1,Cultivated,Mb,Co,5,5,1,1,5,10,3,1,105,0,2,1,1,1,1,0,0,0,0,,1,0,0,0,0,0,0,0,0,0,number of caterpillar found in tubes did not equal number of caterpillar written down.,4.9,0.5,0.44,0.07,0.44,0,0,0,0,0.04,0.01,0,0.02,NA,NA,NA,NA,number of caterpillar found in tubes did not equal number of caterpillar written down.,,,,,,,,,,,,,,,,,,,3.18,38.66,12.14,,11.088,,2,2,0,1,0.1433,
F084,FP,84,GO1,Cultivated,Mb,Co,5,6,1,2,6,11,1,2,122,0,2,1,1,0,0,0,0,0,0,,1,0,0,0,0,0,0,0,0,0,plant heavily damaged,NA,NA,NA,NA,NA,NA,NA,NA,NA,NA,NA,NA,NA,NA,NA,NA,NA,NA,,,,,,,,,,,,,,,,,,,NA,NA,NA,NA,22.2855,,2,2,0,1,0.2032,
F085,FP,85,GO1,Cultivated,Mb,Co,5,7,1,2,7,11,2,4,152,0,2,1,1,1,1,0,1,1,0,,0,0,0,0,0,0,0,0,0,0,number of caterpillar found in tubes did not equal number of caterpillar written down.,5.2,0.05,0,0.04,0,0,0,0,0,0.02,0.01,0,0.01,NA,NA,NA,NA,number of caterpillar found in tubes did not equal number of caterpillar written down.,,,,,,,,,,,,,,,,,,,3.68,40.23,10.94,,12.807,,2,1,1,0.5,,
F086,FP,86,GO1,Cultivated,Mb,Co,5,3,1,1,3,9,2,2,54,0,2,1,1,0,0,0,1,1,1,,0,0,0,0,0,0,0,0,0,0,number of caterpillar found in tubes did not equal number of caterpillar written down.,NA,NA,NA,NA,NA,NA,NA,NA,NA,NA,NA,NA,NA,NA,NA,NA,NA,NA,,,,,,,,,,,,,,,,,,,NA,NA,NA,NA,13.444,,2,1,1,0.5,,
F087,FP,87,GO1,Cultivated,Mb,Co,5,4,1,1,4,10,1,3,75,0,2,1,1,0,0,0,1,1,1,,0,0,0,0,0,0,0,0,0,0,,NA,NA,NA,NA,NA,NA,NA,NA,NA,NA,NA,NA,NA,NA,NA,NA,NA,NA,,,,,,,,,,,,,,,,,,,NA,NA,NA,NA,11.2625,,2,2,0,1,,
F088,FP,88,GO1,Cultivated,Mb,Co,5,8,1,2,8,11,6,1,189,0,2,1,1,0,0,0,1,1,1,,0,0,0,0,0,0,0,0,0,0,,NA,NA,NA,NA,NA,NA,NA,NA,NA,NA,NA,NA,NA,NA,NA,NA,NA,NA,,,,,,,,,,,,,,,,,,,NA,NA,NA,NA,6.966,,2,1,1,0.5,,
F089,FP,89,GO1,Cultivated,Mb,Co,5,9,1,2,9,12,2,3,199,0,2,1,1,0,0,0,1,1,1,,0,0,0,0,0,0,0,0,0,0,,NA,NA,NA,NA,NA,NA,NA,NA,NA,NA,NA,NA,NA,NA,NA,NA,NA,NA,,,,,,,,,,,,,,,,,,,NA,NA,NA,NA,21.1985,,2,2,0,1,,
F090,FP,90,GO1,Cultivated,Mb,Co,5,10,1,2,10,12,5,4,236,0,2,1,1,0,0,0,1,1,1,,0,0,0,0,0,0,0,0,0,0,,NA,NA,NA,NA,NA,NA,NA,NA,NA,NA,NA,NA,NA,NA,NA,NA,NA,NA,,,,,,,,,,,,,,,,,,,NA,NA,NA,NA,15.7995,,2,2,0,1,,
F091,FP,91,GO1,Cultivated,Mb,Co,5,11,2,3,11,13,4,3,255,0,2,1,1,0,0,0,0,0,0,,1,0,0,0,0,1,0,0,0,0,small plant,NA,NA,NA,NA,NA,NA,NA,NA,NA,NA,NA,NA,NA,NA,NA,NA,NA,NA,,,,,,,,,,,,,,,,,,,NA,NA,NA,NA,24.3455,,2,2,0,1,,
F092,FP,92,GO1,Cultivated,Mb,Co,5,12,2,3,12,13,6,2,286,0,2,1,1,0,1,0,0,0,0,,1,0,0,0,0,0,0,0,0,0,,NA,NA,NA,NA,NA,NA,NA,NA,NA,NA,NA,NA,NA,NA,NA,NA,NA,NA,,,,,,,,,,,,,,,,,,,2.08,39.35,18.87,,19.4205,,2,2,0,1,0.3754,
F093,FP,93,GO1,Cultivated,Mb,Co,5,13,2,3,13,13,5,3,307,0,1,1,1,0,1,0,0,0,0,,1,0,0,0,0,0,0,0,0,0,plant was small and only infested with 1 caterpillar,NA,NA,NA,NA,NA,NA,NA,NA,NA,NA,NA,NA,NA,NA,NA,NA,NA,NA,,,,,,,,,,,,,,,,,,,3.32,39.8,11.98,,6.205,,1,1,0,1,0.2484,
F094,FP,94,GO1,Cultivated,Mb,Co,5,14,2,3,14,14,3,2,322,0,2,1,1,0,0,1,0,0,0,,1,0,0,0,0,0,0,0,0,0,small plant,NA,NA,NA,NA,NA,NA,NA,NA,NA,NA,NA,NA,NA,NA,NA,NA,NA,NA,,,,,,,,,,,,,,,,,,,NA,NA,NA,NA,4.7275,,2,2,0,1,0.303,
F095,FP,95,GO1,Cultivated,Mb,Co,5,15,2,3,15,14,6,3,359,0,1,1,1,1,0,0,1,1,0,,0,0,0,0,0,0,0,0,0,0,plant was small and only infested with 1 caterpillar,9,0.19,0.17,0.02,0,0,0.13,0,0.04,0,0.01,0,0.01,NA,NA,NA,NA,plant was small and only infested with 1 caterpillar,,,,,,,,,,,,,,,,,,,NA,NA,NA,NA,8.81,,1,1,0,1,,
F096,FP,96,GO1,Cultivated,Mb,Co,5,16,2,4,16,15,1,4,364,0,2,1,1,0,0,0,1,1,1,,0,0,0,0,0,0,0,0,0,0,,NA,NA,NA,NA,NA,NA,NA,NA,NA,NA,NA,NA,NA,NA,NA,NA,NA,NA,,,,,,,,,,,,,,,,,,,NA,NA,NA,NA,12.51075,,4,4,0,1,,
F097,FP,97,GO1,Cultivated,Mb,Co,5,17,2,4,17,15,6,4,408,0,2,1,1,1,0,0,1,1,1,,0,0,0,0,0,0,0,0,0,0,,8.3,0.05,0.02,0.03,0,0,0.02,0,0,0,0.02,0,0.01,NA,NA,NA,NA,,,,,,,,,,,,,,,,,,,,NA,NA,NA,NA,10.233,,2,1,1,0.5,,
F098,FP,98,GO1,Cultivated,Mb,Co,5,18,2,4,18,15,1,1,409,0,2,1,1,0,0,0,1,1,1,,0,0,0,0,0,0,0,0,0,0,,NA,NA,NA,NA,NA,NA,NA,NA,NA,NA,NA,NA,NA,NA,NA,NA,NA,NA,,,,,,,,,,,,,,,,,,,NA,NA,NA,NA,13.447,,2,2,0,1,,
F099,FP,99,GO1,Cultivated,Mb,Co,5,19,2,4,19,16,4,4,448,0,1,1,1,0,0,0,1,1,1,,0,0,0,0,0,0,0,0,0,0,plant was small and only infested with 1 caterpillar,NA,NA,NA,NA,NA,NA,NA,NA,NA,NA,NA,NA,NA,NA,NA,NA,NA,NA,,,,,,,,,,,,,,,,,,,NA,NA,NA,NA,NA,NA,1,0,1,0,,
F100,FP,100,GO1,Cultivated,Mb,Co,5,20,2,4,20,16,5,2,474,0,2,1,1,0,0,0,1,1,1,,0,0,0,0,0,0,0,0,0,0,,NA,NA,NA,NA,NA,NA,NA,NA,NA,NA,NA,NA,NA,NA,NA,NA,NA,NA,,,,,,,,,,,,,,,,,,,NA,NA,NA,NA,15.3585,,2,2,0,1,,
F101,FP,101,GO1,Cultivated,Mb,Mb,6,1,1,1,1,9,1,4,4,4,2,1,1,0,0,0,0,0,0,,1,0,0,0,0,0,0,0,0,0,"Switched around with E30 before herbivore infestation because plant was very small // plant heavily damaged, 1 cat was stuck in the net",NA,NA,NA,NA,NA,NA,NA,NA,NA,NA,NA,NA,NA,NA,NA,NA,NA,NA,,,,,,,,,,,,,,,,,,,NA,NA,NA,NA,12.235,,3,3,0,1,0.1063,
F102,FP,102,GO1,Cultivated,Mb,Mb,6,2,1,1,2,9,2,2,30,4,2,0,0,0,0,0,0,0,0,,0,0,0,0,0,0,0,0,0,0,Plant had (nearly) no damage,NA,NA,NA,NA,NA,NA,NA,NA,NA,NA,NA,NA,NA,NA,NA,NA,NA,NA,,,,,,,,,,,,,,,,,,,NA,NA,NA,NA,NA,NA,2,0,2,0,,
F103,FP,103,GO1,Cultivated,Mb,Mb,6,5,1,1,5,10,5,3,115,4,2,1,1,1,0,0,0,0,0,,1,0,0,0,0,0,0,0,0,0,,7.7,0.15,0.09,0.07,0,0,0.09,0,0,0.02,0,0,0.05,NA,NA,NA,NA,,,,,,,,,,,,,,,,,,,,NA,NA,NA,NA,23.36,,2,1,1,0.5,0.1481,
F104,FP,104,GO1,Cultivated,Mb,Mb,6,6,1,2,6,11,3,3,131,4,2,1,1,1,0,0,0,0,0,,1,0,0,0,0,0,0,0,0,0,,7.6,0.07,0,0.06,0,0,0,0,0,0.06,0,0,0,NA,NA,NA,NA,,,,,,,,,,,,,,,,,,,,NA,NA,NA,NA,8.8535,,2,2,0,1,0.2249,
F105,FP,105,GO1,Cultivated,Mb,Mb,6,3,1,1,3,9,4,1,61,4,2,1,1,0,0,0,1,1,0,,0,0,0,0,0,0,0,0,0,0,plant heavily damaged,NA,NA,NA,NA,NA,NA,NA,NA,NA,NA,NA,NA,NA,NA,NA,NA,NA,NA,,,,,,,,,,,,,,,,,,,NA,NA,NA,NA,20.3385,,2,2,0,1,,
F106,FP,106,GO1,Cultivated,Mb,Mb,6,4,1,1,4,10,1,1,73,4,2,1,1,0,0,0,1,1,1,,0,0,0,0,0,0,0,0,0,0,number of caterpillar found in tubes did not equal number of caterpillar written down.,NA,NA,NA,NA,NA,NA,NA,NA,NA,NA,NA,NA,NA,NA,NA,NA,NA,NA,,,,,,,,,,,,,,,,,,,NA,NA,NA,NA,12.004,,2,1,1,0.5,,
F107,FP,107,GO1,Cultivated,Mb,Mb,6,7,1,2,7,11,6,3,167,4,2,1,1,0,0,0,1,1,1,,0,0,0,0,0,0,0,0,0,0,number of caterpillar found in tubes did not equal number of caterpillar written down.,NA,NA,NA,NA,NA,NA,NA,NA,NA,NA,NA,NA,NA,NA,NA,NA,NA,NA,,,,,,,,,,,,,,,,,,,NA,NA,NA,NA,18.454,,2,2,0,1,,NA
F108,FP,108,GO1,Cultivated,Mb,Mb,6,8,1,2,8,11,5,2,186,4,2,1,1,0,0,0,1,1,1,,0,0,0,0,0,0,0,0,0,0,,NA,NA,NA,NA,NA,NA,NA,NA,NA,NA,NA,NA,NA,NA,NA,NA,NA,NA,,,,,,,,,,,,,,,,,,,NA,NA,NA,NA,13.5585,,2,2,0,1,,
F109,FP,109,GO1,Cultivated,Mb,Mb,6,9,1,2,9,12,2,4,200,4,2,1,1,0,0,0,1,1,1,,0,0,0,0,0,0,0,0,0,0,,NA,NA,NA,NA,NA,NA,NA,NA,NA,NA,NA,NA,NA,NA,NA,NA,NA,NA,,,,,,,,,,,,,,,,,,,NA,NA,NA,NA,19.9475,,2,2,0,1,,
F110,FP,110,GO1,Cultivated,Mb,Mb,6,10,1,2,10,12,3,2,226,4,2,1,1,0,0,0,1,1,1,,0,0,0,0,0,0,0,0,0,0,,NA,NA,NA,NA,NA,NA,NA,NA,NA,NA,NA,NA,NA,NA,NA,NA,NA,NA,,,,,,,,,,,,,,,,,,,NA,NA,NA,NA,18.809,,2,1,1,0.5,,
F111,FP,111,GO1,Cultivated,Mb,Mb,6,11,2,3,11,13,5,1,257,4,1,1,1,0,1,0,0,0,0,,1,0,0,0,0,1,0,0,0,0,plant was small and only infested with 1 caterpillar,NA,NA,NA,NA,NA,NA,NA,NA,NA,NA,NA,NA,NA,NA,NA,NA,NA,NA,,,,,,,,,,,,,,,,,,,2.92,38.48,13.18,,NA,NA,1,0,1,0,,
F112,FP,112,GO1,Cultivated,Mb,Mb,6,12,2,3,12,13,4,3,279,4,2,1,1,0,0,1,0,0,0,,1,0,0,0,0,0,0,0,0,0,small plant,NA,NA,NA,NA,NA,NA,NA,NA,NA,NA,NA,NA,NA,NA,NA,NA,NA,NA,,,,,,,,,,,,,,,,,,,NA,NA,NA,NA,8.138,,2,1,1,0.5,0.3724,
F113,FP,113,GO1,Cultivated,Mb,Mb,6,13,2,3,13,13,6,4,312,4,2,1,1,1,1,0,0,0,0,,1,0,0,0,0,0,0,0,0,0,,5.6,0.1,0.03,0.06,0,0,0.03,0,0,0.02,0.02,0,0.02,NA,NA,NA,NA,,,,,,,,,,,,,,,,,,,,2.8,38.83,13.87,,8.2375,,2,2,0,1,0.4952,
F114,FP,114,GO1,Cultivated,Mb,Mb,6,14,2,3,14,14,1,3,315,4,2,1,1,1,1,0,0,0,0,,1,0,0,0,0,0,0,0,0,0,small plant,4.2,0.11,0.05,0.06,0,0,0.05,0,0,0.04,0.02,0,0,NA,NA,NA,NA,small plant,,,,,,,,,,,,,,,,,,,2.93,39.81,13.6,,8.854,,2,2,0,1,0.2245,
F115,FP,115,GO1,Cultivated,Mb,Mb,6,15,2,3,15,14,6,1,357,4,2,1,1,1,0,0,1,1,0,,0,0,0,0,0,0,0,0,0,0,,7.5,0.22,0.15,0.07,0.13,0,0.02,0,0,0.05,0.01,0,0.01,NA,NA,NA,NA,,,,,,,,,,,,,,,,,,,,NA,NA,NA,NA,12.8485,,2,2,0,1,,
F116,FP,116,GO1,Cultivated,Mb,Mb,6,16,2,4,16,15,5,4,380,4,2,1,1,0,0,0,1,1,1,,0,0,0,0,0,0,0,0,0,0,,NA,NA,NA,NA,NA,NA,NA,NA,NA,NA,NA,NA,NA,NA,NA,NA,NA,NA,,,,,,,,,,,,,,,,,,,NA,NA,NA,NA,13.818,,2,2,0,1,,
F117,FP,117,GO1,Cultivated,Mb,Mb,6,17,2,4,17,15,4,2,398,4,2,1,1,0,0,0,1,1,1,,0,0,0,0,0,0,0,0,0,0,,NA,NA,NA,NA,NA,NA,NA,NA,NA,NA,NA,NA,NA,NA,NA,NA,NA,NA,,,,,,,,,,,,,,,,,,,NA,NA,NA,NA,19.382,,2,1,1,0.5,,
F118,FP,118,GO1,Cultivated,Mb,Mb,6,18,2,4,18,15,6,2,430,4,2,1,1,0,0,0,1,1,1,,0,0,0,0,0,0,0,0,0,0,small plant,NA,NA,NA,NA,NA,NA,NA,NA,NA,NA,NA,NA,NA,NA,NA,NA,NA,NA,,,,,,,,,,,,,,,,,,,NA,NA,NA,NA,11.1465,,2,2,0,1,,
F119,FP,119,GO1,Cultivated,Mb,Mb,6,19,2,4,19,16,2,1,437,4,2,1,1,0,0,0,1,1,1,,0,0,0,0,0,0,0,0,0,0,One caterpillar added because one caterpillar did not survive infestion the day before.,NA,NA,NA,NA,NA,NA,NA,NA,NA,NA,NA,NA,NA,NA,NA,NA,NA,NA,,,,,,,,,,,,,,,,,,,NA,NA,NA,NA,6.944,,2,1,1,0.5,,
F120,FP,120,GO1,Cultivated,Mb,Mb,6,20,2,4,20,16,3,4,468,4,2,1,1,0,0,0,1,1,1,,0,0,0,0,0,0,0,0,0,0,small plant,NA,NA,NA,NA,NA,NA,NA,NA,NA,NA,NA,NA,NA,NA,NA,NA,NA,NA,,,,,,,,,,,,,,,,,,,NA,NA,NA,NA,11.129,,2,1,1,0.5,,
F121,FP,121,HE,Wild,Mb,Co,7,1,1,1,1,9,1,1,1,0,2,1,1,0,0,0,0,0,0,,1,0,0,0,0,0,0,0,0,0,,NA,NA,NA,NA,NA,NA,NA,NA,NA,NA,NA,NA,NA,NA,NA,NA,NA,NA,,,,,,,,,,,,,,,,,,,NA,NA,NA,NA,NA,NA,2,0,2,0,0.6115,
F122,FP,122,HE,Wild,Mb,Co,7,2,1,1,2,9,5,2,42,0,2,1,1,0,0,0,0,0,0,,1,0,0,0,0,0,0,0,0,0,,NA,NA,NA,NA,NA,NA,NA,NA,NA,NA,NA,NA,NA,NA,NA,NA,NA,NA,,,,,,,,,,,,,,,,,,,NA,NA,NA,NA,30.188,,2,1,1,0.5,0.6467,
F123,FP,123,HE,Wild,Mb,Co,7,3,1,1,3,9,1,3,51,0,2,1,1,0,0,0,0,0,0,,1,0,0,0,0,0,0,0,0,0,,NA,NA,NA,NA,NA,NA,NA,NA,NA,NA,NA,NA,NA,NA,NA,NA,NA,NA,,,,,,,,,,,,,,,,,,,NA,NA,NA,NA,22.813,,2,1,1,0.5,1.0718,
F124,FP,124,HE,Wild,Mb,Co,7,4,1,1,4,10,5,1,89,0,2,1,1,0,0,0,0,0,0,,1,0,0,0,0,0,0,0,0,0,,NA,NA,NA,NA,NA,NA,NA,NA,NA,NA,NA,NA,NA,NA,NA,NA,NA,NA,,,,,,,,,,,,,,,,,,,NA,NA,NA,NA,NA,NA,2,0,2,0,0.7109,
F125,FP,125,HE,Wild,Mb,Co,7,5,1,1,5,10,2,1,101,0,2,1,1,0,0,0,1,1,0,,0,0,0,0,0,0,0,0,0,0,,NA,NA,NA,NA,NA,NA,NA,NA,NA,NA,NA,NA,NA,NA,NA,NA,NA,NA,,,,,,,,,,,,,,,,,,,NA,NA,NA,NA,22.723,,2,1,1,0.5,,
F126,FP,126,HE,Wild,Mb,Co,7,6,1,2,6,11,6,1,141,0,2,1,1,0,0,0,1,1,1,,0,0,0,0,0,0,0,0,0,0,,NA,NA,NA,NA,NA,NA,NA,NA,NA,NA,NA,NA,NA,NA,NA,NA,NA,NA,,,,,,,,,,,,,,,,,,,NA,NA,NA,NA,9.3865,,2,2,0,1,,
F127,FP,127,HE,Wild,Mb,Co,7,7,1,2,7,11,6,2,166,0,2,1,1,0,0,0,1,1,1,,0,0,0,0,0,0,0,0,0,0,,NA,NA,NA,NA,NA,NA,NA,NA,NA,NA,NA,NA,NA,NA,NA,NA,NA,NA,,,,,,,,,,,,,,,,,,,NA,NA,NA,NA,18.353,,2,1,1,0.5,,
F128,FP,128,HE,Wild,Mb,Co,7,8,1,2,8,11,3,3,179,0,2,1,1,0,0,0,1,1,1,,0,0,0,0,0,0,0,0,0,0,,NA,NA,NA,NA,NA,NA,NA,NA,NA,NA,NA,NA,NA,NA,NA,NA,NA,NA,,,,,,,,,,,,,,,,,,,NA,NA,NA,NA,8.9635,,2,2,0,1,,
F129,FP,129,HE,Wild,Mb,Co,7,9,1,2,9,12,3,4,204,0,2,1,1,0,0,0,1,1,1,,0,0,0,0,0,0,0,0,0,0,,NA,NA,NA,NA,NA,NA,NA,NA,NA,NA,NA,NA,NA,NA,NA,NA,NA,NA,,,,,,,,,,,,,,,,,,,NA,NA,NA,NA,NA,NA,2,0,2,0,,
F130,FP,130,HE,Wild,Mb,Co,7,10,1,2,10,12,4,4,232,0,2,1,1,0,0,0,1,1,1,,0,0,0,0,0,0,0,0,0,0,,NA,NA,NA,NA,NA,NA,NA,NA,NA,NA,NA,NA,NA,NA,NA,NA,NA,NA,,,,,,,,,,,,,,,,,,,NA,NA,NA,NA,5.701,,2,2,0,1,,
F131,FP,131,HE,Wild,Mb,Co,7,11,2,3,11,13,2,3,247,0,2,1,1,0,0,1,0,0,0,,1,0,0,0,0,1,0,0,0,0,,NA,NA,NA,NA,NA,NA,NA,NA,NA,NA,NA,NA,NA,NA,NA,NA,NA,NA,,,,,,,,,,,,,,,,,,,NA,NA,NA,NA,4.6795,,2,2,0,1,,
F132,FP,132,HE,Wild,Mb,Co,7,12,2,3,12,13,6,4,288,0,2,1,1,0,0,1,0,0,0,,1,0,0,0,0,0,0,0,0,0,,NA,NA,NA,NA,NA,NA,NA,NA,NA,NA,NA,NA,NA,NA,NA,NA,NA,NA,,,,,,,,,,,,,,,,,,,NA,NA,NA,NA,7.243,,2,2,0,1,0.6537,
F133,FP,133,HE,Wild,Mb,Co,7,13,2,3,13,13,3,1,297,0,2,1,1,0,0,1,0,0,0,,1,0,0,0,0,0,0,0,0,0,,NA,NA,NA,NA,NA,NA,NA,NA,NA,NA,NA,NA,NA,NA,NA,NA,NA,NA,,,,,,,,,,,,,,,,,,,NA,NA,NA,NA,5.5925,,2,2,0,1,0.4725,
F134,FP,134,HE,Wild,Mb,Co,7,14,2,3,14,14,2,2,318,0,2,1,1,0,0,1,0,0,0,,1,0,0,0,0,0,0,0,0,0,,NA,NA,NA,NA,NA,NA,NA,NA,NA,NA,NA,NA,NA,NA,NA,NA,NA,NA,,,,,,,,,,,,,,,,,,,NA,NA,NA,NA,5.542,,2,1,1,0.5,0.5297,
F135,FP,135,HE,Wild,Mb,Co,7,15,2,3,15,14,4,1,349,0,2,1,1,0,0,1,1,1,0,,0,0,0,0,0,0,0,0,0,0,,NA,NA,NA,NA,NA,NA,NA,NA,NA,NA,NA,NA,NA,NA,NA,NA,NA,NA,,,,,,,,,,,,,,,,,,,NA,NA,NA,NA,5.215,,2,1,1,0.5,,
F136,FP,136,HE,Wild,Mb,Co,7,16,2,4,16,15,6,3,383,0,2,1,1,0,0,0,1,1,1,,0,0,0,0,0,0,0,0,0,0,,NA,NA,NA,NA,NA,NA,NA,NA,NA,NA,NA,NA,NA,NA,NA,NA,NA,NA,,,,,,,,,,,,,,,,,,,NA,NA,NA,NA,2.8845,,2,2,0,1,,
F137,FP,137,HE,Wild,Mb,Co,7,17,2,4,17,15,5,4,404,0,2,1,1,0,0,1,1,1,1,,0,0,0,0,0,0,0,0,0,0,,NA,NA,NA,NA,NA,NA,NA,NA,NA,NA,NA,NA,NA,NA,NA,NA,NA,NA,,,,,,,,,,,,,,,,,,,NA,NA,NA,NA,1.8315,,2,2,0,1,,
F138,FP,138,HE,Wild,Mb,Co,7,18,2,4,18,15,1,2,410,0,2,1,1,0,0,0,1,1,1,,0,0,0,0,0,0,0,0,0,0,,NA,NA,NA,NA,NA,NA,NA,NA,NA,NA,NA,NA,NA,NA,NA,NA,NA,NA,,,,,,,,,,,,,,,,,,,NA,NA,NA,NA,3.632,,2,1,1,0.5,,
F139,FP,139,HE,Wild,Mb,Co,7,19,2,4,19,16,3,2,442,0,2,1,1,0,0,1,1,1,1,,0,0,0,0,0,0,0,0,0,0,,NA,NA,NA,NA,NA,NA,NA,NA,NA,NA,NA,NA,NA,NA,NA,NA,NA,NA,,,,,,,,,,,,,,,,,,,NA,NA,NA,NA,3.3385,,2,2,0,1,,
F140,FP,140,HE,Wild,Mb,Co,7,20,2,4,20,16,4,3,471,0,2,1,1,0,0,1,1,1,1,,0,0,0,0,0,0,0,0,0,0,,NA,NA,NA,NA,NA,NA,NA,NA,NA,NA,NA,NA,NA,NA,NA,NA,NA,NA,,,,,,,,,,,,,,,,,,,NA,NA,NA,NA,4.5075,,2,2,0,1,,
F141,FP,141,HE,Wild,Mb,Mb,8,1,1,1,1,9,4,4,16,6,2,1,1,0,0,0,0,0,0,,1,0,0,0,0,0,0,0,0,0,,NA,NA,NA,NA,NA,NA,NA,NA,NA,NA,NA,NA,NA,NA,NA,NA,NA,NA,,,,,,,,,,,,,,,,,,,NA,NA,NA,NA,NA,NA,2,0,2,0,0.4882,
F142,FP,142,HE,Wild,Mb,Mb,8,2,1,1,2,9,1,2,26,6,2,1,1,0,0,0,0,0,0,,1,0,0,0,0,0,0,0,0,0,,NA,NA,NA,NA,NA,NA,NA,NA,NA,NA,NA,NA,NA,NA,NA,NA,NA,NA,,,,,,,,,,,,,,,,,,,NA,NA,NA,NA,14.8255,,2,2,0,1,0.5578,
F143,FP,143,HE,Wild,Mb,Mb,8,3,1,1,3,9,3,4,60,6,2,1,1,0,0,0,0,0,0,,1,0,0,0,0,0,0,0,0,0,,NA,NA,NA,NA,NA,NA,NA,NA,NA,NA,NA,NA,NA,NA,NA,NA,NA,NA,,,,,,,,,,,,,,,,,,,NA,NA,NA,NA,33.456,,2,1,1,0.5,0.6381,
F144,FP,144,HE,Wild,Mb,Mb,8,4,1,1,4,10,6,3,95,6,2,1,1,0,0,0,0,0,0,,1,0,0,0,0,0,0,0,0,0,,NA,NA,NA,NA,NA,NA,NA,NA,NA,NA,NA,NA,NA,NA,NA,NA,NA,NA,,,,,,,,,,,,,,,,,,,NA,NA,NA,NA,3.311,,2,2,0,1,0.4229,
F145,FP,145,HE,Wild,Mb,Mb,8,5,1,1,5,10,2,3,103,6,2,1,1,0,0,0,1,1,0,,0,0,0,0,0,0,0,0,0,0,,NA,NA,NA,NA,NA,NA,NA,NA,NA,NA,NA,NA,NA,NA,NA,NA,NA,NA,,,,,,,,,,,,,,,,,,,NA,NA,NA,NA,22.481,,2,1,1,0.5,,
F146,FP,146,HE,Wild,Mb,Mb,8,6,1,2,6,11,3,1,129,6,2,1,1,0,0,0,1,1,1,,0,0,0,0,0,0,0,0,0,0,,NA,NA,NA,NA,NA,NA,NA,NA,NA,NA,NA,NA,NA,NA,NA,NA,NA,NA,,,,,,,,,,,,,,,,,,,NA,NA,NA,NA,21.58,,2,1,1,0.5,,
F147,FP,147,HE,Wild,Mb,Mb,8,7,1,2,7,11,6,1,165,6,2,1,1,0,0,0,1,1,1,,0,0,0,0,0,0,0,0,0,0,,NA,NA,NA,NA,NA,NA,NA,NA,NA,NA,NA,NA,NA,NA,NA,NA,NA,NA,,,,,,,,,,,,,,,,,,,NA,NA,NA,NA,NA,NA,2,0,2,0,,
F148,FP,148,HE,Wild,Mb,Mb,8,8,1,2,8,11,1,1,169,6,2,1,1,0,0,0,1,1,1,,0,0,0,0,0,0,0,0,0,0,,NA,NA,NA,NA,NA,NA,NA,NA,NA,NA,NA,NA,NA,NA,NA,NA,NA,NA,,,,,,,,,,,,,,,,,,,NA,NA,NA,NA,3.631,,2,1,1,0.5,,
F149,FP,149,HE,Wild,Mb,Mb,8,9,1,2,9,12,6,2,214,6,2,1,1,0,0,0,1,1,1,,0,0,0,0,0,0,0,0,0,0,,NA,NA,NA,NA,NA,NA,NA,NA,NA,NA,NA,NA,NA,NA,NA,NA,NA,NA,,,,,,,,,,,,,,,,,,,NA,NA,NA,NA,1.75,,2,2,0,1,,
F150,FP,150,HE,Wild,Mb,Mb,8,10,1,2,10,12,6,4,240,6,2,1,1,0,0,0,1,1,1,,0,0,0,0,0,0,0,0,0,0,,NA,NA,NA,NA,NA,NA,NA,NA,NA,NA,NA,NA,NA,NA,NA,NA,NA,NA,,,,,,,,,,,,,,,,,,,NA,NA,NA,NA,NA,NA,2,0,2,0,,
F151,FP,151,HE,Wild,Mb,Mb,8,11,2,3,11,13,5,2,258,6,2,1,1,0,0,0,0,0,0,,1,0,0,0,0,1,0,0,0,0,,NA,NA,NA,NA,NA,NA,NA,NA,NA,NA,NA,NA,NA,NA,NA,NA,NA,NA,,,,,,,,,,,,,,,,,,,NA,NA,NA,NA,15.596,,2,2,0,1,0.5176,
F152,FP,152,HE,Wild,Mb,Mb,8,12,2,3,12,13,2,4,272,6,2,1,1,0,0,1,0,0,0,,1,0,0,0,0,0,0,0,0,0,,NA,NA,NA,NA,NA,NA,NA,NA,NA,NA,NA,NA,NA,NA,NA,NA,NA,NA,,,,,,,,,,,,,,,,,,,NA,NA,NA,NA,3.681666667,,3,3,0,1,0.4828,
F153,FP,153,HE,Wild,Mb,Mb,8,13,2,3,13,13,4,1,301,6,2,1,1,0,0,1,0,0,0,,1,0,0,0,0,0,0,0,0,0,,NA,NA,NA,NA,NA,NA,NA,NA,NA,NA,NA,NA,NA,NA,NA,NA,NA,NA,,,,,,,,,,,,,,,,,,,NA,NA,NA,NA,3.9175,,2,2,0,1,0.5288,
F154,FP,154,HE,Wild,Mb,Mb,8,14,2,3,14,14,5,3,331,6,2,1,1,0,0,1,0,0,0,,1,0,0,0,0,0,0,0,0,0,,NA,NA,NA,NA,NA,NA,NA,NA,NA,NA,NA,NA,NA,NA,NA,NA,NA,NA,,,,,,,,,,,,,,,,,,,NA,NA,NA,NA,3.8745,,2,2,0,1,,
F155,FP,155,HE,Wild,Mb,Mb,8,15,2,3,15,14,5,1,353,6,2,1,1,0,0,1,1,1,0,,0,0,0,0,0,0,0,0,0,0,,NA,NA,NA,NA,NA,NA,NA,NA,NA,NA,NA,NA,NA,NA,NA,NA,NA,NA,,,,,,,,,,,,,,,,,,,NA,NA,NA,NA,4.1765,,2,2,0,1,,
F156,FP,156,HE,Wild,Mb,Mb,8,16,2,4,16,15,2,2,366,6,2,1,1,0,0,1,1,1,1,,0,0,0,0,0,0,0,0,0,0,One caterpillar added because one caterpillar did not survive infestion the day before.,NA,NA,NA,NA,NA,NA,NA,NA,NA,NA,NA,NA,NA,NA,NA,NA,NA,NA,,,,,,,,,,,,,,,,,,,NA,NA,NA,NA,5.5355,,2,2,0,1,,
F157,FP,157,HE,Wild,Mb,Mb,8,17,2,4,17,15,3,3,395,6,2,1,1,0,0,1,1,1,1,,0,0,0,0,0,0,0,0,0,0,,NA,NA,NA,NA,NA,NA,NA,NA,NA,NA,NA,NA,NA,NA,NA,NA,NA,NA,,,,,,,,,,,,,,,,,,,NA,NA,NA,NA,5.0315,,2,2,0,1,,
F158,FP,158,HE,Wild,Mb,Mb,8,18,2,4,18,15,1,4,412,6,2,1,1,0,0,1,1,1,1,,0,0,0,0,0,0,0,0,0,0,One caterpillar added because one caterpillar did not survive infestion the day before.,NA,NA,NA,NA,NA,NA,NA,NA,NA,NA,NA,NA,NA,NA,NA,NA,NA,NA,,,,,,,,,,,,,,,,,,,NA,NA,NA,NA,4.69,,2,1,1,0.5,,
F159,FP,159,HE,Wild,Mb,Mb,8,19,2,4,19,16,4,2,446,6,2,1,1,0,0,1,1,1,1,,0,0,0,0,0,0,0,0,0,0,,NA,NA,NA,NA,NA,NA,NA,NA,NA,NA,NA,NA,NA,NA,NA,NA,NA,NA,,,,,,,,,,,,,,,,,,,NA,NA,NA,NA,7.213,,2,1,1,0.5,,
F160,FP,160,HE,Wild,Mb,Mb,8,20,2,4,20,16,1,3,459,6,2,1,1,0,0,1,1,1,1,,0,0,0,0,0,0,0,0,0,0,,NA,NA,NA,NA,NA,NA,NA,NA,NA,NA,NA,NA,NA,NA,NA,NA,NA,NA,,,,,,,,,,,,,,,,,,,NA,NA,NA,NA,4.601,,2,2,0,1,,
F161,FP,161,HM,Cultivated,Mb,Co,9,1,1,1,1,9,3,2,10,0,2,1,1,0,0,0,0,0,0,,1,0,0,0,0,0,0,0,0,0,plant severely damaged,NA,NA,NA,NA,NA,NA,NA,NA,NA,NA,NA,NA,NA,NA,NA,NA,NA,NA,,,,,,,,,,,,,,,,,,,NA,NA,NA,NA,56.6595,,2,2,0,1,0.4593,
F162,FP,162,HM,Cultivated,Mb,Co,9,2,1,1,2,9,2,4,32,0,2,1,1,0,0,0,0,0,0,,1,0,0,0,0,0,0,0,0,0,number of caterpillar found in tubes did not equal number of caterpillar written down.,NA,NA,NA,NA,NA,NA,NA,NA,NA,NA,NA,NA,NA,NA,NA,NA,NA,NA,,,,,,,,,,,,,,,,,,,NA,NA,NA,NA,NA,NA,2,0,2,0,0.7948,
F163,FP,163,HM,Cultivated,Mb,Co,9,3,1,1,3,9,4,3,63,0,2,1,1,0,0,0,0,0,0,,1,0,0,0,0,0,0,0,0,0,"plant severely damaged, number of caterpillar found in tubes did not equal number of caterpillar written down.",NA,NA,NA,NA,NA,NA,NA,NA,NA,NA,NA,NA,NA,NA,NA,NA,NA,NA,,,,,,,,,,,,,,,,,,,NA,NA,NA,NA,85.359,,2,1,1,0.5,0.8082,
F164,FP,164,HM,Cultivated,Mb,Co,9,4,1,1,4,10,6,4,96,0,2,1,1,0,0,0,0,0,0,,1,0,0,0,0,0,0,0,0,0,,NA,NA,NA,NA,NA,NA,NA,NA,NA,NA,NA,NA,NA,NA,NA,NA,NA,NA,,,,,,,,,,,,,,,,,,,NA,NA,NA,NA,16.845,,2,1,1,0.5,1.0287,
F165,FP,165,HM,Cultivated,Mb,Co,9,5,1,1,5,10,1,3,99,0,2,1,1,0,0,0,1,1,0,,0,0,0,0,0,0,0,0,0,0,plant severely damaged,NA,NA,NA,NA,NA,NA,NA,NA,NA,NA,NA,NA,NA,NA,NA,NA,NA,NA,,,,,,,,,,,,,,,,,,,NA,NA,NA,NA,50.895,,2,2,0,1,,
F166,FP,166,HM,Cultivated,Mb,Co,9,6,1,2,6,11,4,2,134,0,2,1,1,0,0,0,1,1,1,,0,0,0,0,0,0,0,0,0,0,plant severely damaged,NA,NA,NA,NA,NA,NA,NA,NA,NA,NA,NA,NA,NA,NA,NA,NA,NA,NA,,,,,,,,,,,,,,,,,,,NA,NA,NA,NA,60.9695,,2,2,0,1,,
F167,FP,167,HM,Cultivated,Mb,Co,9,7,1,2,7,11,1,4,148,0,2,1,1,0,0,0,1,1,1,,0,0,0,0,0,0,0,0,0,0,star (2 cat were found later on),NA,NA,NA,NA,NA,NA,NA,NA,NA,NA,NA,NA,NA,NA,NA,NA,NA,NA,,,,,,,,,,,,,,,,,,,NA,NA,NA,NA,36.06266667,,3,3,0,1,,
F168,FP,168,HM,Cultivated,Mb,Co,9,8,1,2,8,11,2,3,175,0,2,1,1,0,0,0,1,1,1,,0,0,0,0,0,0,0,0,0,0,,NA,NA,NA,NA,NA,NA,NA,NA,NA,NA,NA,NA,NA,NA,NA,NA,NA,NA,,,,,,,,,,,,,,,,,,,NA,NA,NA,NA,NA,NA,2,0,2,0,,
F169,FP,169,HM,Cultivated,Mb,Co,9,9,1,2,9,12,4,1,205,0,2,1,1,0,0,0,1,1,1,,0,0,0,0,0,0,0,0,0,0,,NA,NA,NA,NA,NA,NA,NA,NA,NA,NA,NA,NA,NA,NA,NA,NA,NA,NA,,,,,,,,,,,,,,,,,,,NA,NA,NA,NA,NA,NA,2,0,2,0,,
F170,FP,170,HM,Cultivated,Mb,Co,9,10,1,2,10,12,6,1,237,0,2,1,1,0,0,0,1,1,1,,0,0,0,0,0,0,0,0,0,0,plant severely damaged,NA,NA,NA,NA,NA,NA,NA,NA,NA,NA,NA,NA,NA,NA,NA,NA,NA,NA,,,,,,,,,,,,,,,,,,,NA,NA,NA,NA,55.77,,2,2,0,1,,
F171,FP,171,HM,Cultivated,Mb,Co,9,11,2,3,11,13,2,2,246,0,2,1,1,1,0,0,0,0,0,,1,0,0,0,0,1,0,0,0,0,,6.2,0.14,0.06,0.08,0,0,0.06,0,0,0.08,0,0,0,NA,NA,NA,NA,,,,,,,,,,,,,,,,,,,,NA,NA,NA,NA,13.8735,,2,2,0,1,,
F172,FP,172,HM,Cultivated,Mb,Co,9,12,2,3,12,13,4,4,280,0,2,1,1,1,1,0,0,0,0,,1,0,0,0,0,0,0,0,0,0,,5.5,0.06,0.06,0,0,0,0.06,0,0,0,0,0,0,NA,NA,NA,NA,,,,,,,,,,,,,,,,,,,,1.64,37.8,22.99,,13.7165,,2,2,0,1,0.5966,
F173,FP,173,HM,Cultivated,Mb,Co,9,13,2,3,13,13,5,4,308,0,2,1,1,1,1,0,0,0,0,,1,0,0,0,0,0,0,0,0,0,,5.6,0.19,0.18,0.01,0,0,0.18,0,0,0,0.01,0,0,NA,NA,NA,NA,,,,,,,,,,,,,,,,,,,,1.6,38.39,23.97,,4.214,,2,2,0,1,0.7645,
F174,FP,174,HM,Cultivated,Mb,Co,9,14,2,3,14,14,3,4,324,0,2,1,1,1,1,0,0,0,0,,1,0,0,0,0,0,0,0,0,0,,6.2,0.13,0.07,0.06,0,0,0.07,0,0,0,0.01,0,0.05,NA,NA,NA,NA,,,,,,,,,,,,,,,,,,,,1.87,39.96,21.34,,8.967,,2,2,0,1,0.5513,
F175,FP,175,HM,Cultivated,Mb,Co,9,15,2,3,15,14,5,2,354,0,2,1,1,1,0,0,1,1,0,,0,0,0,0,0,0,0,0,0,0,,6.8,0.13,0.11,0.03,0,0,0.09,0.02,0,0.02,0,0,0.01,NA,NA,NA,NA,,,,,,,,,,,,,,,,,,,,NA,NA,NA,NA,12.701,,2,2,0,1,,
F176,FP,176,HM,Cultivated,Mb,Co,9,16,2,4,16,15,6,2,382,0,2,1,1,0,0,0,1,1,1,,0,0,0,0,0,0,0,0,0,0,,NA,NA,NA,NA,NA,NA,NA,NA,NA,NA,NA,NA,NA,NA,NA,NA,NA,NA,,,,,,,,,,,,,,,,,,,NA,NA,NA,NA,7.377,,2,2,0,1,,
F177,FP,177,HM,Cultivated,Mb,Co,9,17,2,4,17,15,1,1,385,0,2,1,1,0,0,0,1,1,1,,0,0,0,0,0,0,0,0,0,0,,NA,NA,NA,NA,NA,NA,NA,NA,NA,NA,NA,NA,NA,NA,NA,NA,NA,NA,,,,,,,,,,,,,,,,,,,NA,NA,NA,NA,13.96,,2,1,1,0.5,,
F178,FP,178,HM,Cultivated,Mb,Co,9,18,2,4,18,15,2,1,413,0,2,1,1,0,0,0,1,1,1,,0,0,0,0,0,0,0,0,0,0,,NA,NA,NA,NA,NA,NA,NA,NA,NA,NA,NA,NA,NA,NA,NA,NA,NA,NA,,,,,,,,,,,,,,,,,,,NA,NA,NA,NA,7.441,,2,2,0,1,,
F179,FP,179,HM,Cultivated,Mb,Co,9,19,2,4,19,16,3,1,441,0,2,1,1,0,0,0,1,1,1,,0,0,0,0,0,0,0,0,0,0,,NA,NA,NA,NA,NA,NA,NA,NA,NA,NA,NA,NA,NA,NA,NA,NA,NA,NA,,,,,,,,,,,,,,,,,,,NA,NA,NA,NA,4.3625,,2,2,0,1,,
F180,FP,180,HM,Cultivated,Mb,Co,9,20,2,4,20,16,5,3,475,0,2,1,1,0,0,0,1,1,1,,0,0,0,0,0,0,0,0,0,0,,NA,NA,NA,NA,NA,NA,NA,NA,NA,NA,NA,NA,NA,NA,NA,NA,NA,NA,,,,,,,,,,,,,,,,,,,NA,NA,NA,NA,9.074,,2,2,0,1,,
F181,FP,181,HM,Cultivated,Mb,Mb,10,1,1,1,1,9,1,2,2,2,2,1,1,0,0,0,0,0,0,,1,0,0,0,0,0,0,0,0,0,little bit of trips damage observed during caterpillar infestation // plant severely damaged,NA,NA,NA,NA,NA,NA,NA,NA,NA,NA,NA,NA,NA,NA,NA,NA,NA,NA,,,,,,,,,,,,,,,,,,,NA,NA,NA,NA,13.9645,,4,4,0,1,0.6876,
F182,FP,182,HM,Cultivated,Mb,Mb,10,2,1,1,2,9,6,3,47,2,2,1,1,0,0,0,0,0,0,,1,0,0,0,0,0,0,0,0,0,,NA,NA,NA,NA,NA,NA,NA,NA,NA,NA,NA,NA,NA,NA,NA,NA,NA,NA,,,,,,,,,,,,,,,,,,,NA,NA,NA,NA,35.794,,2,1,1,0.5,0.8807,
F183,FP,183,HM,Cultivated,Mb,Mb,10,3,1,1,3,9,2,3,55,2,2,1,1,0,0,0,0,0,0,,1,0,0,0,0,0,0,0,0,0,plant severely damaged,NA,NA,NA,NA,NA,NA,NA,NA,NA,NA,NA,NA,NA,NA,NA,NA,NA,NA,,,,,,,,,,,,,,,,,,,NA,NA,NA,NA,44.772,,2,2,0,1,0.6375,
F184,FP,184,HM,Cultivated,Mb,Mb,10,4,1,1,4,10,5,4,92,2,2,1,1,0,0,0,0,0,0,,1,0,0,0,0,0,0,0,0,0,,NA,NA,NA,NA,NA,NA,NA,NA,NA,NA,NA,NA,NA,NA,NA,NA,NA,NA,,,,,,,,,,,,,,,,,,,NA,NA,NA,NA,63.173,,2,1,1,0.5,1.1792,
F185,FP,185,HM,Cultivated,Mb,Mb,10,5,1,1,5,10,3,2,106,2,2,1,1,0,0,0,1,1,0,,0,0,0,0,0,0,0,0,0,0,plant severely damaged,NA,NA,NA,NA,NA,NA,NA,NA,NA,NA,NA,NA,NA,NA,NA,NA,NA,NA,,,,,,,,,,,,,,,,,,,NA,NA,NA,NA,50.178,,2,2,0,1,,
F186,FP,186,HM,Cultivated,Mb,Mb,10,6,1,2,6,11,4,1,133,2,2,1,1,0,0,0,1,1,1,,0,0,0,0,0,0,0,0,0,0,,NA,NA,NA,NA,NA,NA,NA,NA,NA,NA,NA,NA,NA,NA,NA,NA,NA,NA,,,,,,,,,,,,,,,,,,,NA,NA,NA,NA,NA,NA,2,0,2,0,,
F187,FP,187,HM,Cultivated,Mb,Mb,10,7,1,2,7,11,4,3,159,2,2,1,1,0,0,0,1,1,1,,0,0,0,0,0,0,0,0,0,0,,NA,NA,NA,NA,NA,NA,NA,NA,NA,NA,NA,NA,NA,NA,NA,NA,NA,NA,,,,,,,,,,,,,,,,,,,NA,NA,NA,NA,56.4265,,2,2,0,1,,
F188,FP,188,HM,Cultivated,Mb,Mb,10,8,1,2,8,11,6,2,190,2,2,1,1,0,0,0,1,1,1,,0,0,0,0,0,0,0,0,0,0,,NA,NA,NA,NA,NA,NA,NA,NA,NA,NA,NA,NA,NA,NA,NA,NA,NA,NA,,,,,,,,,,,,,,,,,,,NA,NA,NA,NA,83.207,,2,1,1,0.5,,
F189,FP,189,HM,Cultivated,Mb,Mb,10,9,1,2,9,12,6,1,213,2,2,1,1,0,0,0,1,1,1,,0,0,0,0,0,0,0,0,0,0,plant severely damaged,NA,NA,NA,NA,NA,NA,NA,NA,NA,NA,NA,NA,NA,NA,NA,NA,NA,NA,,,,,,,,,,,,,,,,,,,NA,NA,NA,NA,53.8625,,2,2,0,1,,
F190,FP,190,HM,Cultivated,Mb,Mb,10,10,1,2,10,12,1,4,220,2,2,1,1,0,0,0,1,1,1,,0,0,0,0,0,0,0,0,0,0,little bit of trips damage observed during caterpillar infestation,NA,NA,NA,NA,NA,NA,NA,NA,NA,NA,NA,NA,NA,NA,NA,NA,NA,NA,,,,,,,,,,,,,,,,,,,NA,NA,NA,NA,NA,NA,2,0,2,0,,
F191,FP,191,HM,Cultivated,Mb,Mb,10,11,2,3,11,13,5,3,259,2,2,1,1,1,0,0,0,0,0,,1,0,0,0,0,1,0,0,0,0,,7.7,0.2,0.09,0.11,0,0,0.09,0,0,0.03,0.08,0,0,NA,NA,NA,NA,,,,,,,,,,,,,,,,,,,,NA,NA,NA,NA,7.292333333,,3,3,0,1,0.6654,
F192,FP,192,HM,Cultivated,Mb,Mb,10,12,2,3,12,13,5,1,281,2,2,1,1,1,1,0,0,0,0,,1,0,0,0,0,0,0,0,0,0,,4.9,0.06,0.02,0.04,0,0,0.02,0,0,0.03,0,0,0.01,NA,NA,NA,NA,,,,,,,,,,,,,,,,,,,,1.27,36.24,28.56,,9.987,,2,1,1,0.5,0.6863,
F193,FP,193,HM,Cultivated,Mb,Mb,10,13,2,3,13,13,2,2,294,2,2,1,1,1,1,0,1,1,1,,1,0,0,0,0,0,0,0,0,0,,7.7,0.2,0.18,0.01,0.11,0,0.07,0,0,0,0,0,0.01,NA,NA,NA,NA,,,,,,,,,,,,,,,,,,,,1.41,38.54,27.36,,7.1235,,2,2,0,1,,
F194,FP,194,HM,Cultivated,Mb,Mb,10,14,2,3,14,14,2,4,320,2,2,1,1,1,1,0,1,1,1,,1,0,0,0,0,0,0,0,0,0,,7.8,0.06,0.04,0.02,0,0,0.04,0,0,0.01,0.01,0,0,NA,NA,NA,NA,,,,,,,,,,,,,,,,,,,,1.37,39.4,28.84,,3.129,,2,2,0,1,,
F195,FP,195,HM,Cultivated,Mb,Mb,10,15,2,3,15,14,3,1,345,2,2,1,1,1,0,0,1,1,0,,0,0,0,0,0,0,0,0,0,0,Switched around with E56 before herbivore infestation because stem was very thin and plant may die soon,6.7,0.17,0.16,0.01,0,0,0.13,0,0.03,0,0.01,0,0,NA,NA,NA,NA,Switched around with E56 before herbivore infestation because stem was very thin and plant may die soon,,,,,,,,,,,,,,,,,,,NA,NA,NA,NA,3.8925,,2,2,0,1,,
F196,FP,196,HM,Cultivated,Mb,Mb,10,16,2,4,16,15,4,4,376,2,2,1,1,0,0,0,0,0,0,,0,0,0,0,0,0,0,0,0,0,,NA,NA,NA,NA,NA,NA,NA,NA,NA,NA,NA,NA,NA,NA,NA,NA,NA,NA,,,,,,,,,,,,,,,,,,,NA,NA,NA,NA,11.15,,2,2,0,1,,
F197,FP,197,HM,Cultivated,Mb,Mb,10,17,2,4,17,15,1,3,387,2,2,1,1,0,0,0,1,1,1,,0,0,0,0,0,0,0,0,0,0,,NA,NA,NA,NA,NA,NA,NA,NA,NA,NA,NA,NA,NA,NA,NA,NA,NA,NA,,,,,,,,,,,,,,,,,,,NA,NA,NA,NA,5.128,,2,1,1,0.5,,
F198,FP,198,HM,Cultivated,Mb,Mb,10,18,2,4,18,15,3,4,420,2,2,1,1,0,0,0,0,0,0,,0,0,0,0,0,0,0,0,0,0,,NA,NA,NA,NA,NA,NA,NA,NA,NA,NA,NA,NA,NA,NA,NA,NA,NA,NA,,,,,,,,,,,,,,,,,,,NA,NA,NA,NA,7.082,,2,1,1,0.5,0.4279,
F199,FP,199,HM,Cultivated,Mb,Mb,10,19,2,4,19,16,5,2,450,2,2,1,1,0,0,0,1,1,1,,0,0,0,0,0,0,0,0,0,0,,NA,NA,NA,NA,NA,NA,NA,NA,NA,NA,NA,NA,NA,NA,NA,NA,NA,NA,,,,,,,,,,,,,,,,,,,NA,NA,NA,NA,5.6205,,2,2,0,1,,
F200,FP,200,HM,Cultivated,Mb,Mb,10,20,2,4,20,16,2,1,461,2,2,1,1,0,0,0,1,1,1,,0,0,0,0,0,0,0,0,0,0,,NA,NA,NA,NA,NA,NA,NA,NA,NA,NA,NA,NA,NA,NA,NA,NA,NA,NA,,,,,,,,,,,,,,,,,,,NA,NA,NA,NA,6.745,,2,1,1,0.5,,
F201,FP,201,IT1,Cultivated,Mb,Co,11,1,1,1,1,9,6,1,21,0,2,1,1,0,0,1,0,0,0,,1,0,0,0,0,0,0,0,0,0,,NA,NA,NA,NA,NA,NA,NA,NA,NA,NA,NA,NA,NA,NA,NA,NA,NA,NA,,,,,,,,,,,,,,,,,,,NA,NA,NA,NA,17.1345,,2,2,0,1,0.411,
F202,FP,202,IT1,Cultivated,Mb,Co,11,2,1,1,2,9,5,3,43,0,2,1,1,0,0,1,0,0,0,,1,0,0,0,0,0,0,0,0,0,,NA,NA,NA,NA,NA,NA,NA,NA,NA,NA,NA,NA,NA,NA,NA,NA,NA,NA,,,,,,,,,,,,,,,,,,,NA,NA,NA,NA,17.089,,2,1,1,0.5,0.5373,
F203,FP,203,IT1,Cultivated,Mb,Co,11,5,1,1,5,10,6,3,119,0,2,1,1,0,0,1,1,1,0,,1,0,0,0,0,0,0,0,0,0,,NA,NA,NA,NA,NA,NA,NA,NA,NA,NA,NA,NA,NA,NA,NA,NA,NA,NA,,,,,,,,,,,,,,,,,,,NA,NA,NA,NA,14.952,,2,2,0,1,0.5526,
F204,FP,204,IT1,Cultivated,Mb,Co,11,6,1,2,6,11,3,4,132,0,2,1,1,0,0,1,1,1,1,,1,0,0,0,0,0,0,0,0,0,,NA,NA,NA,NA,NA,NA,NA,NA,NA,NA,NA,NA,NA,NA,NA,NA,NA,NA,,,,,,,,,,,,,,,,,,,NA,NA,NA,NA,11.018,,2,1,1,0.5,0.4863,
F205,FP,205,IT1,Cultivated,Mb,Co,11,7,1,2,7,11,1,1,145,0,2,1,1,0,0,1,1,1,1,,0,0,0,0,0,0,0,0,0,0,,NA,NA,NA,NA,NA,NA,NA,NA,NA,NA,NA,NA,NA,NA,NA,NA,NA,NA,,,,,,,,,,,,,,,,,,,NA,NA,NA,NA,10.4295,,2,2,0,1,,
F206,FP,206,IT1,Cultivated,Mb,Co,11,3,1,1,3,9,6,4,72,0,2,1,1,0,0,0,0,0,0,,0,0,0,0,0,0,0,0,0,0,,NA,NA,NA,NA,NA,NA,NA,NA,NA,NA,NA,NA,NA,NA,NA,NA,NA,NA,,,,,,,,,,,,,,,,,,,NA,NA,NA,NA,21.594,,2,2,0,1,,
F207,FP,207,IT1,Cultivated,Mb,Co,11,4,1,1,4,10,2,2,78,0,2,1,1,0,0,0,0,0,0,,0,0,0,0,0,0,0,0,0,0,,NA,NA,NA,NA,NA,NA,NA,NA,NA,NA,NA,NA,NA,NA,NA,NA,NA,NA,,,,,,,,,,,,,,,,,,,NA,NA,NA,NA,5.641,,2,2,0,1,,
F208,FP,208,IT1,Cultivated,Mb,Co,11,8,1,2,8,11,4,1,181,0,2,1,1,0,0,0,1,1,1,,0,0,0,0,0,0,0,0,0,0,pland had dark and light green patches on leaves during herbivore infestation,NA,NA,NA,NA,NA,NA,NA,NA,NA,NA,NA,NA,NA,NA,NA,NA,NA,NA,,,,,,,,,,,,,,,,,,,NA,NA,NA,NA,20.382,,2,1,1,0.5,,
F209,FP,209,IT1,Cultivated,Mb,Co,11,9,1,2,9,12,5,1,209,0,2,1,1,0,0,0,1,1,1,,0,0,0,0,0,0,0,0,0,0,,NA,NA,NA,NA,NA,NA,NA,NA,NA,NA,NA,NA,NA,NA,NA,NA,NA,NA,,,,,,,,,,,,,,,,,,,NA,NA,NA,NA,25.148,,2,2,0,1,,
F210,FP,210,IT1,Cultivated,Mb,Co,11,10,1,2,10,12,4,3,231,0,2,1,1,0,0,0,1,1,1,,0,0,0,0,0,0,0,0,0,0,,NA,NA,NA,NA,NA,NA,NA,NA,NA,NA,NA,NA,NA,NA,NA,NA,NA,NA,,,,,,,,,,,,,,,,,,,NA,NA,NA,NA,22.022,,2,1,1,0.5,,
F211,FP,211,IT1,Cultivated,Mb,Co,11,11,2,3,11,13,4,4,256,0,2,1,1,0,0,1,0,0,0,,1,0,0,0,0,1,0,0,0,0,,NA,NA,NA,NA,NA,NA,NA,NA,NA,NA,NA,NA,NA,NA,NA,NA,NA,NA,,,,,,,,,,,,,,,,,,,NA,NA,NA,NA,23.307,,2,2,0,1,,
F212,FP,212,IT1,Cultivated,Mb,Co,11,12,2,3,12,13,3,3,275,0,2,1,1,0,0,1,0,0,0,,1,0,0,0,0,0,0,0,0,0,,NA,NA,NA,NA,NA,NA,NA,NA,NA,NA,NA,NA,NA,NA,NA,NA,NA,NA,,,,,,,,,,,,,,,,,,,NA,NA,NA,NA,14.2725,,2,2,0,1,0.4838,
F213,FP,213,IT1,Cultivated,Mb,Co,11,13,2,3,13,13,4,2,302,0,2,1,1,0,0,1,0,0,0,,1,0,0,0,0,0,0,0,0,0,,NA,NA,NA,NA,NA,NA,NA,NA,NA,NA,NA,NA,NA,NA,NA,NA,NA,NA,,,,,,,,,,,,,,,,,,,NA,NA,NA,NA,16.7935,,2,2,0,1,0.5611,
F214,FP,214,IT1,Cultivated,Mb,Co,11,14,2,3,14,14,3,1,321,0,2,1,1,0,0,1,0,0,0,,1,0,0,0,0,0,0,0,0,0,,NA,NA,NA,NA,NA,NA,NA,NA,NA,NA,NA,NA,NA,NA,NA,NA,NA,NA,,,,,,,,,,,,,,,,,,,NA,NA,NA,NA,20.027,,2,2,0,1,0.6172,
F215,FP,215,IT1,Cultivated,Mb,Co,11,15,2,3,15,14,3,2,346,0,2,1,1,0,0,1,1,1,0,,0,0,0,0,0,0,0,0,0,0,,NA,NA,NA,NA,NA,NA,NA,NA,NA,NA,NA,NA,NA,NA,NA,NA,NA,NA,,,,,,,,,,,,,,,,,,,NA,NA,NA,NA,22.313,,2,2,0,1,,
F216,FP,216,IT1,Cultivated,Mb,Co,11,16,2,4,16,15,5,2,378,0,2,1,1,0,0,0,1,1,1,,0,0,0,0,0,0,0,0,0,0,,NA,NA,NA,NA,NA,NA,NA,NA,NA,NA,NA,NA,NA,NA,NA,NA,NA,NA,,,,,,,,,,,,,,,,,,,NA,NA,NA,NA,9.012,,2,2,0,1,,
F217,FP,217,IT1,Cultivated,Mb,Co,11,17,2,4,17,15,1,4,388,0,2,1,1,0,0,0,1,1,1,,0,0,0,0,0,0,0,0,0,0,,NA,NA,NA,NA,NA,NA,NA,NA,NA,NA,NA,NA,NA,NA,NA,NA,NA,NA,,,,,,,,,,,,,,,,,,,NA,NA,NA,NA,21.1095,,2,2,0,1,,
F218,FP,218,IT1,Cultivated,Mb,Co,11,18,2,4,18,15,1,3,411,0,2,1,1,0,0,0,1,1,1,,0,0,0,0,0,0,0,0,0,0,,NA,NA,NA,NA,NA,NA,NA,NA,NA,NA,NA,NA,NA,NA,NA,NA,NA,NA,,,,,,,,,,,,,,,,,,,NA,NA,NA,NA,10.1675,,2,2,0,1,,
F219,FP,219,IT1,Cultivated,Mb,Co,11,19,2,4,19,16,2,4,440,0,2,1,1,0,0,0,1,1,1,,0,0,0,0,0,0,0,0,0,0,,NA,NA,NA,NA,NA,NA,NA,NA,NA,NA,NA,NA,NA,NA,NA,NA,NA,NA,,,,,,,,,,,,,,,,,,,NA,NA,NA,NA,4.8475,,2,2,0,1,,
F220,FP,220,IT1,Cultivated,Mb,Co,11,20,2,4,20,16,2,3,463,0,2,1,1,0,0,0,1,1,1,,0,0,0,0,0,0,0,0,0,0,,NA,NA,NA,NA,NA,NA,NA,NA,NA,NA,NA,NA,NA,NA,NA,NA,NA,NA,,,,,,,,,,,,,,,,,,,NA,NA,NA,NA,9.3745,,2,2,0,1,,
F221,FP,221,IT1,Cultivated,Mb,Mb,12,1,1,1,1,9,5,3,19,4,2,1,1,0,0,1,0,0,0,,1,0,0,0,0,0,0,0,0,0,,NA,NA,NA,NA,NA,NA,NA,NA,NA,NA,NA,NA,NA,NA,NA,NA,NA,NA,,,,,,,,,,,,,,,,,,,NA,NA,NA,NA,20.49,,2,2,0,1,0.2787,
F222,FP,222,IT1,Cultivated,Mb,Mb,12,2,1,1,2,9,5,4,44,4,2,1,1,0,0,1,0,0,0,,1,0,0,0,0,0,0,0,0,0,,NA,NA,NA,NA,NA,NA,NA,NA,NA,NA,NA,NA,NA,NA,NA,NA,NA,NA,,,,,,,,,,,,,,,,,,,NA,NA,NA,NA,10.458,,2,2,0,1,0.2317,
F223,FP,223,IT1,Cultivated,Mb,Mb,12,5,1,1,5,10,6,4,120,4,2,1,1,0,0,1,1,1,0,,1,0,0,0,0,0,0,0,0,0,,NA,NA,NA,NA,NA,NA,NA,NA,NA,NA,NA,NA,NA,NA,NA,NA,NA,NA,,,,,,,,,,,,,,,,,,,NA,NA,NA,NA,21.463,,2,1,1,0.5,0.4879,
F224,FP,224,IT1,Cultivated,Mb,Mb,12,6,1,2,6,11,4,3,135,4,2,1,1,0,0,1,1,1,1,,1,0,0,0,0,0,0,0,0,0,,NA,NA,NA,NA,NA,NA,NA,NA,NA,NA,NA,NA,NA,NA,NA,NA,NA,NA,,,,,,,,,,,,,,,,,,,NA,NA,NA,NA,27.132,,2,1,1,0.5,0.2566,
F225,FP,225,IT1,Cultivated,Mb,Mb,12,7,1,2,7,11,2,2,150,4,2,1,1,0,0,1,1,1,1,,0,0,0,0,0,0,0,0,0,0,,NA,NA,NA,NA,NA,NA,NA,NA,NA,NA,NA,NA,NA,NA,NA,NA,NA,NA,,,,,,,,,,,,,,,,,,,NA,NA,NA,NA,10.0425,,2,2,0,1,,
F226,FP,226,IT1,Cultivated,Mb,Mb,12,3,1,1,3,9,3,1,57,4,2,1,1,0,0,0,0,0,0,,0,0,0,0,0,0,0,0,0,0,One caterpillar added because one caterpillar did not survive infestion the day before.,NA,NA,NA,NA,NA,NA,NA,NA,NA,NA,NA,NA,NA,NA,NA,NA,NA,NA,,,,,,,,,,,,,,,,,,,NA,NA,NA,NA,11.3145,,2,2,0,1,,
F227,FP,227,IT1,Cultivated,Mb,Mb,12,4,1,1,4,10,3,4,84,4,2,1,1,0,0,0,0,0,0,,0,0,0,0,0,0,0,0,0,0,,NA,NA,NA,NA,NA,NA,NA,NA,NA,NA,NA,NA,NA,NA,NA,NA,NA,NA,,,,,,,,,,,,,,,,,,,NA,NA,NA,NA,20.3445,,2,2,0,1,,
F228,FP,228,IT1,Cultivated,Mb,Mb,12,8,1,2,8,11,4,4,184,4,2,1,1,0,0,0,1,1,1,,0,0,0,0,0,0,0,0,0,0,,NA,NA,NA,NA,NA,NA,NA,NA,NA,NA,NA,NA,NA,NA,NA,NA,NA,NA,,,,,,,,,,,,,,,,,,,NA,NA,NA,NA,13.998,,2,2,0,1,,
F229,FP,229,IT1,Cultivated,Mb,Mb,12,9,1,2,9,12,1,3,195,4,2,1,1,0,0,0,1,1,1,,0,0,0,0,0,0,0,0,0,0,,NA,NA,NA,NA,NA,NA,NA,NA,NA,NA,NA,NA,NA,NA,NA,NA,NA,NA,,,,,,,,,,,,,,,,,,,NA,NA,NA,NA,14.668,,2,1,1,0.5,,
F230,FP,230,IT1,Cultivated,Mb,Mb,12,10,1,2,10,12,1,2,218,4,2,1,1,0,0,0,1,1,1,,0,0,0,0,0,0,0,0,0,0,,NA,NA,NA,NA,NA,NA,NA,NA,NA,NA,NA,NA,NA,NA,NA,NA,NA,NA,,,,,,,,,,,,,,,,,,,NA,NA,NA,NA,14.7335,,2,2,0,1,,
F231,FP,231,IT1,Cultivated,Mb,Mb,12,11,2,3,11,13,2,4,248,4,2,1,1,0,0,1,0,0,0,,1,0,0,0,0,1,0,0,0,0,,NA,NA,NA,NA,NA,NA,NA,NA,NA,NA,NA,NA,NA,NA,NA,NA,NA,NA,,,,,,,,,,,,,,,,,,,NA,NA,NA,NA,10.1855,,2,2,0,1,,
F232,FP,232,IT1,Cultivated,Mb,Mb,12,12,2,3,12,13,2,3,271,4,2,1,1,0,0,1,0,0,0,,1,0,0,0,0,0,0,0,0,0,,NA,NA,NA,NA,NA,NA,NA,NA,NA,NA,NA,NA,NA,NA,NA,NA,NA,NA,,,,,,,,,,,,,,,,,,,NA,NA,NA,NA,19.2375,,2,2,0,1,0.6799,
F233,FP,233,IT1,Cultivated,Mb,Mb,12,13,2,3,13,13,6,1,309,4,2,1,1,0,0,1,0,0,0,,1,0,0,0,0,0,0,0,0,0,,NA,NA,NA,NA,NA,NA,NA,NA,NA,NA,NA,NA,NA,NA,NA,NA,NA,NA,,,,,,,,,,,,,,,,,,,NA,NA,NA,NA,9.058,,2,2,0,1,0.5572,
F234,FP,234,IT1,Cultivated,Mb,Mb,12,14,2,3,14,14,5,2,330,4,2,1,1,0,0,1,0,0,0,,1,0,0,0,0,0,0,0,0,0,,NA,NA,NA,NA,NA,NA,NA,NA,NA,NA,NA,NA,NA,NA,NA,NA,NA,NA,,,,,,,,,,,,,,,,,,,NA,NA,NA,NA,11.4495,,2,2,0,1,0.6569,
F235,FP,235,IT1,Cultivated,Mb,Mb,12,15,2,3,15,14,2,1,341,4,2,1,1,0,0,1,1,1,0,,0,0,0,0,0,0,0,0,0,0,,NA,NA,NA,NA,NA,NA,NA,NA,NA,NA,NA,NA,NA,NA,NA,NA,NA,NA,,,,,,,,,,,,,,,,,,,NA,NA,NA,NA,10.0135,,2,2,0,1,,
F236,FP,236,IT1,Cultivated,Mb,Mb,12,16,2,4,16,15,1,1,361,4,2,1,1,0,0,0,1,1,1,,0,0,0,0,0,0,0,0,0,0,,NA,NA,NA,NA,NA,NA,NA,NA,NA,NA,NA,NA,NA,NA,NA,NA,NA,NA,,,,,,,,,,,,,,,,,,,NA,NA,NA,NA,21.896,,2,1,1,0.5,,
F237,FP,237,IT1,Cultivated,Mb,Mb,12,17,2,4,17,15,4,1,397,4,2,1,1,0,0,0,1,1,1,,0,0,0,0,0,0,0,0,0,0,,NA,NA,NA,NA,NA,NA,NA,NA,NA,NA,NA,NA,NA,NA,NA,NA,NA,NA,,,,,,,,,,,,,,,,,,,NA,NA,NA,NA,8.216,,2,1,1,0.5,,
F238,FP,238,IT1,Cultivated,Mb,Mb,12,18,2,4,18,15,3,2,418,4,2,1,1,0,0,0,1,1,1,,0,0,0,0,0,0,0,0,0,0,,NA,NA,NA,NA,NA,NA,NA,NA,NA,NA,NA,NA,NA,NA,NA,NA,NA,NA,,,,,,,,,,,,,,,,,,,NA,NA,NA,NA,17.28,,2,2,0,1,,
F239,FP,239,IT1,Cultivated,Mb,Mb,12,19,2,4,19,16,6,3,455,4,2,1,1,0,0,0,1,1,1,,0,0,0,0,0,0,0,0,0,0,,NA,NA,NA,NA,NA,NA,NA,NA,NA,NA,NA,NA,NA,NA,NA,NA,NA,NA,,,,,,,,,,,,,,,,,,,NA,NA,NA,NA,13.3305,,2,2,0,1,,
F240,FP,240,IT1,Cultivated,Mb,Mb,12,20,2,4,20,16,4,2,470,4,2,1,1,0,0,0,1,1,1,,0,0,0,0,0,0,0,0,0,0,,NA,NA,NA,NA,NA,NA,NA,NA,NA,NA,NA,NA,NA,NA,NA,NA,NA,NA,,,,,,,,,,,,,,,,,,,NA,NA,NA,NA,12.138,,2,1,1,0.5,,
F241,FP,241,KI,Wild,Mb,Co,13,1,1,1,1,9,3,1,9,0,2,1,1,0,0,0,0,0,0,,1,0,0,0,0,0,0,0,0,0,,NA,NA,NA,NA,NA,NA,NA,NA,NA,NA,NA,NA,NA,NA,NA,NA,NA,NA,,,,,,,,,,,,,,,,,,,NA,NA,NA,NA,3.674,,2,2,0,1,0.4249,
F242,FP,242,KI,Wild,Mb,Co,13,2,1,1,2,9,6,4,48,0,2,1,1,0,0,0,0,0,0,,1,0,0,0,0,0,0,0,0,0,,NA,NA,NA,NA,NA,NA,NA,NA,NA,NA,NA,NA,NA,NA,NA,NA,NA,NA,,,,,,,,,,,,,,,,,,,NA,NA,NA,NA,4.384,,2,1,1,0.5,0.4261,
F243,FP,243,KI,Wild,Mb,Co,13,3,1,1,3,9,6,2,70,0,2,0,0,0,0,0,0,0,0,,0,0,0,0,0,0,0,0,0,0,Plant had (nearly) no damage,NA,NA,NA,NA,NA,NA,NA,NA,NA,NA,NA,NA,NA,NA,NA,NA,NA,NA,,,,,,,,,,,,,,,,,,,NA,NA,NA,NA,NA,NA,2,0,2,0,,
F244,FP,244,KI,Wild,Mb,Co,13,4,1,1,4,10,5,3,91,0,2,1,1,0,0,0,0,0,0,,1,0,0,0,0,0,0,0,0,0,,NA,NA,NA,NA,NA,NA,NA,NA,NA,NA,NA,NA,NA,NA,NA,NA,NA,NA,,,,,,,,,,,,,,,,,,,NA,NA,NA,NA,NA,NA,2,0,2,0,0.557,
F245,FP,245,KI,Wild,Mb,Co,13,5,1,1,5,10,3,4,108,0,2,0,0,0,0,0,0,0,0,,0,0,0,0,0,0,0,0,0,0,Plant had (nearly) no damage // little bit of trips damage observed during caterpillar infestation,NA,NA,NA,NA,NA,NA,NA,NA,NA,NA,NA,NA,NA,NA,NA,NA,NA,NA,,,,,,,,,,,,,,,,,,,NA,NA,NA,NA,NA,NA,2,0,2,0,,
F246,FP,246,KI,Wild,Mb,Co,13,6,1,2,6,11,2,4,128,0,2,1,1,0,0,0,1,1,1,,0,0,0,0,0,0,0,0,0,0,,NA,NA,NA,NA,NA,NA,NA,NA,NA,NA,NA,NA,NA,NA,NA,NA,NA,NA,,,,,,,,,,,,,,,,,,,NA,NA,NA,NA,6.668,,2,2,0,1,,
F247,FP,247,KI,Wild,Mb,Co,13,7,1,2,7,11,3,3,155,0,2,1,1,0,0,0,1,1,1,,0,0,0,0,0,0,0,0,0,0,,NA,NA,NA,NA,NA,NA,NA,NA,NA,NA,NA,NA,NA,NA,NA,NA,NA,NA,,,,,,,,,,,,,,,,,,,NA,NA,NA,NA,17.793,,2,2,0,1,,
F248,FP,248,KI,Wild,Mb,Co,13,8,1,2,8,11,2,1,173,0,2,1,1,0,0,0,1,1,1,,0,0,0,0,0,0,0,0,0,0,,NA,NA,NA,NA,NA,NA,NA,NA,NA,NA,NA,NA,NA,NA,NA,NA,NA,NA,,,,,,,,,,,,,,,,,,,NA,NA,NA,NA,7.425,,2,1,1,0.5,,
F249,FP,249,KI,Wild,Mb,Co,13,9,1,2,9,12,5,2,210,0,2,1,1,0,0,0,1,1,1,,0,0,0,0,0,0,0,0,0,0,,NA,NA,NA,NA,NA,NA,NA,NA,NA,NA,NA,NA,NA,NA,NA,NA,NA,NA,,,,,,,,,,,,,,,,,,,NA,NA,NA,NA,6.1365,,2,2,0,1,,
F250,FP,250,KI,Wild,Mb,Co,13,10,1,2,10,12,2,3,223,0,2,1,1,0,0,0,1,1,1,,0,0,0,0,0,0,0,0,0,0,,NA,NA,NA,NA,NA,NA,NA,NA,NA,NA,NA,NA,NA,NA,NA,NA,NA,NA,,,,,,,,,,,,,,,,,,,NA,NA,NA,NA,10.91,,2,1,1,0.5,,
F251,FP,251,KI,Wild,Mb,Co,13,11,2,3,11,13,1,2,242,0,2,1,1,0,0,1,0,0,0,,1,0,0,0,0,1,0,0,0,0,,NA,NA,NA,NA,NA,NA,NA,NA,NA,NA,NA,NA,NA,NA,NA,NA,NA,NA,,,,,,,,,,,,,,,,,,,NA,NA,NA,NA,3.7505,,2,2,0,1,,
F252,FP,252,KI,Wild,Mb,Co,13,12,2,3,12,13,4,2,278,0,2,1,1,0,0,1,0,0,0,,1,0,0,0,0,0,0,0,0,0,,NA,NA,NA,NA,NA,NA,NA,NA,NA,NA,NA,NA,NA,NA,NA,NA,NA,NA,,,,,,,,,,,,,,,,,,,NA,NA,NA,NA,5.811,,2,1,1,0.5,0.5612,
F253,FP,253,KI,Wild,Mb,Co,13,13,2,3,13,13,1,4,292,0,2,1,1,0,0,1,0,0,0,,1,0,0,0,0,0,0,0,0,0,,NA,NA,NA,NA,NA,NA,NA,NA,NA,NA,NA,NA,NA,NA,NA,NA,NA,NA,,,,,,,,,,,,,,,,,,,NA,NA,NA,NA,4.6125,,2,2,0,1,0.4668,
F254,FP,254,KI,Wild,Mb,Co,13,14,2,3,14,14,5,1,329,0,2,1,1,0,0,1,0,0,0,,1,0,0,0,0,0,0,0,0,0,,NA,NA,NA,NA,NA,NA,NA,NA,NA,NA,NA,NA,NA,NA,NA,NA,NA,NA,,,,,,,,,,,,,,,,,,,NA,NA,NA,NA,3.6125,,2,2,0,1,0.4007,
F255,FP,255,KI,Wild,Mb,Co,13,15,2,3,15,14,1,1,337,0,2,1,1,0,0,1,1,1,0,,0,0,0,0,0,0,0,0,0,0,,NA,NA,NA,NA,NA,NA,NA,NA,NA,NA,NA,NA,NA,NA,NA,NA,NA,NA,,,,,,,,,,,,,,,,,,,NA,NA,NA,NA,1.616,,2,1,1,0.5,,
F256,FP,256,KI,Wild,Mb,Co,13,16,2,4,16,15,3,2,370,0,2,1,1,0,0,1,1,1,1,,0,0,0,0,0,0,0,0,0,0,,NA,NA,NA,NA,NA,NA,NA,NA,NA,NA,NA,NA,NA,NA,NA,NA,NA,NA,,,,,,,,,,,,,,,,,,,NA,NA,NA,NA,3.9525,,2,2,0,1,,
F257,FP,257,KI,Wild,Mb,Co,13,17,2,4,17,15,6,1,405,0,2,1,1,0,0,1,1,1,1,,0,0,0,0,0,0,0,0,0,0,,NA,NA,NA,NA,NA,NA,NA,NA,NA,NA,NA,NA,NA,NA,NA,NA,NA,NA,,,,,,,,,,,,,,,,,,,NA,NA,NA,NA,2.639,,2,2,0,1,,
F258,FP,258,KI,Wild,Mb,Co,13,18,2,4,18,15,6,3,431,0,2,1,1,0,0,1,1,1,1,,0,0,0,0,0,0,0,0,0,0,,NA,NA,NA,NA,NA,NA,NA,NA,NA,NA,NA,NA,NA,NA,NA,NA,NA,NA,,,,,,,,,,,,,,,,,,,NA,NA,NA,NA,4.567,,2,1,1,0.5,,
F259,FP,259,KI,Wild,Mb,Co,13,19,2,4,19,16,4,3,447,0,2,1,1,0,0,1,1,1,1,,0,0,0,0,0,0,0,0,0,0,,NA,NA,NA,NA,NA,NA,NA,NA,NA,NA,NA,NA,NA,NA,NA,NA,NA,NA,,,,,,,,,,,,,,,,,,,NA,NA,NA,NA,3.903,,2,1,1,0.5,,
F260,FP,260,KI,Wild,Mb,Co,13,20,2,4,20,16,4,1,469,0,2,1,1,0,0,1,1,1,1,,0,0,0,0,0,0,0,0,0,0,,NA,NA,NA,NA,NA,NA,NA,NA,NA,NA,NA,NA,NA,NA,NA,NA,NA,NA,,,,,,,,,,,,,,,,,,,NA,NA,NA,NA,3.8205,,2,2,0,1,,
F261,FP,261,KI,Wild,Mb,Mb,14,1,1,1,1,9,3,4,12,4,2,1,1,0,0,0,0,0,0,,1,0,0,0,0,0,0,0,0,0,,NA,NA,NA,NA,NA,NA,NA,NA,NA,NA,NA,NA,NA,NA,NA,NA,NA,NA,,,,,,,,,,,,,,,,,,,NA,NA,NA,NA,4.738,,2,2,0,1,0.5182,
F262,FP,262,KI,Wild,Mb,Mb,14,2,1,1,2,9,2,1,29,4,2,1,1,0,0,0,0,0,0,,1,0,0,0,0,0,0,0,0,0,Switched around with E128 before herbivore infestation because plant was very small,NA,NA,NA,NA,NA,NA,NA,NA,NA,NA,NA,NA,NA,NA,NA,NA,NA,NA,,,,,,,,,,,,,,,,,,,NA,NA,NA,NA,16.625,,2,1,1,0.5,0.4562,
F263,FP,263,KI,Wild,Mb,Mb,14,3,1,1,3,9,5,3,67,4,2,0,0,0,0,0,0,0,0,,0,0,0,0,0,0,0,0,0,0,Plant had (nearly) no damage // little bit of trips damage observed during caterpillar infestation and plant had curled leaves,NA,NA,NA,NA,NA,NA,NA,NA,NA,NA,NA,NA,NA,NA,NA,NA,NA,NA,,,,,,,,,,,,,,,,,,,NA,NA,NA,NA,NA,NA,2,0,2,0,,
F264,FP,264,KI,Wild,Mb,Mb,14,4,1,1,4,10,2,4,80,4,2,0,0,0,0,0,0,0,0,,0,0,0,0,0,0,0,0,0,0,Plant had (nearly) no damage,NA,NA,NA,NA,NA,NA,NA,NA,NA,NA,NA,NA,NA,NA,NA,NA,NA,NA,,,,,,,,,,,,,,,,,,,NA,NA,NA,NA,NA,NA,2,0,2,0,,
F265,FP,265,KI,Wild,Mb,Mb,14,5,1,1,5,10,6,1,117,4,2,1,1,0,0,0,1,1,0,,0,0,0,0,0,0,0,0,0,0,,NA,NA,NA,NA,NA,NA,NA,NA,NA,NA,NA,NA,NA,NA,NA,NA,NA,NA,,,,,,,,,,,,,,,,,,,NA,NA,NA,NA,6.2445,,2,2,0,1,,
F266,FP,266,KI,Wild,Mb,Mb,14,6,1,2,6,11,6,2,142,4,2,1,1,0,0,0,1,1,1,,0,0,0,0,0,0,0,0,0,0,,NA,NA,NA,NA,NA,NA,NA,NA,NA,NA,NA,NA,NA,NA,NA,NA,NA,NA,,,,,,,,,,,,,,,,,,,NA,NA,NA,NA,16.7315,,2,2,0,1,,
F267,FP,267,KI,Wild,Mb,Mb,14,7,1,2,7,11,2,3,151,4,2,1,1,0,0,0,1,1,1,,0,0,0,0,0,0,0,0,0,0,,NA,NA,NA,NA,NA,NA,NA,NA,NA,NA,NA,NA,NA,NA,NA,NA,NA,NA,,,,,,,,,,,,,,,,,,,NA,NA,NA,NA,7.7325,,2,2,0,1,,
F268,FP,268,KI,Wild,Mb,Mb,14,8,1,2,8,11,3,2,178,4,2,1,1,0,0,0,1,1,1,,0,0,0,0,0,0,0,0,0,0,,NA,NA,NA,NA,NA,NA,NA,NA,NA,NA,NA,NA,NA,NA,NA,NA,NA,NA,,,,,,,,,,,,,,,,,,,NA,NA,NA,NA,13.201,,2,2,0,1,,
F269,FP,269,KI,Wild,Mb,Mb,14,9,1,2,9,12,3,1,201,4,2,1,1,0,0,0,1,1,1,,0,0,0,0,0,0,0,0,0,0,,NA,NA,NA,NA,NA,NA,NA,NA,NA,NA,NA,NA,NA,NA,NA,NA,NA,NA,,,,,,,,,,,,,,,,,,,NA,NA,NA,NA,11.741,,2,2,0,1,,
F270,FP,270,KI,Wild,Mb,Mb,14,10,1,2,10,12,3,3,227,4,2,1,1,0,0,0,1,1,1,,0,0,0,0,0,0,0,0,0,0,,NA,NA,NA,NA,NA,NA,NA,NA,NA,NA,NA,NA,NA,NA,NA,NA,NA,NA,,,,,,,,,,,,,,,,,,,NA,NA,NA,NA,19.621,,2,1,1,0.5,,
F271,FP,271,KI,Wild,Mb,Mb,14,11,2,3,11,13,1,3,243,4,2,1,1,0,0,1,0,0,0,,1,0,0,0,0,1,0,0,0,0,,NA,NA,NA,NA,NA,NA,NA,NA,NA,NA,NA,NA,NA,NA,NA,NA,NA,NA,,,,,,,,,,,,,,,,,,,NA,NA,NA,NA,6.9845,,2,2,0,1,,
F272,FP,272,KI,Wild,Mb,Mb,14,12,2,3,12,13,1,1,265,4,2,1,1,0,0,1,0,0,0,,1,0,0,0,0,0,0,0,0,0,,NA,NA,NA,NA,NA,NA,NA,NA,NA,NA,NA,NA,NA,NA,NA,NA,NA,NA,,,,,,,,,,,,,,,,,,,NA,NA,NA,NA,3.922,,2,1,1,0.5,0.2854,labeled as KI_Mb (nummer unkown)
F273,FP,273,KI,Wild,Mb,Mb,14,13,2,3,13,13,4,4,304,4,2,1,1,0,0,1,0,0,0,,1,0,0,0,0,0,0,0,0,0,,NA,NA,NA,NA,NA,NA,NA,NA,NA,NA,NA,NA,NA,NA,NA,NA,NA,NA,,,,,,,,,,,,,,,,,,,NA,NA,NA,NA,3.7,,2,2,0,1,0.2799,labeled as KI_Mb (nummer unkown)
F274,FP,274,KI,Wild,Mb,Mb,14,14,2,3,14,14,4,3,327,4,2,1,1,0,0,1,0,0,0,,1,0,0,0,0,0,0,0,0,0,,NA,NA,NA,NA,NA,NA,NA,NA,NA,NA,NA,NA,NA,NA,NA,NA,NA,NA,,,,,,,,,,,,,,,,,,,NA,NA,NA,NA,2.4685,,2,2,0,1,0.1052,labeled as KI_Mb (nummer unkown); root seem to be degraded in pot
F275,FP,275,KI,Wild,Mb,Mb,14,15,2,3,15,14,5,4,356,4,2,1,1,0,0,1,1,1,0,,0,0,0,0,0,0,0,0,0,0,,NA,NA,NA,NA,NA,NA,NA,NA,NA,NA,NA,NA,NA,NA,NA,NA,NA,NA,,,,,,,,,,,,,,,,,,,NA,NA,NA,NA,2.776,,2,2,0,1,,
F276,FP,276,KI,Wild,Mb,Mb,14,16,2,4,16,15,1,2,362,4,2,1,1,0,0,0,1,1,1,,0,0,0,0,0,0,0,0,0,0,,NA,NA,NA,NA,NA,NA,NA,NA,NA,NA,NA,NA,NA,NA,NA,NA,NA,NA,,,,,,,,,,,,,,,,,,,NA,NA,NA,NA,5.678,,2,2,0,1,,
F277,FP,277,KI,Wild,Mb,Mb,14,17,2,4,17,15,6,3,407,4,2,1,1,0,0,1,1,1,1,,0,0,0,0,0,0,0,0,0,0,,NA,NA,NA,NA,NA,NA,NA,NA,NA,NA,NA,NA,NA,NA,NA,NA,NA,NA,,,,,,,,,,,,,,,,,,,NA,NA,NA,NA,4.134,,2,1,1,0.5,,
F278,FP,278,KI,Wild,Mb,Mb,14,18,2,4,18,15,4,2,422,4,2,1,1,0,0,1,1,1,1,,0,0,0,0,0,0,0,0,0,0,,NA,NA,NA,NA,NA,NA,NA,NA,NA,NA,NA,NA,NA,NA,NA,NA,NA,NA,,,,,,,,,,,,,,,,,,,NA,NA,NA,NA,6.896,,2,2,0,1,,
F279,FP,279,KI,Wild,Mb,Mb,14,19,2,4,19,16,5,1,449,4,2,1,1,0,0,1,1,1,1,,0,0,0,0,0,0,0,0,0,0,,NA,NA,NA,NA,NA,NA,NA,NA,NA,NA,NA,NA,NA,NA,NA,NA,NA,NA,,,,,,,,,,,,,,,,,,,NA,NA,NA,NA,4.679,,2,2,0,1,,
F280,FP,280,KI,Wild,Mb,Mb,14,20,2,4,20,16,6,4,480,4,2,1,1,0,0,1,1,1,1,,0,0,0,0,0,0,0,0,0,0,,NA,NA,NA,NA,NA,NA,NA,NA,NA,NA,NA,NA,NA,NA,NA,NA,NA,NA,,,,,,,,,,,,,,,,,,,NA,NA,NA,NA,3.664,,2,2,0,1,,
F281,FP,281,KT,Cultivated,Mb,Co,15,1,1,1,1,9,6,2,22,0,2,1,1,0,0,1,0,0,0,,1,0,0,0,0,0,0,0,0,0,,NA,NA,NA,NA,NA,NA,NA,NA,NA,NA,NA,NA,NA,NA,NA,NA,NA,NA,,,,,,,,,,,,,,,,,,,NA,NA,NA,NA,18.305,,2,2,0,1,0.1179,
F282,FP,282,KT,Cultivated,Mb,Co,15,2,1,1,2,9,2,3,31,0,2,1,1,0,0,1,0,0,0,,1,0,0,0,0,0,0,0,0,0,"small plant, only received one caterpillar",NA,NA,NA,NA,NA,NA,NA,NA,NA,NA,NA,NA,NA,NA,NA,NA,NA,NA,,,,,,,,,,,,,,,,,,,NA,NA,NA,NA,5.082,,1,1,0,1,0.114,
F283,FP,283,KT,Cultivated,Mb,Co,15,3,1,1,3,9,5,1,65,0,2,1,1,0,0,1,0,0,0,,1,0,0,0,0,0,0,0,0,0,,NA,NA,NA,NA,NA,NA,NA,NA,NA,NA,NA,NA,NA,NA,NA,NA,NA,NA,,,,,,,,,,,,,,,,,,,NA,NA,NA,NA,16.88866667,,3,3,0,1,0.2379,"wet when wanted to weight, put in oven for one day. There was a bit of mld on."
F284,FP,284,KT,Cultivated,Mb,Co,15,4,1,1,4,10,3,1,81,0,2,1,1,0,0,1,0,0,0,,1,0,0,0,0,0,0,0,0,0,,NA,NA,NA,NA,NA,NA,NA,NA,NA,NA,NA,NA,NA,NA,NA,NA,NA,NA,,,,,,,,,,,,,,,,,,,NA,NA,NA,NA,23.2525,,2,2,0,1,0.1743,
F285,FP,285,KT,Cultivated,Mb,Co,15,5,1,1,5,10,4,4,112,0,2,1,1,0,0,1,1,1,0,,0,0,0,0,0,0,0,0,0,0,,NA,NA,NA,NA,NA,NA,NA,NA,NA,NA,NA,NA,NA,NA,NA,NA,NA,NA,,,,,,,,,,,,,,,,,,,NA,NA,NA,NA,10.063,,3,3,0,1,,
F286,FP,286,KT,Cultivated,Mb,Co,15,6,1,2,6,11,6,4,144,0,2,1,1,0,0,0,1,1,1,,0,0,0,0,0,0,0,0,0,0,One caterpillar added because one caterpillar did not survive infestion the day before.,NA,NA,NA,NA,NA,NA,NA,NA,NA,NA,NA,NA,NA,NA,NA,NA,NA,NA,,,,,,,,,,,,,,,,,,,NA,NA,NA,NA,13.2605,,2,2,0,1,,
F287,FP,287,KT,Cultivated,Mb,Co,15,7,1,2,7,11,3,2,154,0,2,1,1,0,0,0,1,1,1,,0,0,0,0,0,0,0,0,0,0,,NA,NA,NA,NA,NA,NA,NA,NA,NA,NA,NA,NA,NA,NA,NA,NA,NA,NA,,,,,,,,,,,,,,,,,,,NA,NA,NA,NA,14.936,,2,1,1,0.5,,
F288,FP,288,KT,Cultivated,Mb,Co,15,8,1,2,8,11,5,4,188,0,2,1,1,0,0,0,1,1,1,,0,0,0,0,0,0,0,0,0,0,,NA,NA,NA,NA,NA,NA,NA,NA,NA,NA,NA,NA,NA,NA,NA,NA,NA,NA,,,,,,,,,,,,,,,,,,,NA,NA,NA,NA,15.999,,2,2,0,1,,
F289,FP,289,KT,Cultivated,Mb,Co,15,9,1,2,9,12,1,2,194,0,2,1,1,0,0,0,1,1,1,,0,0,0,0,0,0,0,0,0,0,,NA,NA,NA,NA,NA,NA,NA,NA,NA,NA,NA,NA,NA,NA,NA,NA,NA,NA,,,,,,,,,,,,,,,,,,,NA,NA,NA,NA,10.993,,2,1,1,0.5,,
F290,FP,290,KT,Cultivated,Mb,Co,15,10,1,2,10,12,6,3,239,0,2,1,1,0,0,0,1,1,1,,0,0,0,0,0,0,0,0,0,0,,NA,NA,NA,NA,NA,NA,NA,NA,NA,NA,NA,NA,NA,NA,NA,NA,NA,NA,,,,,,,,,,,,,,,,,,,NA,NA,NA,NA,7.274,,2,1,1,0.5,,
F291,FP,291,KT,Cultivated,Mb,Co,15,11,2,3,11,13,4,1,253,0,2,1,1,0,0,1,0,0,0,,1,0,0,0,0,1,0,0,0,0,,NA,NA,NA,NA,NA,NA,NA,NA,NA,NA,NA,NA,NA,NA,NA,NA,NA,NA,,,,,,,,,,,,,,,,,,,NA,NA,NA,NA,11.6605,,2,2,0,1,,
F292,FP,292,KT,Cultivated,Mb,Co,15,12,2,3,12,13,2,2,270,0,2,1,1,0,0,1,0,0,0,,1,0,0,0,0,0,0,0,0,0,,NA,NA,NA,NA,NA,NA,NA,NA,NA,NA,NA,NA,NA,NA,NA,NA,NA,NA,,,,,,,,,,,,,,,,,,,NA,NA,NA,NA,8.0275,,2,2,0,1,0.2506,
F293,FP,293,KT,Cultivated,Mb,Co,15,13,2,3,13,13,1,3,291,0,2,1,1,0,0,1,0,0,0,,1,0,0,0,0,0,0,0,0,0,,NA,NA,NA,NA,NA,NA,NA,NA,NA,NA,NA,NA,NA,NA,NA,NA,NA,NA,,,,,,,,,,,,,,,,,,,NA,NA,NA,NA,6.048,,2,1,1,0.5,0.3545,
F294,FP,294,KT,Cultivated,Mb,Co,15,14,2,3,14,14,2,1,317,0,2,1,1,0,0,1,0,0,0,,1,0,0,0,0,0,0,0,0,0,,NA,NA,NA,NA,NA,NA,NA,NA,NA,NA,NA,NA,NA,NA,NA,NA,NA,NA,,,,,,,,,,,,,,,,,,,NA,NA,NA,NA,9.101,,2,2,0,1,0.3785,
F295,FP,295,KT,Cultivated,Mb,Co,15,15,2,3,15,14,1,4,340,0,2,1,1,0,0,1,1,1,0,,0,0,0,0,0,0,0,0,0,0,,NA,NA,NA,NA,NA,NA,NA,NA,NA,NA,NA,NA,NA,NA,NA,NA,NA,NA,,,,,,,,,,,,,,,,,,,NA,NA,NA,NA,6.051,,2,2,0,1,,
F296,FP,296,KT,Cultivated,Mb,Co,15,16,2,4,16,15,4,2,374,0,2,1,1,0,0,0,1,1,1,,0,0,0,0,0,0,0,0,0,0,,NA,NA,NA,NA,NA,NA,NA,NA,NA,NA,NA,NA,NA,NA,NA,NA,NA,NA,,,,,,,,,,,,,,,,,,,NA,NA,NA,NA,15.344,,2,2,0,1,,
F297,FP,297,KT,Cultivated,Mb,Co,15,17,2,4,17,15,5,3,403,0,2,1,1,0,0,0,1,1,1,,0,0,0,0,0,0,0,0,0,0,,NA,NA,NA,NA,NA,NA,NA,NA,NA,NA,NA,NA,NA,NA,NA,NA,NA,NA,,,,,,,,,,,,,,,,,,,NA,NA,NA,NA,18.574,,2,2,0,1,,
F298,FP,298,KT,Cultivated,Mb,Co,15,18,2,4,18,15,2,4,416,0,2,1,1,0,0,0,1,1,1,,0,0,0,0,0,0,0,0,0,0,,NA,NA,NA,NA,NA,NA,NA,NA,NA,NA,NA,NA,NA,NA,NA,NA,NA,NA,,,,,,,,,,,,,,,,,,,NA,NA,NA,NA,5.399,,2,1,1,0.5,,
F299,FP,299,KT,Cultivated,Mb,Co,15,19,2,4,19,16,1,1,433,0,2,1,1,0,0,0,1,1,1,,0,0,0,0,0,0,0,0,0,0,,NA,NA,NA,NA,NA,NA,NA,NA,NA,NA,NA,NA,NA,NA,NA,NA,NA,NA,,,,,,,,,,,,,,,,,,,NA,NA,NA,NA,7.834,,2,2,0,1,,
F300,FP,300,KT,Cultivated,Mb,Co,15,20,2,4,20,16,3,3,467,0,2,1,1,0,0,0,1,1,1,,0,0,0,0,0,0,0,0,0,0,,NA,NA,NA,NA,NA,NA,NA,NA,NA,NA,NA,NA,NA,NA,NA,NA,NA,NA,,,,,,,,,,,,,,,,,,,NA,NA,NA,NA,5.993666667,,3,3,0,1,,
F301,FP,301,KT,Cultivated,Mb,Mb,16,1,1,1,1,9,6,4,24,5,2,1,1,0,0,1,0,0,0,,1,0,0,0,0,0,0,0,0,0,,NA,NA,NA,NA,NA,NA,NA,NA,NA,NA,NA,NA,NA,NA,NA,NA,NA,NA,,,,,,,,,,,,,,,,,,,NA,NA,NA,NA,11.6355,,2,2,0,1,0.1373,
F302,FP,302,KT,Cultivated,Mb,Mb,16,2,1,1,2,9,4,2,38,5,2,1,1,0,0,1,0,0,0,,1,0,0,0,0,0,0,0,0,0,,NA,NA,NA,NA,NA,NA,NA,NA,NA,NA,NA,NA,NA,NA,NA,NA,NA,NA,,,,,,,,,,,,,,,,,,,NA,NA,NA,NA,11.954,,2,2,0,1,0.1754,
F303,FP,303,KT,Cultivated,Mb,Mb,16,3,1,1,3,9,5,2,66,5,2,1,1,0,0,1,0,0,0,,1,0,0,0,0,0,0,0,0,0,,NA,NA,NA,NA,NA,NA,NA,NA,NA,NA,NA,NA,NA,NA,NA,NA,NA,NA,,,,,,,,,,,,,,,,,,,NA,NA,NA,NA,15.049,,2,2,0,1,0.1636,
F304,FP,304,KT,Cultivated,Mb,Mb,16,4,1,1,4,10,3,3,83,5,2,1,1,0,0,0,0,0,0,,1,0,0,0,0,0,0,0,0,0,plant heavily damaged,NA,NA,NA,NA,NA,NA,NA,NA,NA,NA,NA,NA,NA,NA,NA,NA,NA,NA,,,,,,,,,,,,,,,,,,,NA,NA,NA,NA,13.34466667,,3,3,0,1,0.1705,
F305,FP,305,KT,Cultivated,Mb,Mb,16,5,1,1,5,10,5,1,113,5,2,1,1,0,0,1,1,1,0,,0,0,0,0,0,0,0,0,0,0,,NA,NA,NA,NA,NA,NA,NA,NA,NA,NA,NA,NA,NA,NA,NA,NA,NA,NA,,,,,,,,,,,,,,,,,,,NA,NA,NA,NA,18.0125,,2,2,0,1,,
F306,FP,306,KT,Cultivated,Mb,Mb,16,6,1,2,6,11,1,4,124,5,2,1,1,0,0,0,1,1,1,,0,0,0,0,0,0,0,0,0,0,,NA,NA,NA,NA,NA,NA,NA,NA,NA,NA,NA,NA,NA,NA,NA,NA,NA,NA,,,,,,,,,,,,,,,,,,,NA,NA,NA,NA,10.5075,,2,2,0,1,,
F307,FP,307,KT,Cultivated,Mb,Mb,16,7,1,2,7,11,1,2,146,5,2,1,1,0,0,0,1,1,1,,0,0,0,0,0,0,0,0,0,0,,NA,NA,NA,NA,NA,NA,NA,NA,NA,NA,NA,NA,NA,NA,NA,NA,NA,NA,,,,,,,,,,,,,,,,,,,NA,NA,NA,NA,9.886,,2,2,0,1,,
F308,FP,308,KT,Cultivated,Mb,Mb,16,8,1,2,8,11,3,1,177,5,2,1,1,0,0,0,1,1,1,,0,0,0,0,0,0,0,0,0,0,,NA,NA,NA,NA,NA,NA,NA,NA,NA,NA,NA,NA,NA,NA,NA,NA,NA,NA,,,,,,,,,,,,,,,,,,,NA,NA,NA,NA,11.3295,,2,2,0,1,,
F309,FP,309,KT,Cultivated,Mb,Mb,16,9,1,2,9,12,4,4,208,5,2,1,1,0,0,0,1,1,1,,0,0,0,0,0,0,0,0,0,0,,NA,NA,NA,NA,NA,NA,NA,NA,NA,NA,NA,NA,NA,NA,NA,NA,NA,NA,,,,,,,,,,,,,,,,,,,NA,NA,NA,NA,15.067,,2,1,1,0.5,,
F310,FP,310,KT,Cultivated,Mb,Mb,16,10,1,2,10,12,5,3,235,5,2,1,1,0,0,0,1,1,1,,0,0,0,0,0,0,0,0,0,0,,NA,NA,NA,NA,NA,NA,NA,NA,NA,NA,NA,NA,NA,NA,NA,NA,NA,NA,,,,,,,,,,,,,,,,,,,NA,NA,NA,NA,6.273,,2,2,0,1,,
F311,FP,311,KT,Cultivated,Mb,Mb,16,11,2,3,11,13,6,3,263,5,2,1,1,0,0,1,0,0,0,,1,0,0,0,0,1,0,0,0,0,small plant,NA,NA,NA,NA,NA,NA,NA,NA,NA,NA,NA,NA,NA,NA,NA,NA,NA,NA,,,,,,,,,,,,,,,,,,,NA,NA,NA,NA,8.72,,2,1,1,0.5,,
F312,FP,312,KT,Cultivated,Mb,Mb,16,12,2,3,12,13,4,1,277,5,2,1,1,0,0,1,0,0,0,,1,0,0,0,0,0,0,0,0,0,,NA,NA,NA,NA,NA,NA,NA,NA,NA,NA,NA,NA,NA,NA,NA,NA,NA,NA,,,,,,,,,,,,,,,,,,,NA,NA,NA,NA,9.4545,,2,2,0,1,0.3719,
F313,FP,313,KT,Cultivated,Mb,Mb,16,13,2,3,13,13,2,1,293,5,2,1,1,0,0,1,0,0,0,,1,0,0,0,0,0,0,0,0,0,,NA,NA,NA,NA,NA,NA,NA,NA,NA,NA,NA,NA,NA,NA,NA,NA,NA,NA,,,,,,,,,,,,,,,,,,,NA,NA,NA,NA,17.5325,,2,2,0,1,0.354,
F314,FP,314,KT,Cultivated,Mb,Mb,16,14,2,3,14,14,5,4,332,5,2,1,1,0,0,1,0,0,0,,1,0,0,0,0,0,0,0,0,0,,NA,NA,NA,NA,NA,NA,NA,NA,NA,NA,NA,NA,NA,NA,NA,NA,NA,NA,,,,,,,,,,,,,,,,,,,NA,NA,NA,NA,7.731666667,,3,3,0,1,0.3064,
F315,FP,315,KT,Cultivated,Mb,Mb,16,15,2,3,15,14,4,3,351,5,2,1,1,0,0,1,1,1,0,,0,0,0,0,0,0,0,0,0,0,,NA,NA,NA,NA,NA,NA,NA,NA,NA,NA,NA,NA,NA,NA,NA,NA,NA,NA,,,,,,,,,,,,,,,,,,,NA,NA,NA,NA,9.287,,3,3,0,1,,
F316,FP,316,KT,Cultivated,Mb,Mb,16,16,2,4,16,15,2,4,368,5,2,1,1,0,0,1,1,1,1,,0,0,0,0,0,0,0,0,0,0,,NA,NA,NA,NA,NA,NA,NA,NA,NA,NA,NA,NA,NA,NA,NA,NA,NA,NA,,,,,,,,,,,,,,,,,,,NA,NA,NA,NA,15.6625,,2,2,0,1,,
F317,FP,317,KT,Cultivated,Mb,Mb,16,17,2,4,17,15,3,2,394,5,2,1,1,0,0,0,1,1,1,,0,0,0,0,0,0,0,0,0,0,,NA,NA,NA,NA,NA,NA,NA,NA,NA,NA,NA,NA,NA,NA,NA,NA,NA,NA,,,,,,,,,,,,,,,,,,,NA,NA,NA,NA,22.6385,,2,2,0,1,,
F318,FP,318,KT,Cultivated,Mb,Mb,16,18,2,4,18,15,6,1,429,5,2,1,1,0,0,0,1,1,1,,0,0,0,0,0,0,0,0,0,0,,NA,NA,NA,NA,NA,NA,NA,NA,NA,NA,NA,NA,NA,NA,NA,NA,NA,NA,,,,,,,,,,,,,,,,,,,NA,NA,NA,NA,20.0835,,2,2,0,1,,
F319,FP,319,KT,Cultivated,Mb,Mb,16,19,2,4,19,16,1,3,435,5,2,1,1,0,0,0,1,1,1,,0,0,0,0,0,0,0,0,0,0,,NA,NA,NA,NA,NA,NA,NA,NA,NA,NA,NA,NA,NA,NA,NA,NA,NA,NA,,,,,,,,,,,,,,,,,,,NA,NA,NA,NA,11.493,,2,2,0,1,,
F320,FP,320,KT,Cultivated,Mb,Mb,16,20,2,4,20,16,2,2,462,5,2,1,1,0,0,0,1,1,1,,0,0,0,0,0,0,0,0,0,0,,NA,NA,NA,NA,NA,NA,NA,NA,NA,NA,NA,NA,NA,NA,NA,NA,NA,NA,,,,,,,,,,,,,,,,,,,NA,NA,NA,NA,10.7665,,2,2,0,1,,
F321,FP,321,OH,Wild,Mb,Co,17,1,1,1,1,9,6,3,23,0,2,1,1,0,0,1,0,0,0,,1,0,0,0,0,1,0,0,0,0,,NA,NA,NA,NA,NA,NA,NA,NA,NA,NA,NA,NA,NA,NA,NA,NA,NA,NA,,,,,,,,,,,,,,,,,,,NA,NA,NA,NA,1.344,,2,1,1,0.5,,
F322,FP,322,OH,Wild,Mb,Co,17,2,1,1,2,9,5,1,41,0,2,1,1,0,0,1,0,0,0,,1,0,0,0,0,0,0,0,0,0,,NA,NA,NA,NA,NA,NA,NA,NA,NA,NA,NA,NA,NA,NA,NA,NA,NA,NA,,,,,,,,,,,,,,,,,,,NA,NA,NA,NA,4.52,,2,1,1,0.5,,
F323,FP,323,OH,Wild,Mb,Co,17,3,1,1,3,9,3,2,58,0,2,0,0,0,0,0,0,0,0,,0,0,0,0,0,0,0,0,0,0,Plant had (nearly) no damage,NA,NA,NA,NA,NA,NA,NA,NA,NA,NA,NA,NA,NA,NA,NA,NA,NA,NA,,,,,,,,,,,,,,,,,,,NA,NA,NA,NA,NA,NA,2,0,2,0,,
F324,FP,324,OH,Wild,Mb,Co,17,4,1,1,4,10,4,3,87,0,2,1,1,0,0,1,0,0,0,,1,0,0,0,0,0,0,0,0,0,,NA,NA,NA,NA,NA,NA,NA,NA,NA,NA,NA,NA,NA,NA,NA,NA,NA,NA,,,,,,,,,,,,,,,,,,,NA,NA,NA,NA,2.312,,2,2,0,1,,
F325,FP,325,OH,Wild,Mb,Co,17,5,1,1,5,10,4,1,109,0,2,0,0,0,0,0,0,0,0,,0,0,0,0,0,0,0,0,0,0,Plant had (nearly) no damage,NA,NA,NA,NA,NA,NA,NA,NA,NA,NA,NA,NA,NA,NA,NA,NA,NA,NA,,,,,,,,,,,,,,,,,,,NA,NA,NA,NA,NA,NA,2,0,2,0,,
F326,FP,326,OH,Wild,Mb,Co,17,6,1,2,6,11,2,3,127,0,2,1,1,0,0,0,1,1,1,,0,0,0,0,0,0,0,0,0,0,,NA,NA,NA,NA,NA,NA,NA,NA,NA,NA,NA,NA,NA,NA,NA,NA,NA,NA,,,,,,,,,,,,,,,,,,,NA,NA,NA,NA,5.4395,,2,2,0,1,,
F327,FP,327,OH,Wild,Mb,Co,17,7,1,2,7,11,4,2,158,0,2,1,1,0,0,0,1,1,1,,0,0,0,0,0,0,0,0,0,0,,NA,NA,NA,NA,NA,NA,NA,NA,NA,NA,NA,NA,NA,NA,NA,NA,NA,NA,,,,,,,,,,,,,,,,,,,NA,NA,NA,NA,4.888,,2,2,0,1,,
F328,FP,328,OH,Wild,Mb,Co,17,8,1,2,8,11,2,4,176,0,2,1,1,0,0,1,1,1,1,,0,0,0,0,0,0,0,0,0,0,,NA,NA,NA,NA,NA,NA,NA,NA,NA,NA,NA,NA,NA,NA,NA,NA,NA,NA,,,,,,,,,,,,,,,,,,,NA,NA,NA,NA,0.553,,2,1,1,0.5,,
F329,FP,329,OH,Wild,Mb,Co,17,9,1,2,9,12,2,1,197,0,2,1,1,0,0,1,1,1,1,,0,0,0,0,0,0,0,0,0,0,,NA,NA,NA,NA,NA,NA,NA,NA,NA,NA,NA,NA,NA,NA,NA,NA,NA,NA,,,,,,,,,,,,,,,,,,,NA,NA,NA,NA,0.5435,,2,2,0,1,,
F330,FP,330,OH,Wild,Mb,Co,17,10,1,2,10,12,3,4,228,0,2,0,0,0,0,0,0,0,0,,0,0,0,0,0,0,0,0,0,0,Plant had (nearly) no damage,NA,NA,NA,NA,NA,NA,NA,NA,NA,NA,NA,NA,NA,NA,NA,NA,NA,NA,,,,,,,,,,,,,,,,,,,NA,NA,NA,NA,NA,NA,2,0,2,0,,
F331,FP,331,OH,Wild,Mb,Co,17,11,2,3,11,13,1,4,244,0,2,1,1,0,0,1,0,0,0,,1,0,0,0,0,0,0,0,0,0,,NA,NA,NA,NA,NA,NA,NA,NA,NA,NA,NA,NA,NA,NA,NA,NA,NA,NA,,,,,,,,,,,,,,,,,,,NA,NA,NA,NA,2.069,,2,1,1,0.5,0.8477,
F332,FP,332,OH,Wild,Mb,Co,17,12,2,3,12,13,5,4,284,0,2,1,1,0,0,1,0,0,0,,1,0,0,0,0,0,0,0,0,0,,NA,NA,NA,NA,NA,NA,NA,NA,NA,NA,NA,NA,NA,NA,NA,NA,NA,NA,,,,,,,,,,,,,,,,,,,NA,NA,NA,NA,4.157,,2,1,1,0.5,0.6363,
F333,FP,333,OH,Wild,Mb,Co,17,13,2,3,13,13,5,2,306,0,2,1,1,0,0,1,0,0,0,,1,0,0,0,0,0,0,0,0,0,,NA,NA,NA,NA,NA,NA,NA,NA,NA,NA,NA,NA,NA,NA,NA,NA,NA,NA,,,,,,,,,,,,,,,,,,,NA,NA,NA,NA,1.744,,2,2,0,1,0.9314,
F334,FP,334,OH,Wild,Mb,Co,17,14,2,3,14,14,6,4,336,0,2,1,1,0,0,1,0,0,0,,1,0,0,0,0,0,0,0,0,0,,NA,NA,NA,NA,NA,NA,NA,NA,NA,NA,NA,NA,NA,NA,NA,NA,NA,NA,,,,,,,,,,,,,,,,,,,NA,NA,NA,NA,1.309,,2,1,1,0.5,0.8209,
F335,FP,335,OH,Wild,Mb,Co,17,15,2,3,15,14,6,2,358,0,2,1,1,0,0,1,0,0,0,,0,0,0,0,0,0,0,0,0,0,AG biomass cut off before rhizosphere collection. No clue whch plant is which,NA,NA,NA,NA,NA,NA,NA,NA,NA,NA,NA,NA,NA,NA,NA,NA,NA,NA,,,,,,,,,,,,,,,,,,,NA,NA,NA,NA,0.362,,2,1,1,0.5,,
F336,FP,336,OH,Wild,Mb,Co,17,16,2,4,16,15,6,1,381,0,2,1,1,0,0,0,1,1,1,,0,0,0,0,0,0,0,0,0,0,,NA,NA,NA,NA,NA,NA,NA,NA,NA,NA,NA,NA,NA,NA,NA,NA,NA,NA,,,,,,,,,,,,,,,,,,,NA,NA,NA,NA,0.406,,2,2,0,1,,
F337,FP,337,OH,Wild,Mb,Co,17,17,2,4,17,15,2,2,390,0,2,1,1,0,0,0,1,1,1,,0,0,0,0,0,0,0,0,0,0,,NA,NA,NA,NA,NA,NA,NA,NA,NA,NA,NA,NA,NA,NA,NA,NA,NA,NA,,,,,,,,,,,,,,,,,,,NA,NA,NA,NA,2.73,,2,1,1,0.5,,
F338,FP,338,OH,Wild,Mb,Co,17,18,2,4,18,15,3,3,419,0,2,1,1,0,0,0,1,1,1,,0,0,0,0,0,0,0,0,0,0,,NA,NA,NA,NA,NA,NA,NA,NA,NA,NA,NA,NA,NA,NA,NA,NA,NA,NA,,,,,,,,,,,,,,,,,,,NA,NA,NA,NA,1.052,,2,1,1,0.5,,
F339,FP,339,OH,Wild,Mb,Co,17,19,2,4,19,16,1,2,434,0,2,1,1,0,0,0,1,1,1,,0,0,0,0,0,0,0,0,0,0,,NA,NA,NA,NA,NA,NA,NA,NA,NA,NA,NA,NA,NA,NA,NA,NA,NA,NA,,,,,,,,,,,,,,,,,,,NA,NA,NA,NA,1.133,,2,1,1,0.5,,
F340,FP,340,OH,Wild,Mb,Co,17,20,2,4,20,16,1,1,457,0,2,1,1,0,0,0,1,1,1,,0,0,0,0,0,0,0,0,0,0,,NA,NA,NA,NA,NA,NA,NA,NA,NA,NA,NA,NA,NA,NA,NA,NA,NA,NA,,,,,,,,,,,,,,,,,,,NA,NA,NA,NA,0.789,,2,1,1,0.5,,
F341,FP,341,OH,Wild,Mb,Mb,18,1,1,1,1,9,4,2,14,8,2,1,1,0,0,1,0,0,0,,1,0,0,0,0,1,0,0,0,0,Switched around with E115 before herbivore infestation because plant was very small,NA,NA,NA,NA,NA,NA,NA,NA,NA,NA,NA,NA,NA,NA,NA,NA,NA,NA,,,,,,,,,,,,,,,,,,,NA,NA,NA,NA,14.835,,2,1,1,0.5,,
F342,FP,342,OH,Wild,Mb,Mb,18,2,1,1,2,9,6,2,46,8,2,1,1,0,0,1,0,0,0,,1,0,0,0,0,0,0,0,0,0,,NA,NA,NA,NA,NA,NA,NA,NA,NA,NA,NA,NA,NA,NA,NA,NA,NA,NA,,,,,,,,,,,,,,,,,,,NA,NA,NA,NA,2.851,,2,1,1,0.5,,
F343,FP,343,OH,Wild,Mb,Mb,18,3,1,1,3,9,5,4,68,8,2,1,1,0,0,1,0,0,0,,1,0,0,0,0,0,0,0,0,0,,NA,NA,NA,NA,NA,NA,NA,NA,NA,NA,NA,NA,NA,NA,NA,NA,NA,NA,,,,,,,,,,,,,,,,,,,NA,NA,NA,NA,2.169,,2,2,0,1,,
F344,FP,344,OH,Wild,Mb,Mb,18,4,1,1,4,10,2,1,77,8,2,1,1,0,0,1,0,0,0,,1,0,0,0,0,0,0,0,0,0,1 cat found dead in net,NA,NA,NA,NA,NA,NA,NA,NA,NA,NA,NA,NA,NA,NA,NA,NA,NA,NA,,,,,,,,,,,,,,,,,,,NA,NA,NA,NA,NA,NA,2,1,1,0.5,0.8395,
F345,FP,345,OH,Wild,Mb,Mb,18,5,1,1,5,10,1,4,100,8,2,0,0,0,0,0,0,0,0,,0,0,0,0,0,0,0,0,0,0,Plant had (nearly) no damage,NA,NA,NA,NA,NA,NA,NA,NA,NA,NA,NA,NA,NA,NA,NA,NA,NA,NA,,,,,,,,,,,,,,,,,,,NA,NA,NA,NA,NA,NA,2,0,2,0,,
F346,FP,346,OH,Wild,Mb,Mb,18,6,1,2,6,11,3,2,130,8,2,1,1,0,0,1,1,1,1,,0,0,0,0,0,0,0,0,0,0,,NA,NA,NA,NA,NA,NA,NA,NA,NA,NA,NA,NA,NA,NA,NA,NA,NA,NA,,,,,,,,,,,,,,,,,,,NA,NA,NA,NA,1.4255,,2,2,0,1,,
F347,FP,347,OH,Wild,Mb,Mb,18,7,1,2,7,11,5,3,163,8,2,1,1,0,0,0,1,1,1,,0,0,0,0,0,0,0,0,0,0,,NA,NA,NA,NA,NA,NA,NA,NA,NA,NA,NA,NA,NA,NA,NA,NA,NA,NA,,,,,,,,,,,,,,,,,,,NA,NA,NA,NA,NA,NA,2,0,2,0,,
F348,FP,348,OH,Wild,Mb,Mb,18,8,1,2,8,11,6,3,191,8,2,1,1,0,0,0,1,1,1,,0,0,0,0,0,0,0,0,0,0,,NA,NA,NA,NA,NA,NA,NA,NA,NA,NA,NA,NA,NA,NA,NA,NA,NA,NA,,,,,,,,,,,,,,,,,,,NA,NA,NA,NA,7.376,,2,1,1,0.5,,
F349,FP,349,OH,Wild,Mb,Mb,18,9,1,2,9,12,3,3,203,8,2,1,1,0,0,0,1,1,1,,0,0,0,0,0,0,0,0,0,0,,NA,NA,NA,NA,NA,NA,NA,NA,NA,NA,NA,NA,NA,NA,NA,NA,NA,NA,,,,,,,,,,,,,,,,,,,NA,NA,NA,NA,1.849,,2,1,1,0.5,,
F350,FP,350,OH,Wild,Mb,Mb,18,10,1,2,10,12,1,3,219,8,2,0,0,0,0,0,0,0,0,,0,0,0,0,0,0,0,0,0,0,,NA,NA,NA,NA,NA,NA,NA,NA,NA,NA,NA,NA,NA,NA,NA,NA,NA,NA,,,,,,,,,,,,,,,,,,,NA,NA,NA,NA,NA,NA,2,0,2,0,,
F351,FP,351,OH,Wild,Mb,Mb,18,11,2,3,11,13,6,1,261,8,2,1,1,0,0,1,0,0,0,,1,0,0,0,0,0,0,0,0,0,,NA,NA,NA,NA,NA,NA,NA,NA,NA,NA,NA,NA,NA,NA,NA,NA,NA,NA,,,,,,,,,,,,,,,,,,,NA,NA,NA,NA,NA,NA,2,0,2,0,0.5609,
F352,FP,352,OH,Wild,Mb,Mb,18,12,2,3,12,13,5,2,282,8,2,1,1,0,0,1,0,0,0,,1,0,0,0,0,0,0,0,0,0,Plant had (nearly) no damage,NA,NA,NA,NA,NA,NA,NA,NA,NA,NA,NA,NA,NA,NA,NA,NA,NA,NA,,,,,,,,,,,,,,,,,,,NA,NA,NA,NA,NA,NA,2,0,2,0,,
F353,FP,353,OH,Wild,Mb,Mb,18,13,2,3,13,13,1,2,290,8,2,1,1,0,0,1,0,0,0,,1,0,0,0,0,0,0,0,0,0,,NA,NA,NA,NA,NA,NA,NA,NA,NA,NA,NA,NA,NA,NA,NA,NA,NA,NA,,,,,,,,,,,,,,,,,,,NA,NA,NA,NA,2.654,,2,1,1,0.5,0.477,
F354,FP,354,OH,Wild,Mb,Mb,18,14,2,3,14,14,1,1,313,8,2,1,1,0,0,1,0,0,0,,1,0,0,0,0,0,0,0,0,0,Plant had (nearly) no damage,NA,NA,NA,NA,NA,NA,NA,NA,NA,NA,NA,NA,NA,NA,NA,NA,NA,NA,,,,,,,,,,,,,,,,,,,NA,NA,NA,NA,NA,NA,2,0,2,0,0.9178,
F355,FP,355,OH,Wild,Mb,Mb,18,15,2,3,15,14,2,2,342,8,2,1,1,0,0,1,0,0,0,,0,0,0,0,0,0,0,0,0,0,AG biomass cut off before rhizosphere collection. No clue whch plant is which,NA,NA,NA,NA,NA,NA,NA,NA,NA,NA,NA,NA,NA,NA,NA,NA,NA,NA,,,,,,,,,,,,,,,,,,,NA,NA,NA,NA,4.793,,2,1,1,0.5,,
F356,FP,356,OH,Wild,Mb,Mb,18,16,2,4,16,15,2,3,367,8,2,1,1,0,0,0,1,1,1,,0,0,0,0,0,0,0,0,0,0,,NA,NA,NA,NA,NA,NA,NA,NA,NA,NA,NA,NA,NA,NA,NA,NA,NA,NA,,,,,,,,,,,,,,,,,,,NA,NA,NA,NA,2.443,,2,1,1,0.5,,
F357,FP,357,OH,Wild,Mb,Mb,18,17,2,4,17,15,2,4,392,8,2,1,1,0,0,0,1,1,1,,0,0,0,0,0,0,0,0,0,0,,NA,NA,NA,NA,NA,NA,NA,NA,NA,NA,NA,NA,NA,NA,NA,NA,NA,NA,,,,,,,,,,,,,,,,,,,NA,NA,NA,NA,1.102,,2,1,1,0.5,,
F358,FP,358,OH,Wild,Mb,Mb,18,18,2,4,18,15,4,1,421,8,2,1,1,0,0,0,1,1,1,,0,0,0,0,0,0,0,0,0,0,1 cat died during handeling,NA,NA,NA,NA,NA,NA,NA,NA,NA,NA,NA,NA,NA,NA,NA,NA,NA,NA,,,,,,,,,,,,,,,,,,,NA,NA,NA,NA,1.08,,2,2,0,1,,
F359,FP,359,OH,Wild,Mb,Mb,18,19,2,4,19,16,3,4,444,8,2,1,1,0,0,0,1,1,1,,0,0,0,0,0,0,0,0,0,0,,NA,NA,NA,NA,NA,NA,NA,NA,NA,NA,NA,NA,NA,NA,NA,NA,NA,NA,,,,,,,,,,,,,,,,,,,NA,NA,NA,NA,0.9015,,2,2,0,1,,
F360,FP,360,OH,Wild,Mb,Mb,18,20,2,4,20,16,4,4,472,8,2,1,1,0,0,0,1,1,1,,0,0,0,0,0,0,0,0,0,0,plant heavily damaged,NA,NA,NA,NA,NA,NA,NA,NA,NA,NA,NA,NA,NA,NA,NA,NA,NA,NA,,,,,,,,,,,,,,,,,,,NA,NA,NA,NA,NA,NA,2,0,2,0,,
F361,FP,361,RI,Cultivated,Mb,Co,19,1,1,1,1,9,2,3,7,0,2,0,0,0,0,0,0,0,0,,1,0,0,0,0,0,0,0,0,0,Plant had (nearly) no damage,NA,NA,NA,NA,NA,NA,NA,NA,NA,NA,NA,NA,NA,NA,NA,NA,NA,NA,,,,,,,,,,,,,,,,,,,NA,NA,NA,NA,NA,NA,2,0,2,0,,
F362,FP,362,RI,Cultivated,Mb,Co,19,2,1,1,2,9,3,4,36,0,2,1,1,0,0,0,0,0,0,,1,0,0,0,0,0,0,0,0,0,,NA,NA,NA,NA,NA,NA,NA,NA,NA,NA,NA,NA,NA,NA,NA,NA,NA,NA,,,,,,,,,,,,,,,,,,,NA,NA,NA,NA,33.591,,2,2,0,1,0.3382,
F363,FP,363,RI,Cultivated,Mb,Co,19,3,1,1,3,9,1,2,50,0,2,1,1,0,0,0,0,0,0,,1,0,0,0,0,0,0,0,0,0,,NA,NA,NA,NA,NA,NA,NA,NA,NA,NA,NA,NA,NA,NA,NA,NA,NA,NA,,,,,,,,,,,,,,,,,,,NA,NA,NA,NA,47.465,,2,2,0,1,0.3389,
F364,FP,364,RI,Cultivated,Mb,Co,19,4,1,1,4,10,6,2,94,0,2,1,1,0,0,0,0,0,0,,1,0,0,0,0,0,0,0,0,0,,NA,NA,NA,NA,NA,NA,NA,NA,NA,NA,NA,NA,NA,NA,NA,NA,NA,NA,,,,,,,,,,,,,,,,,,,NA,NA,NA,NA,46.924,,2,2,0,1,0.3984,
F365,FP,365,RI,Cultivated,Mb,Co,19,5,1,1,5,10,4,3,111,0,2,1,1,0,0,0,0,0,0,,1,0,0,0,0,0,0,0,0,0,plant severely damaged,NA,NA,NA,NA,NA,NA,NA,NA,NA,NA,NA,NA,NA,NA,NA,NA,NA,NA,,,,,,,,,,,,,,,,,,,NA,NA,NA,NA,59.283,,2,2,0,1,0.35,
F366,FP,366,RI,Cultivated,Mb,Co,19,6,1,2,6,11,2,1,125,0,2,1,1,0,0,0,0,0,0,,1,0,0,0,0,0,0,0,0,0,,NA,NA,NA,NA,NA,NA,NA,NA,NA,NA,NA,NA,NA,NA,NA,NA,NA,NA,,,,,,,,,,,,,,,,,,,NA,NA,NA,NA,33.474,,2,2,0,1,0.4642,
F367,FP,367,RI,Cultivated,Mb,Co,19,7,1,2,7,11,1,3,147,0,2,1,1,0,0,0,0,0,0,,1,0,0,0,0,0,0,0,0,0,,NA,NA,NA,NA,NA,NA,NA,NA,NA,NA,NA,NA,NA,NA,NA,NA,NA,NA,,,,,,,,,,,,,,,,,,,NA,NA,NA,NA,83.029,,2,1,1,0.5,0.4445,
F368,FP,368,RI,Cultivated,Mb,Co,19,8,1,2,8,11,6,4,192,0,2,1,1,0,0,0,0,0,0,,1,0,0,0,0,0,0,0,0,0,plant severely damaged,NA,NA,NA,NA,NA,NA,NA,NA,NA,NA,NA,NA,NA,NA,NA,NA,NA,NA,,,,,,,,,,,,,,,,,,,NA,NA,NA,NA,44.799,,2,2,0,1,0.2034,
F369,FP,369,RI,Cultivated,Mb,Co,19,9,1,2,9,12,1,1,193,0,2,1,1,0,0,0,0,0,0,,1,0,0,0,0,0,0,0,0,0,,NA,NA,NA,NA,NA,NA,NA,NA,NA,NA,NA,NA,NA,NA,NA,NA,NA,NA,,,,,,,,,,,,,,,,,,,NA,NA,NA,NA,19.244,,2,1,1,0.5,0.4428,
F370,FP,370,RI,Cultivated,Mb,Co,19,10,1,2,10,12,5,2,234,0,2,1,1,0,0,0,0,0,0,,1,0,0,0,0,0,0,0,0,0,,NA,NA,NA,NA,NA,NA,NA,NA,NA,NA,NA,NA,NA,NA,NA,NA,NA,NA,,,,,,,,,,,,,,,,,,,NA,NA,NA,NA,63.817,,2,1,1,0.5,0.4405,
F371,FP,371,RI,Cultivated,Mb,Co,19,11,1,1,1,9,5,5,NA,0,2,1,0,0,0,0,1,1,0,,0,0,1,1,1,0,0,0,0,0,,NA,NA,NA,NA,NA,NA,NA,NA,NA,NA,NA,NA,NA,NA,NA,NA,NA,NA,,,,,,,,,,,,,,,,,,,NA,NA,NA,NA,NA,NA,2,0,2,0,,
F372,FP,372,RI,Cultivated,Mb,Co,19,12,1,1,1,9,2,5,NA,0,2,1,0,0,0,0,1,1,0,,0,0,1,1,1,0,0,0,0,0,,NA,NA,NA,NA,NA,NA,NA,NA,NA,NA,NA,NA,NA,NA,NA,NA,NA,NA,,,,,,,,,,,,,,,,,,,NA,NA,NA,NA,NA,NA,2,0,2,0,,
F373,FP,373,RI,Cultivated,Mb,Co,19,13,1,1,3,9,5,5,NA,0,2,1,0,0,0,0,1,1,0,,0,0,1,1,1,0,1,1,1,1,,NA,NA,NA,NA,NA,NA,NA,NA,NA,NA,NA,NA,NA,NA,NA,NA,NA,NA,,,,,,,,,,,,,,,,,,,NA,NA,NA,NA,18.764,,2,1,1,0.5,,
F374,FP,374,RI,Cultivated,Mb,Co,19,14,1,1,3,9,2,5,NA,0,2,1,0,0,0,0,1,1,0,,0,0,1,1,1,0,0,0,0,1,,NA,NA,NA,NA,NA,NA,NA,NA,NA,NA,NA,NA,NA,NA,NA,NA,NA,NA,,,,,,,,,,,,,,,,,,,NA,NA,NA,NA,26.753,,2,1,1,0.5,,
F375,FP,375,RI,Cultivated,Mb,Co,19,15,1,1,5,10,3,5,NA,0,2,1,0,0,0,0,1,1,0,,0,0,1,1,1,0,1,1,1,1,soil very dry during rhizosphere collection,NA,NA,NA,NA,NA,NA,NA,NA,NA,NA,NA,NA,NA,NA,NA,NA,NA,NA,,,,,,,,,,,,,,,,,,,NA,NA,NA,NA,3.13,,2,1,1,0.5,,
F376,FP,376,RI,Cultivated,Mb,Co,19,16,1,1,5,10,6,5,NA,0,2,1,0,0,0,0,1,1,0,,0,0,1,1,1,0,1,1,1,1,soil very dry during rhizosphere collection,NA,NA,NA,NA,NA,NA,NA,NA,NA,NA,NA,NA,NA,NA,NA,NA,NA,NA,,,,,,,,,,,,,,,,,,,NA,NA,NA,NA,15.617,,2,2,0,1,,
F377,FP,377,RI,Cultivated,Mb,Co,19,17,1,2,6,11,2,5,NA,0,2,1,0,0,0,0,1,1,1,,0,0,1,1,1,0,1,1,1,1,soil was relatively wet duyring rhizosphere collection,NA,NA,NA,NA,NA,NA,NA,NA,NA,NA,NA,NA,NA,NA,NA,NA,NA,NA,,,,,,,,,,,,,,,,,,,NA,NA,NA,NA,30.557,,2,1,1,0.5,,
F378,FP,378,RI,Cultivated,Mb,Co,19,18,1,2,6,11,4,5,NA,0,2,1,0,0,0,0,1,1,1,,0,0,1,1,1,0,1,1,1,1,,NA,NA,NA,NA,NA,NA,NA,NA,NA,NA,NA,NA,NA,NA,NA,NA,NA,NA,,,,,,,,,,,,,,,,,,,NA,NA,NA,NA,NA,NA,2,0,2,0,,
F379,FP,379,RI,Cultivated,Mb,Co,19,19,1,2,8,11,4,5,NA,0,2,1,0,0,0,0,1,1,1,,0,0,1,1,1,0,1,1,1,1,,NA,NA,NA,NA,NA,NA,NA,NA,NA,NA,NA,NA,NA,NA,NA,NA,NA,NA,,,,,,,,,,,,,,,,,,,NA,NA,NA,NA,NA,NA,2,0,2,0,,
F380,FP,380,RI,Cultivated,Mb,Co,19,20,1,2,8,11,5,5,NA,0,2,1,0,0,0,0,1,1,1,,0,0,1,1,1,0,1,1,1,0,,NA,NA,NA,NA,NA,NA,NA,NA,NA,NA,NA,NA,NA,NA,NA,NA,NA,NA,,,,,,,,,,,,,,,,,,,NA,NA,NA,NA,24.598,,2,1,1,0.5,,
F381,FP,381,RI,Cultivated,Mb,Mb,20,1,1,1,1,9,2,4,8,3,2,1,1,0,0,0,0,0,0,,1,0,0,0,0,0,0,0,0,0,,NA,NA,NA,NA,NA,NA,NA,NA,NA,NA,NA,NA,NA,NA,NA,NA,NA,NA,,,,,,,,,,,,,,,,,,,NA,NA,NA,NA,78.469,,2,1,1,0.5,0.2675,
F382,FP,382,RI,Cultivated,Mb,Mb,20,2,1,1,2,9,1,1,25,3,2,1,1,0,0,0,0,0,0,,1,0,0,0,0,0,0,0,0,0,,NA,NA,NA,NA,NA,NA,NA,NA,NA,NA,NA,NA,NA,NA,NA,NA,NA,NA,,,,,,,,,,,,,,,,,,,NA,NA,NA,NA,13.079,,2,2,0,1,0.534,
F383,FP,383,RI,Cultivated,Mb,Mb,20,3,1,1,3,9,1,4,52,3,2,1,1,0,0,0,0,0,0,,1,0,0,0,0,0,0,0,0,0,,NA,NA,NA,NA,NA,NA,NA,NA,NA,NA,NA,NA,NA,NA,NA,NA,NA,NA,,,,,,,,,,,,,,,,,,,NA,NA,NA,NA,17.396,,2,1,1,0.5,0.4402,
F384,FP,384,RI,Cultivated,Mb,Mb,20,4,1,1,4,10,1,2,74,3,2,1,1,0,0,0,0,0,0,,1,0,0,0,0,0,0,0,0,0,One caterpillar added because one caterpillar did not survive infestion the day before.,NA,NA,NA,NA,NA,NA,NA,NA,NA,NA,NA,NA,NA,NA,NA,NA,NA,NA,,,,,,,,,,,,,,,,,,,NA,NA,NA,NA,23.3875,,2,2,0,1,0.3701,
F385,FP,385,RI,Cultivated,Mb,Mb,20,5,1,1,5,10,6,2,118,3,2,1,1,0,0,0,0,0,0,,1,0,0,0,0,0,0,0,0,0,,NA,NA,NA,NA,NA,NA,NA,NA,NA,NA,NA,NA,NA,NA,NA,NA,NA,NA,,,,,,,,,,,,,,,,,,,NA,NA,NA,NA,12.467,,3,3,0,1,0.3891,
F386,FP,386,RI,Cultivated,Mb,Mb,20,6,1,2,6,11,4,4,136,3,2,1,1,0,0,0,0,0,0,,1,0,0,0,0,0,0,0,0,0,,NA,NA,NA,NA,NA,NA,NA,NA,NA,NA,NA,NA,NA,NA,NA,NA,NA,NA,,,,,,,,,,,,,,,,,,,NA,NA,NA,NA,33.281,,2,2,0,1,0.3721,
F387,FP,387,RI,Cultivated,Mb,Mb,20,7,1,2,7,11,5,2,162,3,2,1,1,0,0,0,0,0,0,,1,0,0,0,0,0,0,0,0,0,plant severely damaged,NA,NA,NA,NA,NA,NA,NA,NA,NA,NA,NA,NA,NA,NA,NA,NA,NA,NA,,,,,,,,,,,,,,,,,,,NA,NA,NA,NA,24.025,,2,1,1,0.5,0.2661,
F388,FP,388,RI,Cultivated,Mb,Mb,20,8,1,2,8,11,3,4,180,3,2,1,1,0,0,0,0,0,0,,1,0,0,0,0,0,0,0,0,0,,NA,NA,NA,NA,NA,NA,NA,NA,NA,NA,NA,NA,NA,NA,NA,NA,NA,NA,,,,,,,,,,,,,,,,,,,NA,NA,NA,NA,16.012,,2,2,0,1,0.444,
F389,FP,389,RI,Cultivated,Mb,Mb,20,9,1,2,9,12,5,3,211,3,2,1,1,0,0,0,0,0,0,,1,0,0,0,0,0,0,0,0,0,,NA,NA,NA,NA,NA,NA,NA,NA,NA,NA,NA,NA,NA,NA,NA,NA,NA,NA,,,,,,,,,,,,,,,,,,,NA,NA,NA,NA,26.5705,,2,2,0,1,0.3082,
F390,FP,390,RI,Cultivated,Mb,Mb,20,10,1,2,10,12,4,2,230,3,2,1,1,0,0,0,0,0,0,,1,0,0,0,0,0,0,0,0,0,,NA,NA,NA,NA,NA,NA,NA,NA,NA,NA,NA,NA,NA,NA,NA,NA,NA,NA,,,,,,,,,,,,,,,,,,,NA,NA,NA,NA,37.0225,,2,2,0,1,0.294,
F391,FP,391,RI,Cultivated,Mb,Mb,20,11,1,1,1,9,3,5,NA,3,2,1,0,0,0,0,1,1,0,,0,0,1,1,1,0,0,0,0,0,star (1 cat was found lateron),NA,NA,NA,NA,NA,NA,NA,NA,NA,NA,NA,NA,NA,NA,NA,NA,NA,NA,,,,,,,,,,,,,,,,,,,NA,NA,NA,NA,28.763,,2,1,1,0.5,,
F392,FP,392,RI,Cultivated,Mb,Mb,20,12,1,1,1,9,1,5,NA,3,2,1,0,0,0,0,1,1,0,,0,0,1,1,1,0,0,0,0,0,soil was relatively wet duyring rhizosphere collection,NA,NA,NA,NA,NA,NA,NA,NA,NA,NA,NA,NA,NA,NA,NA,NA,NA,NA,,,,,,,,,,,,,,,,,,,NA,NA,NA,NA,55.713,,2,1,1,0.5,,
F393,FP,393,RI,Cultivated,Mb,Mb,20,13,1,1,3,9,6,5,NA,3,2,1,0,0,0,0,1,1,0,,0,0,1,1,1,0,0,1,0,0,soil very dry during rhizosphere collection,NA,NA,NA,NA,NA,NA,NA,NA,NA,NA,NA,NA,NA,NA,NA,NA,NA,NA,,,,,,,,,,,,,,,,,,,NA,NA,NA,NA,19.253,,2,1,1,0.5,,
F394,FP,394,RI,Cultivated,Mb,Mb,20,14,1,1,5,10,1,5,NA,3,2,1,0,0,0,0,1,1,0,,0,0,1,1,1,0,1,1,1,1,soil very dry during rhizosphere collection,NA,NA,NA,NA,NA,NA,NA,NA,NA,NA,NA,NA,NA,NA,NA,NA,NA,NA,,,,,,,,,,,,,,,,,,,NA,NA,NA,NA,14.457,,2,1,1,0.5,,
F395,FP,395,RI,Cultivated,Mb,Mb,20,15,1,2,6,11,1,5,NA,3,2,1,0,0,0,0,1,1,0,,0,0,1,1,1,0,1,0,1,1,soil was relatively wet duyring rhizosphere collection,NA,NA,NA,NA,NA,NA,NA,NA,NA,NA,NA,NA,NA,NA,NA,NA,NA,NA,,,,,,,,,,,,,,,,,,,NA,NA,NA,NA,33.334,,2,1,1,0.5,,
F396,FP,396,RI,Cultivated,Mb,Mb,20,16,1,2,6,11,5,5,NA,3,2,1,0,0,0,0,1,1,1,,0,0,1,1,1,0,1,1,1,0,,NA,NA,NA,NA,NA,NA,NA,NA,NA,NA,NA,NA,NA,NA,NA,NA,NA,NA,,,,,,,,,,,,,,,,,,,NA,NA,NA,NA,NA,NA,2,0,2,0,,
F397,FP,397,RI,Cultivated,Mb,Mb,20,17,1,2,8,11,3,5,NA,3,2,1,0,0,0,0,1,1,1,,0,0,1,1,1,0,0,0,0,1,,NA,NA,NA,NA,NA,NA,NA,NA,NA,NA,NA,NA,NA,NA,NA,NA,NA,NA,,,,,,,,,,,,,,,,,,,NA,NA,NA,NA,21.729,,2,1,1,0.5,,
F398,FP,398,RI,Cultivated,Mb,Mb,20,18,1,2,10,12,2,5,NA,3,2,1,0,0,0,0,1,1,1,,0,0,1,1,1,0,1,1,1,1,,NA,NA,NA,NA,NA,NA,NA,NA,NA,NA,NA,NA,NA,NA,NA,NA,NA,NA,,,,,,,,,,,,,,,,,,,NA,NA,NA,NA,NA,NA,2,0,2,0,,
F399,FP,399,RI,Cultivated,Mb,Mb,20,19,1,2,10,12,3,5,NA,3,2,1,0,0,0,0,1,1,1,,0,0,1,1,1,0,1,1,1,1,soil very dry during rhizosphere collection,NA,NA,NA,NA,NA,NA,NA,NA,NA,NA,NA,NA,NA,NA,NA,NA,NA,NA,,,,,,,,,,,,,,,,,,,NA,NA,NA,NA,NA,NA,2,0,2,0,,
F400,FP,400,RI,Cultivated,Mb,Mb,20,20,1,2,10,12,6,5,NA,3,2,1,0,0,0,0,1,1,1,,0,0,1,1,1,0,1,1,1,1,,NA,NA,NA,NA,NA,NA,NA,NA,NA,NA,NA,NA,NA,NA,NA,NA,NA,NA,,,,,,,,,,,,,,,,,,,NA,NA,NA,NA,59.702,,2,1,1,0.5,,
F401,FP,401,MC,Cultivated,Mb,Co,21,1,1,1,1,9,5,4,20,0,2,1,1,0,0,1,0,0,0,,1,0,0,0,0,0,0,0,0,0,,NA,NA,NA,NA,NA,NA,NA,NA,NA,NA,NA,NA,NA,NA,NA,NA,NA,NA,,,,,,,,,,,,,,,,,,,NA,NA,NA,NA,13.619,,2,2,0,1,0.1516,
F402,FP,402,MC,Cultivated,Mb,Co,21,2,1,1,2,9,1,4,28,0,2,1,1,0,0,1,0,0,0,,1,0,0,0,0,0,0,0,0,0,1 cat died during handeling,NA,NA,NA,NA,NA,NA,NA,NA,NA,NA,NA,NA,NA,NA,NA,NA,NA,NA,,,,,,,,,,,,,,,,,,,NA,NA,NA,NA,12.492,,2,2,0,1,0.172,
F403,FP,403,MC,Cultivated,Mb,Co,21,3,1,1,3,9,4,2,62,0,2,1,1,0,0,1,0,0,0,,1,0,0,0,0,0,0,0,0,0,,NA,NA,NA,NA,NA,NA,NA,NA,NA,NA,NA,NA,NA,NA,NA,NA,NA,NA,,,,,,,,,,,,,,,,,,,NA,NA,NA,NA,11.4195,,2,2,0,1,0.2083,
F404,FP,404,MC,Cultivated,Mb,Co,21,4,1,1,4,10,4,1,85,0,2,1,1,0,0,1,0,0,0,,1,0,0,0,0,0,0,0,0,0,,NA,NA,NA,NA,NA,NA,NA,NA,NA,NA,NA,NA,NA,NA,NA,NA,NA,NA,,,,,,,,,,,,,,,,,,,NA,NA,NA,NA,20.838,,2,1,1,0.5,0.3015,"molded a bit, may not affect weight much"
F405,FP,405,MC,Cultivated,Mb,Co,21,5,1,1,5,10,2,4,104,0,2,1,1,0,0,1,1,1,0,,0,0,0,0,0,0,0,0,0,0,,NA,NA,NA,NA,NA,NA,NA,NA,NA,NA,NA,NA,NA,NA,NA,NA,NA,NA,,,,,,,,,,,,,,,,,,,NA,NA,NA,NA,12.71,,2,1,1,0.5,,
F406,FP,406,MC,Cultivated,Mb,Co,21,6,1,2,6,11,1,1,121,0,2,1,1,0,0,0,1,1,1,,0,0,0,0,0,0,0,0,0,0,Could also have been in row 4,NA,NA,NA,NA,NA,NA,NA,NA,NA,NA,NA,NA,NA,NA,NA,NA,NA,NA,,,,,,,,,,,,,,,,,,,NA,NA,NA,NA,7.968,,2,2,0,1,,
F407,FP,407,MC,Cultivated,Mb,Co,21,7,1,2,7,11,4,4,160,0,2,1,1,0,0,0,1,1,1,,0,0,0,0,0,0,0,0,0,0,,NA,NA,NA,NA,NA,NA,NA,NA,NA,NA,NA,NA,NA,NA,NA,NA,NA,NA,,,,,,,,,,,,,,,,,,,NA,NA,NA,NA,7.374,,2,2,0,1,,
F408,FP,408,MC,Cultivated,Mb,Co,21,8,1,2,8,11,5,1,185,0,2,1,1,0,0,0,1,1,1,,0,0,0,0,0,0,0,0,0,0,,NA,NA,NA,NA,NA,NA,NA,NA,NA,NA,NA,NA,NA,NA,NA,NA,NA,NA,,,,,,,,,,,,,,,,,,,NA,NA,NA,NA,10.148,,2,1,1,0.5,,
F409,FP,409,MC,Cultivated,Mb,Co,21,9,1,2,9,12,3,2,202,0,2,0,0,0,0,0,0,0,0,,0,0,0,0,0,0,0,0,0,0,Plant had (nearly) no damage,NA,NA,NA,NA,NA,NA,NA,NA,NA,NA,NA,NA,NA,NA,NA,NA,NA,NA,,,,,,,,,,,,,,,,,,,NA,NA,NA,NA,NA,NA,2,0,2,0,,
F410,FP,410,MC,Cultivated,Mb,Co,21,10,1,2,10,12,2,2,222,0,2,1,1,0,0,0,1,1,1,,0,0,0,0,0,0,0,0,0,0,,NA,NA,NA,NA,NA,NA,NA,NA,NA,NA,NA,NA,NA,NA,NA,NA,NA,NA,,,,,,,,,,,,,,,,,,,NA,NA,NA,NA,12.314,,2,1,1,0.5,,
F411,FP,411,MC,Cultivated,Mb,Co,21,11,2,3,11,13,6,4,264,0,2,1,1,0,0,1,0,0,0,,1,0,0,0,0,1,0,0,0,0,,NA,NA,NA,NA,NA,NA,NA,NA,NA,NA,NA,NA,NA,NA,NA,NA,NA,NA,,,,,,,,,,,,,,,,,,,NA,NA,NA,NA,22.0425,,2,2,0,1,,
F412,FP,412,MC,Cultivated,Mb,Co,21,12,2,3,12,13,1,3,267,0,2,1,1,0,0,1,0,0,0,,1,0,0,0,0,0,0,0,0,0,,NA,NA,NA,NA,NA,NA,NA,NA,NA,NA,NA,NA,NA,NA,NA,NA,NA,NA,,,,,,,,,,,,,,,,,,,NA,NA,NA,NA,6.8465,,2,2,0,1,0.2485,
F413,FP,413,MC,Cultivated,Mb,Co,21,13,2,3,13,13,2,3,295,0,2,1,1,0,0,1,0,0,0,,1,0,0,0,0,0,0,0,0,0,,NA,NA,NA,NA,NA,NA,NA,NA,NA,NA,NA,NA,NA,NA,NA,NA,NA,NA,,,,,,,,,,,,,,,,,,,NA,NA,NA,NA,7.718,,2,1,1,0.5,0.1853,
F414,FP,414,MC,Cultivated,Mb,Co,21,14,2,3,14,14,3,3,323,0,2,1,1,0,0,1,0,0,0,,1,0,0,0,0,0,0,0,0,0,,NA,NA,NA,NA,NA,NA,NA,NA,NA,NA,NA,NA,NA,NA,NA,NA,NA,NA,,,,,,,,,,,,,,,,,,,NA,NA,NA,NA,8.1375,,2,2,0,1,0.156,
F415,FP,415,MC,Cultivated,Mb,Co,21,15,2,3,15,14,1,2,338,0,2,1,1,0,0,1,1,1,0,,0,0,0,0,0,0,0,0,0,0,,NA,NA,NA,NA,NA,NA,NA,NA,NA,NA,NA,NA,NA,NA,NA,NA,NA,NA,,,,,,,,,,,,,,,,,,,NA,NA,NA,NA,6.533,,2,1,1,0.5,,
F416,FP,416,MC,Cultivated,Mb,Co,21,16,2,4,16,15,5,3,379,0,1,1,1,0,0,0,1,1,1,,0,0,0,0,0,0,0,0,0,0,plant was small and only infested with 1 caterpillar,NA,NA,NA,NA,NA,NA,NA,NA,NA,NA,NA,NA,NA,NA,NA,NA,NA,NA,,,,,,,,,,,,,,,,,,,NA,NA,NA,NA,10.632,,2,2,0,1,,
F417,FP,417,MC,Cultivated,Mb,Co,21,17,2,4,17,15,5,2,402,0,2,1,1,0,0,0,1,1,1,,0,0,0,0,0,0,0,0,0,0,,NA,NA,NA,NA,NA,NA,NA,NA,NA,NA,NA,NA,NA,NA,NA,NA,NA,NA,,,,,,,,,,,,,,,,,,,NA,NA,NA,NA,13.1775,,2,2,0,1,,
F418,FP,418,MC,Cultivated,Mb,Co,21,18,2,4,18,15,3,1,417,0,2,1,1,0,0,0,1,1,1,,0,0,0,0,0,0,0,0,0,0,,NA,NA,NA,NA,NA,NA,NA,NA,NA,NA,NA,NA,NA,NA,NA,NA,NA,NA,,,,,,,,,,,,,,,,,,,NA,NA,NA,NA,10.455,,2,2,0,1,,
F419,FP,419,MC,Cultivated,Mb,Co,21,19,2,4,19,16,6,2,454,0,2,1,1,0,0,0,1,1,1,,0,0,0,0,0,0,0,0,0,0,,NA,NA,NA,NA,NA,NA,NA,NA,NA,NA,NA,NA,NA,NA,NA,NA,NA,NA,,,,,,,,,,,,,,,,,,,NA,NA,NA,NA,10.6,,2,2,0,1,,
F420,FP,420,MC,Cultivated,Mb,Co,21,20,2,4,20,16,6,1,477,0,2,1,1,0,0,0,1,1,1,,0,0,0,0,0,0,0,0,0,0,,NA,NA,NA,NA,NA,NA,NA,NA,NA,NA,NA,NA,NA,NA,NA,NA,NA,NA,,,,,,,,,,,,,,,,,,,NA,NA,NA,NA,14.0595,,2,2,0,1,,
F421,FP,421,MC,Cultivated,Mb,Mb,22,1,1,1,1,9,5,1,17,4,2,1,1,0,0,1,0,0,0,,1,0,0,0,0,0,0,0,0,0,,NA,NA,NA,NA,NA,NA,NA,NA,NA,NA,NA,NA,NA,NA,NA,NA,NA,NA,,,,,,,,,,,,,,,,,,,NA,NA,NA,NA,6.1725,,2,2,0,1,0.1128,
F422,FP,422,MC,Cultivated,Mb,Mb,22,2,1,1,2,9,6,1,45,4,2,1,1,0,0,1,0,0,0,,1,0,0,0,0,0,0,0,0,0,,NA,NA,NA,NA,NA,NA,NA,NA,NA,NA,NA,NA,NA,NA,NA,NA,NA,NA,,,,,,,,,,,,,,,,,,,NA,NA,NA,NA,8.742,,2,2,0,1,0.214,
F423,FP,423,MC,Cultivated,Mb,Mb,22,3,1,1,3,9,1,1,49,4,2,1,1,0,0,1,0,0,0,,1,0,0,0,0,0,0,0,0,0,,NA,NA,NA,NA,NA,NA,NA,NA,NA,NA,NA,NA,NA,NA,NA,NA,NA,NA,,,,,,,,,,,,,,,,,,,NA,NA,NA,NA,10.604,,2,2,0,1,0.3263,
F424,FP,424,MC,Cultivated,Mb,Mb,22,4,1,1,4,10,1,4,76,4,2,1,1,0,0,1,0,0,0,,1,0,0,0,0,0,0,0,0,0,One caterpillar added because one caterpillar did not survive infestion the day before.,NA,NA,NA,NA,NA,NA,NA,NA,NA,NA,NA,NA,NA,NA,NA,NA,NA,NA,,,,,,,,,,,,,,,,,,,NA,NA,NA,NA,13.353,,2,2,0,1,0.1994,
F425,FP,425,MC,Cultivated,Mb,Mb,22,5,1,1,5,10,4,2,110,4,2,1,1,0,0,0,1,1,0,,0,0,0,0,0,0,0,0,0,0,plant heavily damaged,NA,NA,NA,NA,NA,NA,NA,NA,NA,NA,NA,NA,NA,NA,NA,NA,NA,NA,,,,,,,,,,,,,,,,,,,NA,NA,NA,NA,15.6235,,2,2,0,1,,
F426,FP,426,MC,Cultivated,Mb,Mb,22,6,1,2,6,11,5,4,140,4,2,1,1,0,0,0,1,1,1,,0,0,0,0,0,0,0,0,0,0,,NA,NA,NA,NA,NA,NA,NA,NA,NA,NA,NA,NA,NA,NA,NA,NA,NA,NA,,,,,,,,,,,,,,,,,,,NA,NA,NA,NA,13.8365,,2,2,0,1,,
F427,FP,427,MC,Cultivated,Mb,Mb,22,7,1,2,7,11,6,4,168,4,2,1,1,0,0,0,1,1,1,,0,0,0,0,0,0,0,0,0,0,leaf broke when putting sand in pots,NA,NA,NA,NA,NA,NA,NA,NA,NA,NA,NA,NA,NA,NA,NA,NA,NA,NA,,,,,,,,,,,,,,,,,,,NA,NA,NA,NA,18.271,,2,2,0,1,,
F428,FP,428,MC,Cultivated,Mb,Mb,22,8,1,2,8,11,1,2,170,4,2,1,1,0,0,0,1,1,1,,0,0,0,0,0,0,0,0,0,0,,NA,NA,NA,NA,NA,NA,NA,NA,NA,NA,NA,NA,NA,NA,NA,NA,NA,NA,,,,,,,,,,,,,,,,,,,NA,NA,NA,NA,6.3065,,2,2,0,1,,
F429,FP,429,MC,Cultivated,Mb,Mb,22,9,1,2,9,12,4,3,207,4,2,1,1,0,0,0,1,1,1,,0,0,0,0,0,0,0,0,0,0,,NA,NA,NA,NA,NA,NA,NA,NA,NA,NA,NA,NA,NA,NA,NA,NA,NA,NA,,,,,,,,,,,,,,,,,,,NA,NA,NA,NA,9.0945,,2,2,0,1,,
F430,FP,430,MC,Cultivated,Mb,Mb,22,10,1,2,10,12,2,1,221,4,2,1,1,0,0,0,1,1,1,,0,0,0,0,0,0,0,0,0,0,,NA,NA,NA,NA,NA,NA,NA,NA,NA,NA,NA,NA,NA,NA,NA,NA,NA,NA,,,,,,,,,,,,,,,,,,,NA,NA,NA,NA,18.357,,2,2,0,1,,
F431,FP,431,MC,Cultivated,Mb,Mb,22,11,2,3,11,13,6,2,262,4,2,1,1,0,0,1,0,0,0,,1,0,0,0,0,1,0,0,0,0,,NA,NA,NA,NA,NA,NA,NA,NA,NA,NA,NA,NA,NA,NA,NA,NA,NA,NA,,,,,,,,,,,,,,,,,,,NA,NA,NA,NA,10.116,,2,2,0,1,,
F432,FP,432,MC,Cultivated,Mb,Mb,22,12,2,3,12,13,5,3,283,4,2,1,1,0,0,1,0,0,0,,1,0,0,0,0,0,0,0,0,0,,NA,NA,NA,NA,NA,NA,NA,NA,NA,NA,NA,NA,NA,NA,NA,NA,NA,NA,,,,,,,,,,,,,,,,,,,NA,NA,NA,NA,13.678,,2,1,1,0.5,0.1728,
F433,FP,433,MC,Cultivated,Mb,Mb,22,13,2,3,13,13,3,3,299,4,2,1,1,0,0,1,0,0,0,,1,0,0,0,0,0,0,0,0,0,,NA,NA,NA,NA,NA,NA,NA,NA,NA,NA,NA,NA,NA,NA,NA,NA,NA,NA,,,,,,,,,,,,,,,,,,,NA,NA,NA,NA,11.2475,,2,2,0,1,0.2423,
F434,FP,434,MC,Cultivated,Mb,Mb,22,14,2,3,14,14,4,4,328,4,2,1,1,0,0,1,0,0,0,,1,0,0,0,0,0,0,0,0,0,,NA,NA,NA,NA,NA,NA,NA,NA,NA,NA,NA,NA,NA,NA,NA,NA,NA,NA,,,,,,,,,,,,,,,,,,,NA,NA,NA,NA,12.9115,,2,2,0,1,0.1911,
F435,FP,435,MC,Cultivated,Mb,Mb,22,15,2,3,15,14,3,4,348,4,2,1,1,0,0,1,1,1,0,,0,0,0,0,0,0,0,0,0,0,,NA,NA,NA,NA,NA,NA,NA,NA,NA,NA,NA,NA,NA,NA,NA,NA,NA,NA,,,,,,,,,,,,,,,,,,,NA,NA,NA,NA,11.7055,,2,2,0,1,,
F436,FP,436,MC,Cultivated,Mb,Mb,22,16,2,4,16,15,1,3,363,4,2,1,1,0,0,0,1,1,1,,0,0,0,0,0,0,0,0,0,0,,NA,NA,NA,NA,NA,NA,NA,NA,NA,NA,NA,NA,NA,NA,NA,NA,NA,NA,,,,,,,,,,,,,,,,,,,NA,NA,NA,NA,13.507,,2,2,0,1,,
F437,FP,437,MC,Cultivated,Mb,Mb,22,17,2,4,17,15,3,1,393,4,2,1,1,0,0,0,1,1,1,,0,0,0,0,0,0,0,0,0,0,,NA,NA,NA,NA,NA,NA,NA,NA,NA,NA,NA,NA,NA,NA,NA,NA,NA,NA,,,,,,,,,,,,,,,,,,,NA,NA,NA,NA,16.175,,2,2,0,1,,
F438,FP,438,MC,Cultivated,Mb,Mb,22,18,2,4,18,15,2,3,415,4,2,1,1,0,0,0,1,1,1,,0,0,0,0,0,0,0,0,0,0,,NA,NA,NA,NA,NA,NA,NA,NA,NA,NA,NA,NA,NA,NA,NA,NA,NA,NA,,,,,,,,,,,,,,,,,,,NA,NA,NA,NA,13.2185,,2,2,0,1,,
F439,FP,439,MC,Cultivated,Mb,Mb,22,19,2,4,19,16,2,2,438,4,2,1,1,0,0,0,1,1,1,,0,0,0,0,0,0,0,0,0,0,,NA,NA,NA,NA,NA,NA,NA,NA,NA,NA,NA,NA,NA,NA,NA,NA,NA,NA,,,,,,,,,,,,,,,,,,,NA,NA,NA,NA,5.52,,2,2,0,1,,
F440,FP,440,MC,Cultivated,Mb,Mb,22,20,2,4,20,16,3,2,466,4,2,1,1,0,0,0,1,1,1,,0,0,0,0,0,0,0,0,0,0,,NA,NA,NA,NA,NA,NA,NA,NA,NA,NA,NA,NA,NA,NA,NA,NA,NA,NA,,,,,,,,,,,,,,,,,,,NA,NA,NA,NA,11.062,,2,2,0,1,,
F441,FP,441,VL,Wild,Mb,Co,23,1,1,1,1,9,5,2,18,0,2,1,1,0,0,0,0,0,0,,1,0,0,0,0,0,0,0,0,0,,NA,NA,NA,NA,NA,NA,NA,NA,NA,NA,NA,NA,NA,NA,NA,NA,NA,NA,,,,,,,,,,,,,,,,,,,NA,NA,NA,NA,96.924,,2,1,1,0.5,0.9206,
F442,FP,442,VL,Wild,Mb,Co,23,2,1,1,2,9,4,4,40,0,2,1,1,0,0,0,0,0,0,,1,0,0,0,0,0,0,0,0,0,,NA,NA,NA,NA,NA,NA,NA,NA,NA,NA,NA,NA,NA,NA,NA,NA,NA,NA,,,,,,,,,,,,,,,,,,,NA,NA,NA,NA,44.5875,,2,2,0,1,0.8157,
F443,FP,443,VL,Wild,Mb,Co,23,3,1,1,3,9,2,4,56,0,2,1,1,0,0,0,0,0,0,,1,0,0,0,0,0,0,0,0,0,,NA,NA,NA,NA,NA,NA,NA,NA,NA,NA,NA,NA,NA,NA,NA,NA,NA,NA,,,,,,,,,,,,,,,,,,,NA,NA,NA,NA,21.03133333,,3,3,0,1,0.6887,
F444,FP,444,VL,Wild,Mb,Co,23,4,1,1,4,10,6,1,93,0,2,1,1,0,0,0,0,0,0,,1,0,0,0,0,0,0,0,0,0,,NA,NA,NA,NA,NA,NA,NA,NA,NA,NA,NA,NA,NA,NA,NA,NA,NA,NA,,,,,,,,,,,,,,,,,,,NA,NA,NA,NA,32.609,,2,2,0,1,1.1227,
F445,FP,445,VL,Wild,Mb,Co,23,5,1,1,5,10,3,3,107,0,2,1,1,0,0,0,1,1,0,,0,0,0,0,0,0,0,0,0,0,plant severely damaged,NA,NA,NA,NA,NA,NA,NA,NA,NA,NA,NA,NA,NA,NA,NA,NA,NA,NA,,,,,,,,,,,,,,,,,,,NA,NA,NA,NA,66.1675,,2,2,0,1,,
F446,FP,446,VL,Wild,Mb,Co,23,6,1,2,6,11,1,3,123,0,2,1,1,0,0,0,1,1,1,,0,0,0,0,0,0,0,0,0,0,plant severely damaged,NA,NA,NA,NA,NA,NA,NA,NA,NA,NA,NA,NA,NA,NA,NA,NA,NA,NA,,,,,,,,,,,,,,,,,,,NA,NA,NA,NA,59.233,,2,2,0,1,,
F447,FP,447,VL,Wild,Mb,Co,23,7,1,2,7,11,5,1,161,0,2,1,1,0,0,0,1,1,1,,0,0,0,0,0,0,0,0,0,0,,NA,NA,NA,NA,NA,NA,NA,NA,NA,NA,NA,NA,NA,NA,NA,NA,NA,NA,,,,,,,,,,,,,,,,,,,NA,NA,NA,NA,37.0115,,2,2,0,1,,
F448,FP,448,VL,Wild,Mb,Co,23,8,1,2,8,11,2,2,174,0,2,1,1,0,0,0,1,1,1,,0,0,0,0,0,0,0,0,0,0,plant severely damaged,NA,NA,NA,NA,NA,NA,NA,NA,NA,NA,NA,NA,NA,NA,NA,NA,NA,NA,,,,,,,,,,,,,,,,,,,NA,NA,NA,NA,58.1735,,2,2,0,1,,
F449,FP,449,VL,Wild,Mb,Co,23,9,1,2,9,12,1,4,196,0,2,1,1,0,0,0,1,1,1,,0,0,0,0,0,0,0,0,0,0,,NA,NA,NA,NA,NA,NA,NA,NA,NA,NA,NA,NA,NA,NA,NA,NA,NA,NA,,,,,,,,,,,,,,,,,,,NA,NA,NA,NA,44.128,,2,2,0,1,,
F450,FP,450,VL,Wild,Mb,Co,23,10,1,2,10,12,3,1,225,0,2,1,1,0,0,0,1,1,1,,0,0,0,0,0,0,0,0,0,0,plant severely damaged,NA,NA,NA,NA,NA,NA,NA,NA,NA,NA,NA,NA,NA,NA,NA,NA,NA,NA,,,,,,,,,,,,,,,,,,,NA,NA,NA,NA,26.9185,,2,2,0,1,,
F451,FP,451,VL,Wild,Mb,Co,23,11,2,3,11,13,3,2,250,0,2,1,1,0,1,0,0,0,0,,1,0,0,0,0,0,0,0,0,0,soil very dry during rhizosphere collection,NA,NA,NA,NA,NA,NA,NA,NA,NA,NA,NA,NA,NA,NA,NA,NA,NA,NA,,,,,,,,,,,,,,,,,,,2.18,40.91,18.78,,9.822,,2,2,0,1,,
F452,FP,452,VL,Wild,Mb,Co,23,12,2,3,12,13,3,4,276,0,2,1,1,0,1,0,0,0,0,,1,0,0,0,0,0,0,0,0,0,,NA,NA,NA,NA,NA,NA,NA,NA,NA,NA,NA,NA,NA,NA,NA,NA,NA,NA,,,,,,,,,,,,,,,,,,,2.01,39.81,19.76,,11.30966667,,2,2,0,1,0.8416,
F453,FP,453,VL,Wild,Mb,Co,23,13,2,3,13,13,1,1,289,0,2,1,1,0,1,0,0,0,0,,1,0,0,0,0,0,0,0,0,0,,NA,NA,NA,NA,NA,NA,NA,NA,NA,NA,NA,NA,NA,NA,NA,NA,NA,NA,,,,,,,,,,,,,,,,,,,1.92,39.59,20.66,,19.90633333,,3,3,0,1,0.713,
F454,FP,454,VL,Wild,Mb,Co,23,14,2,3,14,14,6,2,334,0,2,1,1,0,1,0,0,0,0,,1,0,0,0,0,0,0,0,0,0,Switched around with E86 before herbivore infestation because leaf broke,NA,NA,NA,NA,NA,NA,NA,NA,NA,NA,NA,NA,NA,NA,NA,NA,NA,NA,,,,,,,,,,,,,,,,,,,1.76,40.74,23.11,,11.1045,,2,2,0,1,0.7565,
F455,FP,455,VL,Wild,Mb,Co,23,15,2,3,15,14,4,2,350,0,2,1,1,0,1,0,1,1,0,,0,0,0,0,0,0,0,0,0,0,,NA,NA,NA,NA,NA,NA,NA,NA,NA,NA,NA,NA,NA,NA,NA,NA,NA,NA,,,,,,,,,,,,,,,,,,,1.34,39.69,29.67,,7.3695,,2,2,0,1,,
F456,FP,456,VL,Wild,Mb,Co,23,16,2,4,16,15,2,1,365,0,2,1,1,1,0,0,1,1,1,,0,0,0,0,0,0,0,0,0,0,,10.3,0.24,0.2,0.03,0.06,0,0.14,0,0,0.02,0,0,0.01,NA,NA,NA,NA,,,,,,,,,,,,,,,,,,,,NA,NA,NA,NA,6.309,,3,3,0,1,,
F457,FP,457,VL,Wild,Mb,Co,23,17,2,4,17,15,4,3,399,0,2,1,1,1,0,0,1,1,1,,0,0,0,0,0,0,0,0,0,0,,10.9,0.09,0.04,0.05,0,0,0.04,0,0,0.02,0,0,0.03,NA,NA,NA,NA,,,,,,,,,,,,,,,,,,,,NA,NA,NA,NA,10.499,,2,2,0,1,,
F458,FP,458,VL,Wild,Mb,Co,23,18,2,4,18,15,5,4,428,0,2,1,1,1,0,0,1,1,1,,0,0,0,0,0,0,0,0,0,0,,10.4,0.02,0,0.02,0,0,0,0,0,0.02,0,0,0,NA,NA,NA,NA,,,,,,,,,,,,,,,,,,,,NA,NA,NA,NA,8.8695,,2,2,0,1,,
F459,FP,459,VL,Wild,Mb,Co,23,19,2,4,19,16,2,3,439,0,2,1,1,1,0,0,1,1,1,,0,0,0,0,0,0,0,0,0,0,,10.5,0.09,0.05,0.05,0.03,0,0.02,0,0,0.03,0.01,0,0.01,NA,NA,NA,NA,,,,,,,,,,,,,,,,,,,,NA,NA,NA,NA,5.5285,,2,2,0,1,,
F460,FP,460,VL,Wild,Mb,Co,23,20,2,4,20,16,6,3,479,0,2,1,1,1,0,0,1,1,1,,0,0,0,0,0,0,0,0,0,0,,8,0.03,0,0.02,0,0,0,0,0,0.02,0,0,0,NA,NA,NA,NA,,,,,,,,,,,,,,,,,,,,NA,NA,NA,NA,11.686,,2,2,0,1,,
F461,FP,461,VL,Wild,Mb,Mb,24,1,1,1,1,9,3,3,11,3,2,1,1,0,0,0,0,0,0,,1,0,0,0,0,0,0,0,0,0,,NA,NA,NA,NA,NA,NA,NA,NA,NA,NA,NA,NA,NA,NA,NA,NA,NA,NA,,,,,,,,,,,,,,,,,,,NA,NA,NA,NA,70.73,,2,1,1,0.5,1.0157,also labeled as E91
F462,FP,462,VL,Wild,Mb,Mb,24,2,1,1,2,9,4,3,39,3,2,1,1,0,0,0,0,0,0,,1,0,0,0,0,0,0,0,0,0,little bit of trips damage observed during caterpillar infestation,NA,NA,NA,NA,NA,NA,NA,NA,NA,NA,NA,NA,NA,NA,NA,NA,NA,NA,,,,,,,,,,,,,,,,,,,NA,NA,NA,NA,22.06,,2,1,1,0.5,0.8912,
F463,FP,463,VL,Wild,Mb,Mb,24,3,1,1,3,9,2,1,53,3,2,1,1,0,0,0,0,0,0,,1,0,0,0,0,0,0,0,0,0,,NA,NA,NA,NA,NA,NA,NA,NA,NA,NA,NA,NA,NA,NA,NA,NA,NA,NA,,,,,,,,,,,,,,,,,,,NA,NA,NA,NA,82.635,,2,1,1,0.5,0.9438,
F464,FP,464,VL,Wild,Mb,Mb,24,4,1,1,4,10,4,4,88,3,2,1,1,0,0,0,0,0,0,,1,0,0,0,0,0,0,0,0,0,plant severely damaged,NA,NA,NA,NA,NA,NA,NA,NA,NA,NA,NA,NA,NA,NA,NA,NA,NA,NA,,,,,,,,,,,,,,,,,,,NA,NA,NA,NA,53.82,,2,2,0,1,0.7483,
F465,FP,465,VL,Wild,Mb,Mb,24,5,1,1,5,10,5,2,114,3,2,1,1,0,0,0,1,1,0,,0,0,0,0,0,0,0,0,0,0,,NA,NA,NA,NA,NA,NA,NA,NA,NA,NA,NA,NA,NA,NA,NA,NA,NA,NA,,,,,,,,,,,,,,,,,,,NA,NA,NA,NA,37.801,,2,1,1,0.5,,
F466,FP,466,VL,Wild,Mb,Mb,24,6,1,2,6,11,2,2,126,3,2,1,1,0,0,0,1,1,1,,0,0,0,0,0,0,0,0,0,0,plant severely damaged,NA,NA,NA,NA,NA,NA,NA,NA,NA,NA,NA,NA,NA,NA,NA,NA,NA,NA,,,,,,,,,,,,,,,,,,,NA,NA,NA,NA,44.479,,2,2,0,1,,
F467,FP,467,VL,Wild,Mb,Mb,24,7,1,2,7,11,3,1,153,3,2,1,1,0,0,0,1,1,1,,0,0,0,0,0,0,0,0,0,0,plant severely damaged,NA,NA,NA,NA,NA,NA,NA,NA,NA,NA,NA,NA,NA,NA,NA,NA,NA,NA,,,,,,,,,,,,,,,,,,,NA,NA,NA,NA,54.92,,2,2,0,1,,
F468,FP,468,VL,Wild,Mb,Mb,24,8,1,2,8,11,1,3,171,3,2,1,1,0,0,0,1,1,1,,0,0,0,0,0,0,0,0,0,0,,NA,NA,NA,NA,NA,NA,NA,NA,NA,NA,NA,NA,NA,NA,NA,NA,NA,NA,,,,,,,,,,,,,,,,,,,NA,NA,NA,NA,20.725,,2,2,0,1,,
F469,FP,469,VL,Wild,Mb,Mb,24,9,1,2,9,12,6,3,215,3,2,1,1,0,0,0,1,1,1,,0,0,0,0,0,0,0,0,0,0,,NA,NA,NA,NA,NA,NA,NA,NA,NA,NA,NA,NA,NA,NA,NA,NA,NA,NA,,,,,,,,,,,,,,,,,,,NA,NA,NA,NA,99.835,,2,1,1,0.5,,
F470,FP,470,VL,Wild,Mb,Mb,24,10,1,2,10,12,4,1,229,3,2,1,1,0,0,0,1,1,1,,0,0,0,0,0,0,0,0,0,0,,NA,NA,NA,NA,NA,NA,NA,NA,NA,NA,NA,NA,NA,NA,NA,NA,NA,NA,,,,,,,,,,,,,,,,,,,NA,NA,NA,NA,59.775,,2,1,1,0.5,,
F471,FP,471,VL,Wild,Mb,Mb,24,11,2,3,11,13,4,2,254,3,2,1,1,0,1,0,0,0,0,,1,0,0,0,0,0,0,0,0,0,,NA,NA,NA,NA,NA,NA,NA,NA,NA,NA,NA,NA,NA,NA,NA,NA,NA,NA,,,,,,,,,,,,,,,,,,,1.82,40.62,22.33,,12.918,,2,1,1,0.5,,
F472,FP,472,VL,Wild,Mb,Mb,24,12,2,3,12,13,1,4,268,3,2,1,1,0,1,0,0,0,0,,1,0,0,0,0,0,0,0,0,0,,NA,NA,NA,NA,NA,NA,NA,NA,NA,NA,NA,NA,NA,NA,NA,NA,NA,NA,,,,,,,,,,,,,,,,,,,1.93,40.59,20.98,,5.788,,2,2,0,1,0.9787,
F473,FP,473,VL,Wild,Mb,Mb,24,13,2,3,13,13,6,2,310,3,2,1,1,0,1,0,0,0,0,,1,0,0,0,0,0,0,0,0,0,,NA,NA,NA,NA,NA,NA,NA,NA,NA,NA,NA,NA,NA,NA,NA,NA,NA,NA,,,,,,,,,,,,,,,,,,,1.6,38.09,23.84,,7.22,,2,2,0,1,0.7494,
F474,FP,474,VL,Wild,Mb,Mb,24,14,2,3,14,14,1,2,314,3,2,1,1,0,1,0,0,0,0,,1,0,0,0,0,0,0,0,0,0,,NA,NA,NA,NA,NA,NA,NA,NA,NA,NA,NA,NA,NA,NA,NA,NA,NA,NA,,,,,,,,,,,,,,,,,,,1.93,40.21,20.84,,6.2975,,2,2,0,1,0.8784,
F475,FP,475,VL,Wild,Mb,Mb,24,15,2,3,15,14,2,4,344,3,2,1,1,0,1,0,1,1,0,,0,0,0,0,0,0,0,0,0,0,,NA,NA,NA,NA,NA,NA,NA,NA,NA,NA,NA,NA,NA,NA,NA,NA,NA,NA,,,,,,,,,,,,,,,,,,,2.27,41.04,18.06,,10.915,,2,2,0,1,,
F476,FP,476,VL,Wild,Mb,Mb,24,16,2,4,16,15,6,4,384,3,2,1,1,1,0,0,1,1,1,,0,0,0,0,0,0,0,0,0,0,,10.4,0.27,0.21,0.05,0.19,0,0.02,0,0,0.02,0,0,0.03,NA,NA,NA,NA,,,,,,,,,,,,,,,,,,,,NA,NA,NA,NA,7.312,,2,1,1,0.5,,
F477,FP,477,VL,Wild,Mb,Mb,24,17,2,4,17,15,3,4,396,3,2,1,1,1,0,0,1,1,1,,0,0,0,0,0,0,0,0,0,0,,9.7,0.69,0.62,0.06,0.32,0,0.25,0.02,0.03,0.05,0,0,0.01,NA,NA,NA,NA,,,,,,,,,,,,,,,,,,,,NA,NA,NA,NA,5.342,,2,1,1,0.5,,
F478,FP,478,VL,Wild,Mb,Mb,24,18,2,4,18,15,5,3,427,3,2,1,1,1,0,0,1,1,1,,0,0,0,0,0,0,0,0,0,0,,12.5,0.1,0.08,0.02,0.03,0,0.05,0,0,0.01,0,0,0.01,NA,NA,NA,NA,,,,,,,,,,,,,,,,,,,,NA,NA,NA,NA,8.1845,,2,2,0,1,,
F479,FP,479,VL,Wild,Mb,Mb,24,19,2,4,19,16,5,4,452,3,2,1,1,1,0,0,1,1,1,,0,0,0,0,0,0,0,0,0,0,,12.2,0.3,0.27,0.03,0.24,0,0.03,0,0,0.03,0,0,0,NA,NA,NA,NA,,,,,,,,,,,,,,,,,,,,NA,NA,NA,NA,8.4785,,2,2,0,1,,
F480,FP,480,VL,Wild,Mb,Mb,24,20,2,4,20,16,5,1,473,3,2,1,1,1,0,0,1,1,1,,0,0,0,0,0,0,0,0,0,0,,10.6,0.13,0.09,0.05,0,0,0.09,0,0,0.02,0,0,0.03,NA,NA,NA,NA,,,,,,,,,,,,,,,,,,,,NA,NA,NA,NA,10.8835,,2,2,0,1,,
F481,FP,481,RI,Cultivated,Mb,S,25,1,1,1,1,9,4,5,NA,NA,2,1,1,0,0,1,0,0,0,,1,0,0,0,0,0,0,0,0,0,,NA,NA,NA,NA,NA,NA,NA,NA,NA,NA,NA,NA,NA,NA,NA,NA,NA,NA,,,,,,,,,,,,,,,,,,,NA,NA,NA,NA,NA,NA,2,0,2,0,0.3575,
F482,FP,482,RI,Cultivated,Mb,S,25,2,1,1,3,9,1,5,NA,NA,2,1,1,0,0,1,0,0,0,,1,0,0,0,0,0,0,0,0,0,,NA,NA,NA,NA,NA,NA,NA,NA,NA,NA,NA,NA,NA,NA,NA,NA,NA,NA,,,,,,,,,,,,,,,,,,,NA,NA,NA,NA,24.7415,,2,2,0,1,0.3566,
F483,FP,483,RI,Cultivated,Mb,S,25,3,1,1,3,9,4,5,NA,NA,2,1,1,0,0,1,0,0,0,,1,0,0,0,0,0,0,0,0,0,plant severely damaged,NA,NA,NA,NA,NA,NA,NA,NA,NA,NA,NA,NA,NA,NA,NA,NA,NA,NA,,,,,,,,,,,,,,,,,,,NA,NA,NA,NA,19.8955,,2,2,0,1,0.3697,
F484,FP,484,RI,Cultivated,Mb,S,25,4,1,1,5,10,2,5,NA,NA,2,1,1,0,0,1,0,0,0,,1,0,0,0,0,0,0,0,0,0,,NA,NA,NA,NA,NA,NA,NA,NA,NA,NA,NA,NA,NA,NA,NA,NA,NA,NA,,,,,,,,,,,,,,,,,,,NA,NA,NA,NA,10.807,,2,2,0,1,0.5213,
F485,FP,485,RI,Cultivated,Mb,S,25,5,1,1,5,10,4,5,NA,NA,2,1,1,0,0,1,1,1,0,,0,0,0,0,0,0,1,0,0,0,soil very dry during rhizosphere collection,NA,NA,NA,NA,NA,NA,NA,NA,NA,NA,NA,NA,NA,NA,NA,NA,NA,NA,,,,,,,,,,,,,,,,,,,NA,NA,NA,NA,20.5535,,2,2,0,1,,
F486,FP,486,RI,Cultivated,Mb,S,25,6,1,2,6,11,6,5,NA,NA,2,1,1,0,0,0,1,1,1,,0,0,0,0,0,0,1,1,0,0,,NA,NA,NA,NA,NA,NA,NA,NA,NA,NA,NA,NA,NA,NA,NA,NA,NA,NA,,,,,,,,,,,,,,,,,,,NA,NA,NA,NA,13.7185,,2,2,0,1,,
F487,FP,487,RI,Cultivated,Mb,S,25,7,1,2,8,11,1,5,NA,NA,2,1,1,0,0,0,1,1,1,,0,0,0,0,0,0,1,1,0,0,,NA,NA,NA,NA,NA,NA,NA,NA,NA,NA,NA,NA,NA,NA,NA,NA,NA,NA,,,,,,,,,,,,,,,,,,,NA,NA,NA,NA,17.99,,2,1,1,0.5,,
F488,FP,488,RI,Cultivated,Mb,S,25,8,1,2,8,11,6,5,NA,NA,2,1,1,0,0,0,1,1,1,,0,0,0,0,0,0,1,1,0,0,,NA,NA,NA,NA,NA,NA,NA,NA,NA,NA,NA,NA,NA,NA,NA,NA,NA,NA,,,,,,,,,,,,,,,,,,,NA,NA,NA,NA,13.413,,2,2,0,1,,
F489,FP,489,RI,Cultivated,Mb,S,25,9,1,2,10,12,1,5,NA,NA,2,1,1,0,0,0,1,1,1,,0,0,0,0,0,0,1,1,0,0,,NA,NA,NA,NA,NA,NA,NA,NA,NA,NA,NA,NA,NA,NA,NA,NA,NA,NA,,,,,,,,,,,,,,,,,,,NA,NA,NA,NA,7.408,,2,1,1,0.5,,
F490,FP,490,RI,Cultivated,Mb,S,25,10,1,2,10,12,5,5,NA,NA,2,1,1,0,0,0,1,1,1,,0,0,0,0,0,0,0,1,0,0,,NA,NA,NA,NA,NA,NA,NA,NA,NA,NA,NA,NA,NA,NA,NA,NA,NA,NA,,,,,,,,,,,,,,,,,,,NA,NA,NA,NA,15.817,,2,2,0,1,,
F491,FP,491,RI,Cultivated,Mb,S,25,11,2,3,11,13,2,5,NA,NA,2,1,1,0,0,1,0,0,0,,1,0,0,0,0,1,0,0,0,0,,NA,NA,NA,NA,NA,NA,NA,NA,NA,NA,NA,NA,NA,NA,NA,NA,NA,NA,,,,,,,,,,,,,,,,,,,NA,NA,NA,NA,14.3775,,2,2,0,1,,
F492,FP,492,RI,Cultivated,Mb,S,25,12,2,3,13,13,1,5,NA,NA,2,1,1,0,0,1,0,0,0,,1,0,0,0,0,0,0,0,0,0,,NA,NA,NA,NA,NA,NA,NA,NA,NA,NA,NA,NA,NA,NA,NA,NA,NA,NA,,,,,,,,,,,,,,,,,,,NA,NA,NA,NA,5.47,,2,1,1,0.5,0.6314,
F493,FP,493,RI,Cultivated,Mb,S,25,13,2,3,14,14,4,5,NA,NA,2,1,1,0,0,1,0,0,0,,1,0,0,0,0,0,0,0,0,0,,NA,NA,NA,NA,NA,NA,NA,NA,NA,NA,NA,NA,NA,NA,NA,NA,NA,NA,,,,,,,,,,,,,,,,,,,NA,NA,NA,NA,5.989,,2,2,0,1,0.3628,
F494,FP,494,RI,Cultivated,Mb,S,25,14,2,3,15,14,2,5,NA,NA,2,1,1,0,0,1,0,0,0,,1,0,0,0,0,0,0,0,0,0,,NA,NA,NA,NA,NA,NA,NA,NA,NA,NA,NA,NA,NA,NA,NA,NA,NA,NA,,,,,,,,,,,,,,,,,,,NA,NA,NA,NA,20.7935,,2,2,0,1,0.5292,
F495,FP,495,RI,Cultivated,Mb,S,25,15,2,3,15,14,4,5,NA,NA,2,1,1,0,0,1,1,1,0,,0,0,0,0,0,0,1,1,0,0,,NA,NA,NA,NA,NA,NA,NA,NA,NA,NA,NA,NA,NA,NA,NA,NA,NA,NA,,,,,,,,,,,,,,,,,,,NA,NA,NA,NA,15.737,,2,2,0,1,,
F496,FP,496,RI,Cultivated,Mb,S,25,16,2,4,16,15,2,5,NA,NA,2,1,1,0,0,1,1,1,1,,0,0,0,0,0,0,1,1,0,0,,NA,NA,NA,NA,NA,NA,NA,NA,NA,NA,NA,NA,NA,NA,NA,NA,NA,NA,,,,,,,,,,,,,,,,,,,NA,NA,NA,NA,16.367,,2,2,0,1,,
F497,FP,497,RI,Cultivated,Mb,S,25,17,2,4,16,15,5,5,NA,NA,2,1,1,0,0,1,1,1,1,,0,0,0,0,0,0,1,1,0,0,One caterpillar added because one caterpillar did not survive infestion the day before.,NA,NA,NA,NA,NA,NA,NA,NA,NA,NA,NA,NA,NA,NA,NA,NA,NA,NA,,,,,,,,,,,,,,,,,,,NA,NA,NA,NA,5.2025,,2,2,0,1,,
F498,FP,498,RI,Cultivated,Mb,S,25,18,2,4,18,15,4,5,NA,NA,2,1,1,0,0,1,1,1,1,,0,0,0,0,0,0,1,1,0,0,,NA,NA,NA,NA,NA,NA,NA,NA,NA,NA,NA,NA,NA,NA,NA,NA,NA,NA,,,,,,,,,,,,,,,,,,,NA,NA,NA,NA,3.505,,2,2,0,1,,
F499,FP,499,RI,Cultivated,Mb,S,25,19,2,4,18,15,5,5,NA,NA,2,1,1,0,0,1,1,1,1,,0,0,0,0,0,0,1,1,0,0,,NA,NA,NA,NA,NA,NA,NA,NA,NA,NA,NA,NA,NA,NA,NA,NA,NA,NA,,,,,,,,,,,,,,,,,,,NA,NA,NA,NA,3.121,,2,1,1,0.5,,
F500,FP,500,RI,Cultivated,Mb,S,25,20,2,4,20,16,3,5,NA,NA,2,1,1,0,0,1,1,1,1,,0,0,0,0,0,0,1,1,0,0,,NA,NA,NA,NA,NA,NA,NA,NA,NA,NA,NA,NA,NA,NA,NA,NA,NA,NA,,,,,,,,,,,,,,,,,,,NA,NA,NA,NA,6.905,,2,2,0,1,,
F501,FP,501,RI,Cultivated,Mb,Co,19,21,2,3,11,13,5,4,260,0,2,1,1,1,0,0,0,0,0,,1,0,0,0,0,0,0,0,0,0,,15.9,0.04,0.02,0.03,0,0,0.02,0,0,0.01,0.02,0,0,NA,NA,NA,NA,,,,,,,,,,,,,,,,,,,,NA,NA,NA,NA,12.0165,,2,2,0,1,0.745,
F502,FP,502,RI,Cultivated,Mb,Co,19,22,2,3,12,13,3,2,274,0,2,1,1,1,0,0,0,0,0,,1,0,0,0,0,0,0,0,0,0,,16.6,0.05,0.01,0.04,0,0,0.01,0,0,0.01,0.03,0,0,NA,NA,NA,NA,,,,,,,,,,,,,,,,,,,,NA,NA,NA,NA,12.1225,,2,2,0,1,0.4776,
F503,FP,503,RI,Cultivated,Mb,Co,19,23,2,3,13,13,6,3,311,0,2,1,1,1,0,0,0,0,0,,1,0,0,0,0,0,0,0,0,0,Leaf broke during herbivore infestation,20,0.04,0.01,0.02,0,0,0.01,0,0,0,0.02,0,0,NA,NA,NA,NA,Leaf broke during herbivore infestation,,,,,,,,,,,,,,,,,,,NA,NA,NA,NA,3.4915,,2,2,0,1,0.5485,
F504,FP,504,RI,Cultivated,Mb,Co,19,24,2,3,14,14,4,1,325,0,2,1,1,1,0,0,0,0,0,,1,0,0,0,0,0,0,0,0,0,,15.4,0.12,0.07,0.05,0.06,0,0.01,0,0,0.02,0.03,0,0,NA,NA,NA,NA,,,,,,,,,,,,,,,,,,,,NA,NA,NA,NA,7.4025,,2,2,0,1,0.5802,
F505,FP,505,RI,Cultivated,Mb,Co,19,25,2,3,15,14,5,3,355,0,2,1,1,1,0,0,0,0,0,,1,0,0,0,0,0,0,0,0,0,,17.9,0.24,0.21,0.04,0,0,0.21,0,0,0.01,0.02,0,0.01,NA,NA,NA,NA,,,,,,,,,,,,,,,,,,,,NA,NA,NA,NA,4.918,,2,2,0,1,0.7147,
F506,FP,506,RI,Cultivated,Mb,Co,19,26,2,4,16,15,3,3,371,0,2,1,1,0,1,0,0,0,0,,1,0,0,0,0,0,0,0,0,0,,NA,NA,NA,NA,NA,NA,NA,NA,NA,NA,NA,NA,NA,NA,NA,NA,NA,NA,,,,,,,,,,,,,,,,,,,1.32,38.82,29.4,,7.320333333,,2,2,0,1,0.4281,
F507,FP,507,RI,Cultivated,Mb,Co,19,27,2,4,17,15,5,1,401,0,2,1,1,0,1,0,0,0,0,,1,0,0,0,0,0,0,0,0,0,,NA,NA,NA,NA,NA,NA,NA,NA,NA,NA,NA,NA,NA,NA,NA,NA,NA,NA,,,,,,,,,,,,,,,,,,,1.48,39.05,26.34,,5.9505,,2,2,0,1,0.6436,
F508,FP,508,RI,Cultivated,Mb,Co,19,28,2,4,18,15,4,4,424,0,2,1,1,0,1,0,0,0,0,,1,0,0,0,0,0,0,0,0,0,,NA,NA,NA,NA,NA,NA,NA,NA,NA,NA,NA,NA,NA,NA,NA,NA,NA,NA,,,,,,,,,,,,,,,,,,,1.33,38.83,29.15,,4.972,,2,1,1,0.5,0.4341,
F509,FP,509,RI,Cultivated,Mb,Co,19,29,2,4,19,16,6,1,453,0,2,1,1,0,1,0,0,0,0,,1,0,0,0,0,0,0,0,0,0,,NA,NA,NA,NA,NA,NA,NA,NA,NA,NA,NA,NA,NA,NA,NA,NA,NA,NA,,,,,,,,,,,,,,,,,,,1.35,38.26,28.34,,8.051,,2,2,0,1,0.413,
F510,FP,510,RI,Cultivated,Mb,Co,19,30,2,4,20,16,2,4,464,0,2,1,1,0,1,0,0,0,0,,1,0,0,0,0,0,0,0,0,0,,NA,NA,NA,NA,NA,NA,NA,NA,NA,NA,NA,NA,NA,NA,NA,NA,NA,NA,,,,,,,,,,,,,,,,,,,1.72,38.86,22.58,,3.723333333,,3,3,0,1,0.4212,
F511,FP,511,RI,Cultivated,Mb,Mb,20,21,2,3,11,13,3,3,251,3,2,1,1,1,0,0,0,0,0,,1,0,0,0,0,0,0,0,0,0,,18.5,0.24,0.11,0.14,0,0.02,0.08,0,0.01,0.1,0.04,0,0,NA,NA,NA,NA,,,,,,,,,,,,,,,,,,,,NA,NA,NA,NA,4.359,,2,2,0,1,0.4504,
F512,FP,512,RI,Cultivated,Mb,Mb,20,22,2,3,12,13,1,2,266,3,2,1,1,1,0,0,0,0,0,,1,0,0,0,0,0,0,0,0,0,,15.8,0.2,0.13,0.07,0,0,0.11,0,0.02,0.02,0.04,0,0.01,NA,NA,NA,NA,,,,,,,,,,,,,,,,,,,,NA,NA,NA,NA,10.457,,2,2,0,1,0.3867,
F513,FP,513,RI,Cultivated,Mb,Mb,20,23,2,3,13,13,5,1,305,3,2,1,1,1,0,0,0,0,0,,1,0,0,0,0,0,0,0,0,0,,16.5,1.12,0.22,0.89,0,0.08,0.14,0,0,0.87,0.02,0,0,NA,NA,NA,NA,,,,,,,,,,,,,,,,,,,,NA,NA,NA,NA,4.833,,2,2,0,1,0.3649,
F514,FP,514,RI,Cultivated,Mb,Mb,20,24,2,3,14,14,6,3,335,3,2,1,1,1,0,0,0,0,0,,1,0,0,0,0,0,0,0,0,0,,20.1,0.04,0,0.04,0,0,0,0,0,0,0.03,0,0.01,NA,NA,NA,NA,,,,,,,,,,,,,,,,,,,,NA,NA,NA,NA,3.329,,2,1,1,0.5,0.5892,
F515,FP,515,RI,Cultivated,Mb,Mb,20,25,2,3,15,14,2,3,343,3,2,1,1,1,0,0,0,0,0,,1,0,0,0,0,0,0,0,0,0,,17,0.07,0,0.07,0,0,0,0,0,0.04,0.03,0,0,NA,NA,NA,NA,,,,,,,,,,,,,,,,,,,,NA,NA,NA,NA,4.6745,,2,2,0,1,0.3758,
F516,FP,516,RI,Cultivated,Mb,Mb,20,26,2,4,16,15,4,3,375,3,2,1,1,0,1,0,0,0,0,,1,0,0,0,0,0,0,0,0,0,,NA,NA,NA,NA,NA,NA,NA,NA,NA,NA,NA,NA,NA,NA,NA,NA,NA,NA,,,,,,,,,,,,,,,,,,,1.38,38.07,27.54,,11.903,,2,1,1,0.5,0.5911,
F517,FP,517,RI,Cultivated,Mb,Mb,20,27,2,4,17,15,2,1,389,3,2,1,1,0,1,0,0,0,0,,1,0,0,0,0,0,0,0,0,0,,NA,NA,NA,NA,NA,NA,NA,NA,NA,NA,NA,NA,NA,NA,NA,NA,NA,NA,,,,,,,,,,,,,,,,,,,1.6,38.68,24.15,,4.705333333,,3,3,0,1,0.439,
F518,FP,518,RI,Cultivated,Mb,Mb,20,28,2,4,18,15,6,4,432,3,2,1,1,0,1,0,0,0,0,,1,0,0,0,0,0,0,0,0,0,,NA,NA,NA,NA,NA,NA,NA,NA,NA,NA,NA,NA,NA,NA,NA,NA,NA,NA,,,,,,,,,,,,,,,,,,,1.62,38.25,23.56,,3.6005,,2,2,0,1,0.4076,
F519,FP,519,RI,Cultivated,Mb,Mb,20,29,2,4,19,16,4,1,445,3,2,1,1,0,1,0,0,0,0,,1,0,0,0,0,0,0,0,0,0,,NA,NA,NA,NA,NA,NA,NA,NA,NA,NA,NA,NA,NA,NA,NA,NA,NA,NA,,,,,,,,,,,,,,,,,,,1.31,38.33,29.2,,10.318,,2,1,1,0.5,0.4056,
F520,FP,520,RI,Cultivated,Mb,Mb,20,30,2,4,20,16,3,1,465,3,2,1,1,0,1,0,0,0,0,,1,0,0,0,0,0,0,0,0,0,,NA,NA,NA,NA,NA,NA,NA,NA,NA,NA,NA,NA,NA,NA,NA,NA,NA,NA,,,,,,,,,,,,,,,,,,,1.41,38.52,27.24,,4.408,,2,1,1,0.5,0.5934,
F521,FP,521,RI,Cultivated,Mb,Mb,20,31,2,3,11,13,3,5,NA,3,2,1,0,0,0,0,1,1,1,,0,0,1,1,1,1,0,0,0,1,,NA,NA,NA,NA,NA,NA,NA,NA,NA,NA,NA,NA,NA,NA,NA,NA,NA,NA,,,,,,,,,,,,,,,,,,,NA,NA,NA,NA,6.391,,2,1,1,0.5,,
F522,FP,522,RI,Cultivated,Co,Mb,20,32,2,3,11,13,4,5,NA,3,0,1,0,0,0,0,1,1,1,,0,0,1,0,1,0,1,1,1,0,,NA,NA,NA,NA,NA,NA,NA,NA,NA,NA,NA,NA,NA,NA,NA,NA,NA,NA,,,,,,,,,,,,,,,,,,,NA,NA,NA,NA,NA,NA,NA,,,,,
F523,FP,523,RI,Cultivated,Co,Mb,20,33,2,3,13,13,2,5,NA,3,0,1,0,0,0,0,1,1,1,,0,0,1,0,1,0,1,1,1,0,plant has not much roots during rhizosphere collection,NA,NA,NA,NA,NA,NA,NA,NA,NA,NA,NA,NA,NA,NA,NA,NA,NA,NA,,,,,,,,,,,,,,,,,,,NA,NA,NA,NA,NA,NA,NA,,,,,
F524,FP,524,RI,Cultivated,Mb,Mb,20,34,2,3,15,14,3,5,NA,3,2,1,0,0,0,0,1,1,1,,0,0,1,1,1,0,1,1,1,1,,NA,NA,NA,NA,NA,NA,NA,NA,NA,NA,NA,NA,NA,NA,NA,NA,NA,NA,,,,,,,,,,,,,,,,,,,NA,NA,NA,NA,11.274,,2,1,1,0.5,,
F525,FP,525,RI,Cultivated,Co,Mb,20,35,2,3,15,14,6,5,NA,3,0,1,0,0,0,0,1,1,1,,0,0,1,0,1,0,1,1,1,0,,NA,NA,NA,NA,NA,NA,NA,NA,NA,NA,NA,NA,NA,NA,NA,NA,NA,NA,,,,,,,,,,,,,,,,,,,NA,NA,NA,NA,NA,NA,NA,,,,,
F526,FP,526,RI,Cultivated,Co,Mb,20,36,2,4,16,15,1,5,NA,3,0,1,0,0,0,0,1,1,1,,0,0,1,0,1,0,1,1,1,0,,NA,NA,NA,NA,NA,NA,NA,NA,NA,NA,NA,NA,NA,NA,NA,NA,NA,NA,,,,,,,,,,,,,,,,,,,NA,NA,NA,NA,NA,NA,NA,,,,,
F527,FP,527,RI,Cultivated,Co,Mb,20,37,2,4,16,15,6,5,NA,3,0,1,0,0,0,0,1,1,1,,0,0,1,0,1,0,1,1,1,0,,NA,NA,NA,NA,NA,NA,NA,NA,NA,NA,NA,NA,NA,NA,NA,NA,NA,NA,,,,,,,,,,,,,,,,,,,NA,NA,NA,NA,NA,NA,NA,,,,,
F528,FP,528,RI,Cultivated,Co,Mb,20,38,2,4,18,15,6,5,NA,3,0,1,0,0,0,0,1,1,1,,0,0,1,0,1,0,1,1,1,0,,NA,NA,NA,NA,NA,NA,NA,NA,NA,NA,NA,NA,NA,NA,NA,NA,NA,NA,,,,,,,,,,,,,,,,,,,NA,NA,NA,NA,NA,NA,NA,,,,,
F529,FP,529,RI,Cultivated,Co,Mb,20,39,2,4,20,16,2,5,NA,3,0,1,0,0,0,0,1,1,1,,0,0,1,0,1,0,1,1,0,0,,NA,NA,NA,NA,NA,NA,NA,NA,NA,NA,NA,NA,NA,NA,NA,NA,NA,NA,,,,,,,,,,,,,,,,,,,NA,NA,NA,NA,NA,NA,NA,,,,,
F530,FP,530,RI,Cultivated,Mb,Mb,20,40,2,4,20,16,4,5,NA,3,2,1,0,0,0,0,1,1,1,,0,0,1,1,1,0,1,1,1,1,Small hole in leaf just before herbivore infestation,NA,NA,NA,NA,NA,NA,NA,NA,NA,NA,NA,NA,NA,NA,NA,NA,NA,NA,,,,,,,,,,,,,,,,,,,NA,NA,NA,NA,4.53,,2,1,1,0.5,,
F531,FP,531,RI,Cultivated,Mb,Co,19,31,2,3,11,13,1,5,NA,3,2,1,0,0,0,0,0,0,0,,0,0,1,1,1,1,0,0,0,0,,NA,NA,NA,NA,NA,NA,NA,NA,NA,NA,NA,NA,NA,NA,NA,NA,NA,NA,,,,,,,,,,,,,,,,,,,NA,NA,NA,NA,4.31,,2,1,1,0.5,,
F532,FP,532,RI,Cultivated,Co,Co,19,32,2,3,11,13,5,5,NA,3,0,1,0,0,0,0,1,1,1,,0,0,1,0,1,0,1,1,1,0,,NA,NA,NA,NA,NA,NA,NA,NA,NA,NA,NA,NA,NA,NA,NA,NA,NA,NA,,,,,,,,,,,,,,,,,,,NA,NA,NA,NA,NA,NA,NA,,,,,
F533,FP,533,RI,Cultivated,Co,Co,19,33,2,3,13,13,5,5,NA,3,0,1,0,0,0,0,1,1,1,,0,0,1,0,1,0,1,1,1,0,Leaf broke during herbivore infestation,NA,NA,NA,NA,NA,NA,NA,NA,NA,NA,NA,NA,NA,NA,NA,NA,NA,NA,,,,,,,,,,,,,,,,,,,NA,NA,NA,NA,NA,NA,NA,,,,,
F534,FP,534,RI,Cultivated,Mb,Co,19,34,2,3,13,13,6,5,NA,3,2,1,0,0,0,0,1,1,1,,0,0,1,1,1,0,1,1,1,1,,NA,NA,NA,NA,NA,NA,NA,NA,NA,NA,NA,NA,NA,NA,NA,NA,NA,NA,,,,,,,,,,,,,,,,,,,NA,NA,NA,NA,NA,NA,NA,,,,,
F535,FP,535,RI,Cultivated,Mb,Co,19,35,2,3,15,14,1,5,NA,3,2,1,0,0,0,0,0,0,0,,0,0,0,0,0,0,0,NA,NA,NA,,NA,NA,NA,NA,NA,NA,NA,NA,NA,NA,NA,NA,NA,NA,NA,NA,NA,NA,,,,,,,,,,,,,,,,,,,NA,NA,NA,NA,NA,NA,NA,,,,,
F536,FP,536,RI,Cultivated,Co,Co,19,36,2,4,16,15,4,5,NA,3,0,1,0,0,0,0,1,1,1,,0,0,1,0,1,0,1,1,1,0,,NA,NA,NA,NA,NA,NA,NA,NA,NA,NA,NA,NA,NA,NA,NA,NA,NA,NA,,,,,,,,,,,,,,,,,,,NA,NA,NA,NA,NA,NA,NA,,,,,
F537,FP,537,RI,Cultivated,Mb,Co,19,37,2,4,18,15,1,5,NA,3,2,1,0,0,0,0,0,0,0,,0,0,0,0,0,0,0,NA,NA,NA,,NA,NA,NA,NA,NA,NA,NA,NA,NA,NA,NA,NA,NA,NA,NA,NA,NA,NA,,,,,,,,,,,,,,,,,,,NA,NA,NA,NA,NA,NA,NA,,,,,
F538,FP,538,RI,Cultivated,Co,Co,19,38,2,4,18,15,3,5,NA,3,0,1,0,0,0,0,1,1,1,,0,0,1,0,1,0,1,1,1,0,,NA,NA,NA,NA,NA,NA,NA,NA,NA,NA,NA,NA,NA,NA,NA,NA,NA,NA,,,,,,,,,,,,,,,,,,,NA,NA,NA,NA,NA,NA,NA,,,,,
F539,FP,539,RI,Cultivated,Mb,Co,19,39,2,4,20,16,1,5,NA,3,2,1,0,0,0,0,1,1,1,,0,0,1,1,1,0,1,1,1,1,,NA,NA,NA,NA,NA,NA,NA,NA,NA,NA,NA,NA,NA,NA,NA,NA,NA,NA,,,,,,,,,,,,,,,,,,,NA,NA,NA,NA,7.396,,2,1,1,0.5,,
F540,FP,540,RI,Cultivated,Mb,Co,19,40,2,4,20,16,5,5,NA,3,2,1,0,0,0,0,1,1,1,,0,0,1,1,1,0,1,1,1,1,,NA,NA,NA,NA,NA,NA,NA,NA,NA,NA,NA,NA,NA,NA,NA,NA,NA,NA,,,,,,,,,,,,,,,,,,,NA,NA,NA,NA,NA,NA,NA,,,,,
FE1,FP,E1,CD,Cultivated,Mb,Co,1,E1,1,2,10,12,4,7,NA,0,2,1,1,0,0,0,0,0,0,,1,0,0,0,0,0,0,0,0,0,,NA,NA,NA,NA,NA,NA,NA,NA,NA,NA,NA,NA,NA,NA,NA,NA,NA,NA,,,,,,,,,,,,,,,,,,,NA,NA,NA,NA,44.938,,2,1,1,0.5,0.9739,
FE103,FP,E103,RI,Cultivated,Mb,Mb,20,E103,1,2,10,12,5,6,NA,3,2,1,1,0,0,0,1,1,1,,0,0,1,1,1,0,0,0,0,0,One caterpillar added because one caterpillar did not survive infestion the day before.,NA,NA,NA,NA,NA,NA,NA,NA,NA,NA,NA,NA,NA,NA,NA,NA,NA,NA,,,,,,,,,,,,,,,,,,,NA,NA,NA,NA,30.335,,2,2,0,1,0.2359,
FE104,FP,E104,RI,Cultivated,Mb,Mb,20,E104,2,4,20,16,2,7,NA,3,2,1,0,0,0,0,1,1,1,,0,0,1,1,1,0,1,1,1,1,,NA,NA,NA,NA,NA,NA,NA,NA,NA,NA,NA,NA,NA,NA,NA,NA,NA,NA,,,,,,,,,,,,,,,,,,,NA,NA,NA,NA,4.019,,2,1,1,0.5,,
FE109,FP,E109,OH,Wild,Mb,Co,17,E109,1,2,10,12,3,7,NA,0,2,1,1,0,0,0,0,0,0,,1,0,0,0,0,0,0,0,0,0,,NA,NA,NA,NA,NA,NA,NA,NA,NA,NA,NA,NA,NA,NA,NA,NA,NA,NA,,,,,,,,,,,,,,,,,,,NA,NA,NA,NA,2.447,,2,1,1,0.5,0.7698,
FE110,FP,E110,OH,Wild,Mb,Co,17,E110,2,4,20,16,5,6,NA,0,2,1,1,0,0,0,0,0,0,,0,0,0,0,0,0,0,0,0,0,,NA,NA,NA,NA,NA,NA,NA,NA,NA,NA,NA,NA,NA,NA,NA,NA,NA,NA,,,,,,,,,,,,,,,,,,,NA,NA,NA,NA,4.855,,2,1,1,0.5,,
FE115,FP,E115,OH,Wild,Mb,Mb,18,E115,1,1,5,10,2,6,NA,8,2,1,0,0,0,0,0,0,0,,0,0,0,0,0,0,0,0,0,0,,NA,NA,NA,NA,NA,NA,NA,NA,NA,NA,NA,NA,NA,NA,NA,NA,NA,NA,,,,,,,,,,,,,,,,,,,NA,NA,NA,NA,0.915,,2,1,1,0.5,,NA
FE116,FP,E116,OH,Wild,Mb,Mb,18,E116,2,3,15,14,3,7,NA,8,2,1,1,0,0,0,0,0,0,,0,0,0,0,0,0,0,0,0,0,,NA,NA,NA,NA,NA,NA,NA,NA,NA,NA,NA,NA,NA,NA,NA,NA,NA,NA,,,,,,,,,,,,,,,,,,,NA,NA,NA,NA,4.185,,2,0,2,0,,
FE121,FP,E121,KI,Wild,Mb,Co,13,E121,1,1,5,10,3,7,NA,0,2,1,1,0,0,0,0,0,0,,1,0,0,0,0,0,0,0,0,0,,NA,NA,NA,NA,NA,NA,NA,NA,NA,NA,NA,NA,NA,NA,NA,NA,NA,NA,,,,,,,,,,,,,,,,,,,NA,NA,NA,NA,4.6305,,2,2,0,1,0.2724,labeled as E21 Ki_C1
FE122,FP,E122,KI,Wild,Mb,Co,13,E122,2,3,15,14,5,6,NA,0,2,1,1,0,0,1,0,0,0,,1,0,0,0,0,0,0,0,0,0,,NA,NA,NA,NA,NA,NA,NA,NA,NA,NA,NA,NA,NA,NA,NA,NA,NA,NA,,,,,,,,,,,,,,,,,,,NA,NA,NA,NA,5.969,,2,1,1,0.5,0.3447,
FE127,FP,E127,KI,Wild,Mb,Mb,14,E127,1,1,5,10,5,6,NA,4,2,1,1,0,0,0,0,0,0,,1,0,0,0,0,0,0,0,0,0,hole in leaf (mechanical damage) before herbivore infestation,NA,NA,NA,NA,NA,NA,NA,NA,NA,NA,NA,NA,NA,NA,NA,NA,NA,NA,,,,,,,,,,,,,,,,,,,NA,NA,NA,NA,3.326,,2,1,1,0.5,0.6587,
FE128,FP,E128,KI,Wild,Mb,Mb,14,E128,2,3,15,14,4,7,NA,4,1,1,1,0,0,1,0,0,0,,1,0,0,0,0,0,0,0,0,0,plant was small and only infested with 1 caterpillar,NA,NA,NA,NA,NA,NA,NA,NA,NA,NA,NA,NA,NA,NA,NA,NA,NA,NA,,,,,,,,,,,,,,,,,,,NA,NA,NA,NA,8.239,,1,1,0,1,0.2851,labeled as KI_Mb (nummer unkown)
FE13,FP,E13,DD,Wild,Mb,Co,3,E13,1,1,5,10,6,6,NA,0,2,1,1,0,0,0,0,0,0,,1,0,0,0,0,0,0,0,0,0,,NA,NA,NA,NA,NA,NA,NA,NA,NA,NA,NA,NA,NA,NA,NA,NA,NA,NA,,,,,,,,,,,,,,,,,,,NA,NA,NA,NA,NA,NA,2,0,2,0,0.6583,
FE134,FP,E134,MC,Cultivated,Mb,Co,21,E134,2,3,15,14,4,6,NA,0,2,1,1,0,0,0,0,0,0,,1,0,0,0,0,0,0,0,0,0,,NA,NA,NA,NA,NA,NA,NA,NA,NA,NA,NA,NA,NA,NA,NA,NA,NA,NA,,,,,,,,,,,,,,,,,,,NA,NA,NA,NA,11.3145,,2,2,0,1,0.164,
FE139,FP,E139,MC,Cultivated,Mb,Mb,22,E139,1,1,5,10,4,7,NA,4,2,1,1,0,0,0,0,0,0,,1,0,0,0,0,0,0,0,0,0,,NA,NA,NA,NA,NA,NA,NA,NA,NA,NA,NA,NA,NA,NA,NA,NA,NA,NA,,,,,,,,,,,,,,,,,,,NA,NA,NA,NA,28.419,,2,1,1,0.5,0.2277,
FE14,FP,E14,DD,Wild,Mb,Co,3,E14,2,4,20,16,1,7,NA,0,2,1,1,0,0,0,0,0,0,,0,0,0,0,0,0,0,0,0,0,,NA,NA,NA,NA,NA,NA,NA,NA,NA,NA,NA,NA,NA,NA,NA,NA,NA,NA,,,,,,,,,,,,,,,,,,,NA,NA,NA,NA,NA,NA,2,0,2,0,,
FE140,FP,E140,MC,Cultivated,Mb,Mb,22,E140,2,4,20,16,6,7,NA,4,2,1,1,0,0,0,0,0,0,,1,0,0,0,0,0,0,0,0,0,,NA,NA,NA,NA,NA,NA,NA,NA,NA,NA,NA,NA,NA,NA,NA,NA,NA,NA,,,,,,,,,,,,,,,,,,,NA,NA,NA,NA,8.3395,,2,2,0,1,0.2449,
FE145,FP,E145,RI,Cultivated,Mb,S,25,E145,1,2,10,12,6,6,NA,NA,2,1,1,0,0,0,0,0,0,,1,0,0,0,0,0,0,0,0,0,,NA,NA,NA,NA,NA,NA,NA,NA,NA,NA,NA,NA,NA,NA,NA,NA,NA,NA,,,,,,,,,,,,,,,,,,,NA,NA,NA,NA,NA,NA,2,0,2,0,,
FE146,FP,E146,RI,Cultivated,Mb,S,25,E146,2,4,20,16,3,5,NA,NA,2,0,0,0,0,0,0,0,0,,1,0,0,0,0,0,0,0,0,0,,NA,NA,NA,NA,NA,NA,NA,NA,NA,NA,NA,NA,NA,NA,NA,NA,NA,NA,,,,,,,,,,,,,,,,,,,NA,NA,NA,NA,23.406,,2,1,1,0.5,0.4121,pot was not labeled but very sertain that it was this sample
FE19,FP,E19,DD,Wild,Mb,Mb,4,E19,1,1,5,10,5,7,NA,0,2,1,1,0,0,0,0,0,0,,1,0,0,0,0,0,0,0,0,0,,NA,NA,NA,NA,NA,NA,NA,NA,NA,NA,NA,NA,NA,NA,NA,NA,NA,NA,,,,,,,,,,,,,,,,,,,NA,NA,NA,NA,1.664,,2,1,1,0.5,0.5809,
FE2,FP,E2,CD,Cultivated,Mb,Co,1,E2,2,3,15,14,2,7,NA,0,2,1,1,0,0,0,0,0,0,,1,0,0,0,0,0,0,0,0,0,One leaf broke,NA,NA,NA,NA,NA,NA,NA,NA,NA,NA,NA,NA,NA,NA,NA,NA,NA,NA,,,,,,,,,,,,,,,,,,,NA,NA,NA,NA,2.8985,,2,2,0,1,0.729,
FE20,FP,E20,DD,Wild,Mb,Mb,4,E20,2,3,15,14,6,7,NA,0,2,1,1,0,0,0,0,0,0,,0,0,0,0,0,0,0,0,0,0,,NA,NA,NA,NA,NA,NA,NA,NA,NA,NA,NA,NA,NA,NA,NA,NA,NA,NA,,,,,,,,,,,,,,,,,,,NA,NA,NA,NA,5.663,,2,1,1,0.5,,
FE25,FP,E25,GO1,Cultivated,Mb,Co,5,E25,1,1,5,10,6,2,NA,0,2,1,1,0,0,0,0,0,0,,1,0,0,0,0,0,0,0,0,0,,NA,NA,NA,NA,NA,NA,NA,NA,NA,NA,NA,NA,NA,NA,NA,NA,NA,NA,,,,,,,,,,,,,,,,,,,NA,NA,NA,NA,23.016,,2,1,1,0.5,0.1447,
FE26,FP,E26,GO1,Cultivated,Mb,Co,5,E26,2,3,15,14,1,6,NA,0,1,1,1,0,0,0,0,0,0,,1,0,0,0,0,0,0,0,0,0,plant was small and only infested with 1 caterpillar,NA,NA,NA,NA,NA,NA,NA,NA,NA,NA,NA,NA,NA,NA,NA,NA,NA,NA,,,,,,,,,,,,,,,,,,,NA,NA,NA,NA,12.312,,1,1,0,1,0.035,
FE31,FP,E31,GO1,Cultivated,Mb,Mb,6,E31,1,1,5,10,1,6,NA,4,2,1,1,0,0,0,0,0,0,,1,0,0,0,0,0,0,0,0,0,,NA,NA,NA,NA,NA,NA,NA,NA,NA,NA,NA,NA,NA,NA,NA,NA,NA,NA,,,,,,,,,,,,,,,,,,,NA,NA,NA,NA,21.3995,,2,2,0,1,,
FE37,FP,E37,HE,Wild,Mb,Co,7,E37,1,1,5,10,6,7,NA,0,2,1,1,0,0,0,0,0,0,,1,0,0,0,0,0,0,0,0,0,,NA,NA,NA,NA,NA,NA,NA,NA,NA,NA,NA,NA,NA,NA,NA,NA,NA,NA,,,,,,,,,,,,,,,,,,,NA,NA,NA,NA,30.547,,2,1,1,0.5,0.6834,
FE38,FP,E38,HE,Wild,Mb,Co,7,E38,2,3,15,14,5,7,NA,0,2,1,1,0,0,1,0,0,0,,1,0,0,0,0,0,0,0,0,0,,NA,NA,NA,NA,NA,NA,NA,NA,NA,NA,NA,NA,NA,NA,NA,NA,NA,NA,,,,,,,,,,,,,,,,,,,NA,NA,NA,NA,5.485,,2,1,1,0.5,0.5452,
FE43,FP,E43,HE,Wild,Mb,Mb,8,E43,1,2,10,12,1,7,NA,6,2,1,1,0,0,0,0,0,0,,1,0,0,0,0,0,0,0,0,0,,NA,NA,NA,NA,NA,NA,NA,NA,NA,NA,NA,NA,NA,NA,NA,NA,NA,NA,,,,,,,,,,,,,,,,,,,NA,NA,NA,NA,9.589,,2,2,0,1,0.4831,
FE44,FP,E44,HE,Wild,Mb,Mb,8,E44,2,3,15,14,6,6,NA,6,2,1,1,0,0,1,0,0,0,,1,0,0,0,0,0,0,0,0,0,,NA,NA,NA,NA,NA,NA,NA,NA,NA,NA,NA,NA,NA,NA,NA,NA,NA,NA,,,,,,,,,,,,,,,,,,,NA,NA,NA,NA,5.511,,2,1,1,0.5,0.4263,
FE49,FP,E49,HM,Cultivated,Mb,Co,9,E49,1,1,5,10,3,6,NA,0,2,1,1,0,0,0,0,0,0,,1,0,0,0,0,0,0,0,0,0,,NA,NA,NA,NA,NA,NA,NA,NA,NA,NA,NA,NA,NA,NA,NA,NA,NA,NA,,,,,,,,,,,,,,,,,,,NA,NA,NA,NA,41.881,,2,1,1,0.5,0.8032,
FE50,FP,E50,HM,Cultivated,Mb,Co,9,E50,2,3,15,14,2,6,NA,0,2,1,1,0,0,0,0,0,0,,1,0,0,0,0,0,0,0,0,0,,NA,NA,NA,NA,NA,NA,NA,NA,NA,NA,NA,NA,NA,NA,NA,NA,NA,NA,,,,,,,,,,,,,,,,,,,NA,NA,NA,NA,6.214,,2,2,0,1,0.4099,
FE55,FP,E55,HM,Cultivated,Mb,Mb,10,E55,1,1,5,10,2,7,NA,2,2,1,1,0,0,0,0,0,0,,1,0,0,0,0,0,0,0,0,0,Some leaf damage/callus during herbivore infestation,NA,NA,NA,NA,NA,NA,NA,NA,NA,NA,NA,NA,NA,NA,NA,NA,NA,NA,,,,,,,,,,,,,,,,,,,NA,NA,NA,NA,64.9925,,2,2,0,1,0.6529,
FE56,FP,E56,HM,Cultivated,Mb,Mb,10,E56,2,4,20,16,4,6,NA,2,2,1,1,0,0,0,0,0,0,,1,0,0,0,0,0,0,0,0,0,Stem was a bit thin,NA,NA,NA,NA,NA,NA,NA,NA,NA,NA,NA,NA,NA,NA,NA,NA,NA,NA,,,,,,,,,,,,,,,,,,,NA,NA,NA,NA,2.479333333,,3,3,0,1,0.4186,E58: 1.3293
FE61,FP,E61,IT1,Cultivated,Mb,Co,11,E61,1,2,10,12,6,3,NA,0,2,1,1,0,0,0,0,0,0,,1,0,0,0,0,0,0,0,0,0,,NA,NA,NA,NA,NA,NA,NA,NA,NA,NA,NA,NA,NA,NA,NA,NA,NA,NA,,,,,,,,,,,,,,,,,,,NA,NA,NA,NA,15.909,,2,1,1,0.5,0.5208,
FE62,FP,E62,IT1,Cultivated,Mb,Co,11,E62,2,4,20,16,3,7,NA,0,2,1,1,0,0,0,0,0,0,,1,0,0,0,0,0,0,0,0,0,,NA,NA,NA,NA,NA,NA,NA,NA,NA,NA,NA,NA,NA,NA,NA,NA,NA,NA,,,,,,,,,,,,,,,,,,,NA,NA,NA,NA,4.986,,2,2,0,1,0.5695,
FE67,FP,E67,IT1,Cultivated,Mb,Mb,12,E67,1,2,10,12,7,5,NA,4,2,1,1,0,0,0,0,0,0,,1,0,0,0,0,0,0,0,0,0,,NA,NA,NA,NA,NA,NA,NA,NA,NA,NA,NA,NA,NA,NA,NA,NA,NA,NA,,,,,,,,,,,,,,,,,,,NA,NA,NA,NA,20.733,,2,1,1,0.5,0.524,
FE68,FP,E68,IT1,Cultivated,Mb,Mb,12,E68,2,4,20,16,3,6,NA,4,2,1,1,0,0,0,0,0,0,,1,0,0,0,0,0,0,0,0,0,,NA,NA,NA,NA,NA,NA,NA,NA,NA,NA,NA,NA,NA,NA,NA,NA,NA,NA,,,,,,,,,,,,,,,,,,,NA,NA,NA,NA,8.8305,,2,2,0,1,0.4794,
FE7,FP,E7,CD,Cultivated,Mb,Mb,2,E7,1,1,5,10,1,7,NA,5,2,1,1,0,0,0,0,0,0,,1,0,0,0,0,0,0,0,0,0,leaf broke during herbivore infestation,NA,NA,NA,NA,NA,NA,NA,NA,NA,NA,NA,NA,NA,NA,NA,NA,NA,NA,,,,,,,,,,,,,,,,,,,NA,NA,NA,NA,34.288,,2,1,1,0.5,0.6968,
FE73,FP,E73,KT,Cultivated,Mb,Co,15,E73,1,2,10,12,2,7,NA,0,2,1,1,0,0,0,0,0,0,,1,0,0,0,0,0,0,0,0,0,,NA,NA,NA,NA,NA,NA,NA,NA,NA,NA,NA,NA,NA,NA,NA,NA,NA,NA,,,,,,,,,,,,,,,,,,,NA,NA,NA,NA,5.848,,2,1,1,0.5,0.1738,
FE74,FP,E74,KT,Cultivated,Mb,Co,15,E74,2,3,15,14,3,6,NA,0,2,1,1,0,0,0,0,0,0,,1,0,0,0,0,0,0,0,0,0,,NA,NA,NA,NA,NA,NA,NA,NA,NA,NA,NA,NA,NA,NA,NA,NA,NA,NA,,,,,,,,,,,,,,,,,,,NA,NA,NA,NA,5.5385,,2,2,0,1,0.2984,
FE79,FP,E79,KT,Cultivated,Mb,Mb,16,E79,1,2,10,12,5,7,NA,5,2,1,1,0,0,0,0,0,0,,1,0,0,0,0,0,0,0,0,0,,NA,NA,NA,NA,NA,NA,NA,NA,NA,NA,NA,NA,NA,NA,NA,NA,NA,NA,,,,,,,,,,,,,,,,,,,NA,NA,NA,NA,17.2915,,2,2,0,1,0.2483,
FE8,FP,E8,CD,Cultivated,Mb,Mb,2,E8,2,3,15,14,1,7,NA,5,2,1,1,0,1,0,0,0,0,,1,0,0,0,0,0,0,0,0,0,One leaf broke,NA,NA,NA,NA,NA,NA,NA,NA,NA,NA,NA,NA,NA,NA,NA,NA,NA,NA,,,,,,,,,,,,,,,,,,,2.16,38.72,17.92,,4.5935,,2,2,0,1,0.2381,
FE80,FP,E80,KT,Cultivated,Mb,Mb,16,E80,2,4,20,16,1,6,NA,5,2,1,1,0,0,0,0,0,0,,1,0,0,0,0,0,0,0,0,0,,NA,NA,NA,NA,NA,NA,NA,NA,NA,NA,NA,NA,NA,NA,NA,NA,NA,NA,,,,,,,,,,,,,,,,,,,NA,NA,NA,NA,6.1075,,2,2,0,1,0.2277,
FE85,FP,E85,VL,Wild,Mb,Co,23,E85,1,2,10,12,1,7,NA,0,2,1,1,0,0,0,0,0,0,,1,0,0,0,0,0,0,0,0,0,,NA,NA,NA,NA,NA,NA,NA,NA,NA,NA,NA,NA,NA,NA,NA,NA,NA,NA,,,,,,,,,,,,,,,,,,,NA,NA,NA,NA,58.946,,2,1,1,0.5,,
FE86,FP,E86,VL,Wild,Mb,Co,23,E86,2,4,20,16,4,7,NA,0,2,1,1,0,0,0,0,0,0,,1,0,0,0,0,0,0,0,0,0,One leaf broke,NA,NA,NA,NA,NA,NA,NA,NA,NA,NA,NA,NA,NA,NA,NA,NA,NA,NA,,,,,,,,,,,,,,,,,,,NA,NA,NA,NA,13.326,,2,2,0,1,0.6826,
FE91,FP,E91,VL,Wild,Mb,Mb,24,E91,1,2,10,12,6,7,NA,3,2,1,0,0,0,0,0,0,0,,0,0,0,0,0,0,0,0,0,0,Not fully sure about col and row indication,NA,NA,NA,NA,NA,NA,NA,NA,NA,NA,NA,NA,NA,NA,NA,NA,NA,NA,,,,,,,,,,,,,,,,,,,NA,NA,NA,NA,42.257,,2,1,1,0.5,,
FE92,FP,E92,VL,Wild,Mb,Mb,24,E92,2,4,20,16,2,6,NA,3,2,1,1,0,0,0,0,0,0,,1,0,0,0,0,0,0,0,0,0,,NA,NA,NA,NA,NA,NA,NA,NA,NA,NA,NA,NA,NA,NA,NA,NA,NA,NA,,,,,,,,,,,,,,,,,,,NA,NA,NA,NA,6.2065,,2,2,0,1,0.7694,
FE97,FP,E97,RI,Cultivated,Mb,Co,19,E97,1,2,5,10,4,5,NA,3,2,1,1,0,0,0,1,1,1,,0,0,1,1,1,0,0,0,0,0,,NA,NA,NA,NA,NA,NA,NA,NA,NA,NA,NA,NA,NA,NA,NA,NA,NA,NA,,,,,,,,,,,,,,,,,,,NA,NA,NA,NA,60.886,,2,1,1,0.5,0.4584,
FE98,FP,E98,RI,Cultivated,Mb,Co,19,E98,2,4,20,16,6,6,NA,3,2,1,0,0,0,0,1,1,1,,0,0,1,1,1,0,1,1,1,1,,NA,NA,NA,NA,NA,NA,NA,NA,NA,NA,NA,NA,NA,NA,NA,NA,NA,NA,,,,,,,,,,,,,,,,,,,NA,NA,NA,NA,0.698,,2,1,1,0.5,,
