SampleName,SampleNr,Accession,Domestication,Treatment,TreatmentNr,PlantNr,Greenhouse,Table,block_n,Rows,Cols,Plots,Induction.Nr.CP,Induction.Nr.FP,Block_n,Rhizosphere_soil_analysis,GSL_Root_analysis,Root_samples_left_over_after_GSL_analysis,GSL_leaf_analyis,Leave_samples_left_over_after_GSL_analysis,notes_CP,L_GSL_Leaf_weight_mg,L_Total_GSL,L_Total_Aliphatic,L_Total_Indol,L_Progoitrin,L_Glucoraphanin,L_Sinigrin,L_Gluconapin,L_Glucoerucin,L_Glucobrassicin,L_Methoxy_glucobrassicin,L_Neoglucobrassicin,L_Gluconasturtiin,L_X3MSOP,L_X5MSOP,L_X4.Pent,L_X4OHI3M,L_Note_GSL,R_GSL_Leaf_weight_mg,R_Total_GSL,R_Total_Aliphatic,R_Total_Indol,R_Progoitrin,R_Glucoraphanin,R_Sinigrin,R_Gluconapin,R_Glucoerucin,R_Glucobrassicin,R_Methoxy_glucobrassicin,R_Neoglucobrassicin,R_Gluconasturtiin,R_X3MSOP,R_X5MSOP,R_X4.Pent,R_X4OHI3M,R_Note_GSL,Mean_Weight_Cat,Note_Cat_Weight,InductionNr,Survival
C001,1,CD,Cultivated,Co,1,1,1,1,1,4,3,15,0,1,1,0,0,0,1,0,,8.9,0.6,0.55,0.05,0,0,0.55,0,0,0.05,0,0,0,NA,NA,NA,NA,,NA,NA,NA,NA,NA,NA,NA,NA,NA,NA,NA,NA,NA,NA,NA,NA,NA,NA,NA,NA,NA,NA
C002,2,CD,Cultivated,Co,1,2,1,1,2,1,3,27,0,1,2,0,0,0,1,0,,9.6,0.45,0.44,0.01,0,0,0.44,0,0,0.01,0,0,0,NA,NA,NA,NA,,NA,NA,NA,NA,NA,NA,NA,NA,NA,NA,NA,NA,NA,NA,NA,NA,NA,NA,NA,NA,NA,NA
C003,3,CD,Cultivated,Co,1,3,1,1,3,6,3,71,0,1,3,0,0,0,1,0,,12.5,0.03,0.02,0.01,0,0,0.02,0,0,0.01,0,0,0,NA,NA,NA,NA,,NA,NA,NA,NA,NA,NA,NA,NA,NA,NA,NA,NA,NA,NA,NA,NA,NA,NA,NA,NA,NA,NA
C004,4,CD,Cultivated,Co,1,4,1,1,4,2,3,79,0,1,4,0,0,0,0,1,,NA,NA,NA,NA,NA,NA,NA,NA,NA,NA,NA,NA,NA,NA,NA,NA,NA,NA,NA,NA,NA,NA,NA,NA,NA,NA,NA,NA,NA,NA,NA,NA,NA,NA,NA,NA,NA,NA,NA,NA
C005,5,CD,Cultivated,Co,1,5,1,1,5,5,4,116,0,1,5,1,0,0,0,1,,NA,NA,NA,NA,NA,NA,NA,NA,NA,NA,NA,NA,NA,NA,NA,NA,NA,NA,NA,NA,NA,NA,NA,NA,NA,NA,NA,NA,NA,NA,NA,NA,NA,NA,NA,NA,NA,NA,NA,NA
C006,6,CD,Cultivated,Co,1,6,1,2,6,5,1,137,0,1,6,1,0,1,0,0,,NA,NA,NA,NA,NA,NA,NA,NA,NA,NA,NA,NA,NA,NA,NA,NA,NA,NA,NA,NA,NA,NA,NA,NA,NA,NA,NA,NA,NA,NA,NA,NA,NA,NA,NA,NA,NA,NA,NA,NA
C007,7,CD,Cultivated,Co,1,7,1,2,7,3,4,156,0,1,7,1,0,1,0,0,,NA,NA,NA,NA,NA,NA,NA,NA,NA,NA,NA,NA,NA,NA,NA,NA,NA,NA,NA,NA,NA,NA,NA,NA,NA,NA,NA,NA,NA,NA,NA,NA,NA,NA,NA,NA,NA,NA,NA,NA
C008,8,CD,Cultivated,Co,1,8,1,2,8,5,3,187,0,1,8,0,0,1,0,0,,NA,NA,NA,NA,NA,NA,NA,NA,NA,NA,NA,NA,NA,NA,NA,NA,NA,NA,NA,NA,NA,NA,NA,NA,NA,NA,NA,NA,NA,NA,NA,NA,NA,NA,NA,NA,NA,NA,NA,NA
C009,9,CD,Cultivated,Co,1,9,1,2,9,2,2,198,0,1,9,1,1,0,0,0,,NA,NA,NA,NA,NA,NA,NA,NA,NA,NA,NA,NA,NA,NA,NA,NA,NA,NA,7.3,0.65,0.14,0.48,0.02,0,0.05,0,0.07,0.04,0.31,0.13,0.03,NA,NA,NA,NA,Sample 9 and 10 pooled,NA,NA,NA,NA
C010,10,CD,Cultivated,Co,1,10,1,2,10,1,1,217,0,1,10,1,1,0,0,0,,NA,NA,NA,NA,NA,NA,NA,NA,NA,NA,NA,NA,NA,NA,NA,NA,NA,NA,NA,NA,NA,NA,NA,NA,NA,NA,NA,NA,NA,NA,NA,NA,NA,NA,NA,NA,NA,NA,NA,NA
C011,11,CD,Cultivated,Co,1,11,2,3,11,2,1,245,0,1,11,0,0,0,1,0,,10.1,0.13,0.12,0.01,0,0,0.12,0,0,0.01,0,0,0,NA,NA,NA,NA,,NA,NA,NA,NA,NA,NA,NA,NA,NA,NA,NA,NA,NA,NA,NA,NA,NA,NA,NA,NA,NA,NA
C012,12,CD,Cultivated,Co,1,12,2,3,12,3,1,273,0,1,12,0,0,0,1,0,,5.9,0.01,0,0.01,0,0,0,0,0,0.01,0,0,0,NA,NA,NA,NA,,NA,NA,NA,NA,NA,NA,NA,NA,NA,NA,NA,NA,NA,NA,NA,NA,NA,NA,NA,NA,NA,NA
C013,13,CD,Cultivated,Co,1,13,2,3,13,3,2,298,0,1,13,0,0,0,0,1,,NA,NA,NA,NA,NA,NA,NA,NA,NA,NA,NA,NA,NA,NA,NA,NA,NA,NA,NA,NA,NA,NA,NA,NA,NA,NA,NA,NA,NA,NA,NA,NA,NA,NA,NA,NA,NA,NA,NA,NA
C014,14,CD,Cultivated,Co,1,14,2,3,14,4,2,326,0,1,14,0,0,0,0,1,,NA,NA,NA,NA,NA,NA,NA,NA,NA,NA,NA,NA,NA,NA,NA,NA,NA,NA,NA,NA,NA,NA,NA,NA,NA,NA,NA,NA,NA,NA,NA,NA,NA,NA,NA,NA,NA,NA,NA,NA
C015,15,CD,Cultivated,Co,1,15,2,3,15,4,4,352,0,1,15,1,0,0,0,1,,NA,NA,NA,NA,NA,NA,NA,NA,NA,NA,NA,NA,NA,NA,NA,NA,NA,NA,NA,NA,NA,NA,NA,NA,NA,NA,NA,NA,NA,NA,NA,NA,NA,NA,NA,NA,NA,NA,NA,NA
C016,16,CD,Cultivated,Co,1,16,2,4,16,4,1,373,0,1,16,1,1,0,0,0,,NA,NA,NA,NA,NA,NA,NA,NA,NA,NA,NA,NA,NA,NA,NA,NA,NA,NA,11.2,0.45,0.15,0.31,0.03,0.01,0.06,0,0.05,0.21,0.1,0,0,NA,NA,NA,NA,,NA,NA,NA,NA
C017,17,CD,Cultivated,Co,1,17,2,4,17,6,2,406,0,1,17,1,1,0,0,0,,NA,NA,NA,NA,NA,NA,NA,NA,NA,NA,NA,NA,NA,NA,NA,NA,NA,NA,17,0.37,0.11,0.2,0.03,0.02,0.04,0,0.02,0.04,0.16,0,0.06,NA,NA,NA,NA,,NA,NA,NA,NA
C018,18,CD,Cultivated,Co,1,18,2,4,18,5,2,426,0,1,18,1,1,0,0,0,,NA,NA,NA,NA,NA,NA,NA,NA,NA,NA,NA,NA,NA,NA,NA,NA,NA,NA,7.4,1.09,0.99,0.1,0,0,0.99,0,0,0.01,0.08,0.01,0,NA,NA,NA,NA,,NA,NA,NA,NA
C019,19,CD,Cultivated,Co,1,19,2,4,19,6,4,456,0,1,19,1,0,1,0,0,,NA,NA,NA,NA,NA,NA,NA,NA,NA,NA,NA,NA,NA,NA,NA,NA,NA,NA,NA,NA,NA,NA,NA,NA,NA,NA,NA,NA,NA,NA,NA,NA,NA,NA,NA,NA,NA,NA,NA,NA
C020,20,CD,Cultivated,Co,1,20,2,4,20,1,4,460,0,1,20,1,1,0,0,0,,NA,NA,NA,NA,NA,NA,NA,NA,NA,NA,NA,NA,NA,NA,NA,NA,NA,NA,4.3,1.86,0.48,1.32,0.07,0.02,0.35,0,0.04,0.27,1.05,0,0.06,NA,NA,NA,NA,,NA,NA,NA,NA
C021,21,CD,Cultivated,Mb,2,1,1,1,1,2,2,6,5,1,1,0,0,0,1,0,,8.9,1.09,0.27,0.83,0,0,0.27,0,0,0.83,0,0,0,NA,NA,NA,NA,,NA,NA,NA,NA,NA,NA,NA,NA,NA,NA,NA,NA,NA,NA,NA,NA,NA,NA,4.9875,,5,4
C022,22,CD,Cultivated,Mb,2,2,1,1,2,4,1,37,5,1,2,0,0,0,1,0,"Plant was small, infested with Mb, or replaced by extra plant?",7.4,16.57,2.81,13.76,2.77,0,0.04,0,0,13.76,0,0,0,NA,NA,NA,NA,"Plant was small, infested with Mb, or replaced by extra plant?",NA,NA,NA,NA,NA,NA,NA,NA,NA,NA,NA,NA,NA,NA,NA,NA,NA,NA,2.0056,,5,5
C023,23,CD,Cultivated,Mb,2,3,1,1,3,3,3,59,5,1,3,0,0,0,1,0,,9.4,0.17,0,0.17,0,0,0,0,0,0.17,0,0,0,NA,NA,NA,NA,,NA,NA,NA,NA,NA,NA,NA,NA,NA,NA,NA,NA,NA,NA,NA,NA,NA,NA,1.2715,,6,6
C024,24,CD,Cultivated,Mb,2,4,1,1,4,5,2,90,5,1,4,0,0,0,0,1,,NA,NA,NA,NA,NA,NA,NA,NA,NA,NA,NA,NA,NA,NA,NA,NA,NA,NA,NA,NA,NA,NA,NA,NA,NA,NA,NA,NA,NA,NA,NA,NA,NA,NA,NA,NA,3.416,,5,5
C025,25,CD,Cultivated,Mb,2,5,1,1,5,1,1,97,5,1,5,1,0,0,0,1,,NA,NA,NA,NA,NA,NA,NA,NA,NA,NA,NA,NA,NA,NA,NA,NA,NA,NA,NA,NA,NA,NA,NA,NA,NA,NA,NA,NA,NA,NA,NA,NA,NA,NA,NA,NA,3.9032,,5,5
C026,26,CD,Cultivated,Mb,2,6,1,2,6,5,3,139,5,1,6,1,1,0,0,0,,NA,NA,NA,NA,NA,NA,NA,NA,NA,NA,NA,NA,NA,NA,NA,NA,NA,NA,14.6,1.36,0.29,0.84,0.06,0.04,0.11,0,0.08,0.13,0.53,0.18,0.22,NA,NA,NA,NA,,3.31175,,5,4
C027,27,CD,Cultivated,Mb,2,7,1,2,7,2,1,149,5,1,7,1,1,0,0,0,,NA,NA,NA,NA,NA,NA,NA,NA,NA,NA,NA,NA,NA,NA,NA,NA,NA,NA,15.5,2.42,0.51,1.76,0.1,0.03,0.27,0,0.11,0.1,1.66,0,0.14,NA,NA,NA,NA,,5.60625,,5,4
C028,28,CD,Cultivated,Mb,2,8,1,2,8,4,2,182,5,1,8,1,1,0,0,0,,NA,NA,NA,NA,NA,NA,NA,NA,NA,NA,NA,NA,NA,NA,NA,NA,NA,NA,15.6,0.33,0.13,0.2,0.05,0,0.06,0,0.02,0.06,0.09,0.05,0,NA,NA,NA,NA,,2.292,,5,5
C029,29,CD,Cultivated,Mb,2,9,1,2,9,6,4,216,5,1,9,1,0,1,0,0,,NA,NA,NA,NA,NA,NA,NA,NA,NA,NA,NA,NA,NA,NA,NA,NA,NA,NA,NA,NA,NA,NA,NA,NA,NA,NA,NA,NA,NA,NA,NA,NA,NA,NA,NA,NA,3.0575,,5,4
C030,30,CD,Cultivated,Mb,2,10,1,2,10,2,4,224,5,1,10,1,0,1,0,0,,NA,NA,NA,NA,NA,NA,NA,NA,NA,NA,NA,NA,NA,NA,NA,NA,NA,NA,NA,NA,NA,NA,NA,NA,NA,NA,NA,NA,NA,NA,NA,NA,NA,NA,NA,NA,1.9474,,5,5
C031,31,CD,Cultivated,Mb,2,11,2,3,11,3,1,249,5,1,11,0,0,0,1,0,,9.9,0.8,0.76,0.04,0,0,0.76,0,0,0.03,0,0.01,0,NA,NA,NA,NA,,NA,NA,NA,NA,NA,NA,NA,NA,NA,NA,NA,NA,NA,NA,NA,NA,NA,NA,2.3484,,5,5
C032,32,CD,Cultivated,Mb,2,12,2,3,12,6,3,287,5,1,12,0,0,0,1,0,,9.1,1.7,1.51,0.19,0,0,1.51,0,0,0.19,0,0,0,NA,NA,NA,NA,,NA,NA,NA,NA,NA,NA,NA,NA,NA,NA,NA,NA,NA,NA,NA,NA,NA,NA,3.4965,,5,4
C033,33,CD,Cultivated,Mb,2,13,2,3,13,3,4,300,5,1,13,0,0,0,0,1,,NA,NA,NA,NA,NA,NA,NA,NA,NA,NA,NA,NA,NA,NA,NA,NA,NA,NA,NA,NA,NA,NA,NA,NA,NA,NA,NA,NA,NA,NA,NA,NA,NA,NA,NA,NA,4.0785,,5,4
C034,34,CD,Cultivated,Mb,2,14,2,3,14,6,1,333,5,1,14,0,0,0,0,1,,NA,NA,NA,NA,NA,NA,NA,NA,NA,NA,NA,NA,NA,NA,NA,NA,NA,NA,NA,NA,NA,NA,NA,NA,NA,NA,NA,NA,NA,NA,NA,NA,NA,NA,NA,NA,1.1224,,5,5
C035,35,CD,Cultivated,Mb,2,15,2,3,15,1,3,339,5,1,15,1,0,0,0,1,,NA,NA,NA,NA,NA,NA,NA,NA,NA,NA,NA,NA,NA,NA,NA,NA,NA,NA,NA,NA,NA,NA,NA,NA,NA,NA,NA,NA,NA,NA,NA,NA,NA,NA,NA,NA,4.6165,,5,4
C036,36,CD,Cultivated,Mb,2,16,2,4,16,5,1,377,5,1,16,1,1,0,0,0,,NA,NA,NA,NA,NA,NA,NA,NA,NA,NA,NA,NA,NA,NA,NA,NA,NA,NA,6.4,1.34,1.26,0.07,0.17,0,1.05,0,0.04,0.03,0.04,0,0,NA,NA,NA,NA,,1.8144,,5,5
C037,37,CD,Cultivated,Mb,2,17,2,4,17,1,2,386,5,1,17,1,1,0,0,0,,NA,NA,NA,NA,NA,NA,NA,NA,NA,NA,NA,NA,NA,NA,NA,NA,NA,NA,9.5,0.54,0.14,0.37,0.02,0.01,0.02,0,0.09,0.08,0.21,0.08,0.03,NA,NA,NA,NA,,1.434666667,,5,3
C038,38,CD,Cultivated,Mb,2,18,2,4,18,4,3,423,5,1,18,1,0,1,0,0,,NA,NA,NA,NA,NA,NA,NA,NA,NA,NA,NA,NA,NA,NA,NA,NA,NA,NA,NA,NA,NA,NA,NA,NA,NA,NA,NA,NA,NA,NA,NA,NA,NA,NA,NA,NA,2.002,,5,5
C039,39,CD,Cultivated,Mb,2,19,2,4,19,1,4,436,5,1,19,1,0,1,0,0,,NA,NA,NA,NA,NA,NA,NA,NA,NA,NA,NA,NA,NA,NA,NA,NA,NA,NA,NA,NA,NA,NA,NA,NA,NA,NA,NA,NA,NA,NA,NA,NA,NA,NA,NA,NA,3.297,,5,1
C040,40,CD,Cultivated,Mb,2,20,2,4,20,5,4,476,5,1,20,1,0,1,0,0,,NA,NA,NA,NA,NA,NA,NA,NA,NA,NA,NA,NA,NA,NA,NA,NA,NA,NA,NA,NA,NA,NA,NA,NA,NA,NA,NA,NA,NA,NA,NA,NA,NA,NA,NA,NA,1.9416,,5,5
CE12,E12,CD,Cultivated,Mb,2,NA,2,3,NA,NA,NA,NA,6,1,NA,NA,NA,NA,NA,NA,NA,NA,NA,NA,NA,NA,NA,NA,NA,NA,NA,NA,NA,NA,NA,NA,NA,NA,NA,NA,NA,NA,NA,NA,NA,NA,NA,NA,NA,NA,NA,NA,NA,NA,NA,NA,NA,1.4635,,6,6
C041,41,DD,Wild,Co,3,1,1,1,1,2,1,5,0,2,1,0,0,0,1,0,,5.9,0.08,0.07,0.01,0,0,0.07,0,0,0.01,0,0,0,NA,NA,NA,NA,,NA,NA,NA,NA,NA,NA,NA,NA,NA,NA,NA,NA,NA,NA,NA,NA,NA,NA,NA,NA,NA,NA
C042,42,DD,Wild,Co,3,2,1,1,2,3,1,33,0,2,2,0,0,0,1,0,,11,0.23,0.22,0.01,0.08,0,0.14,0,0,0.01,0,0,0,NA,NA,NA,NA,,NA,NA,NA,NA,NA,NA,NA,NA,NA,NA,NA,NA,NA,NA,NA,NA,NA,NA,NA,NA,NA,NA
C043,43,DD,Wild,Co,3,3,1,1,3,4,4,64,0,2,3,1,0,0,0,1,,NA,NA,NA,NA,NA,NA,NA,NA,NA,NA,NA,NA,NA,NA,NA,NA,NA,NA,NA,NA,NA,NA,NA,NA,NA,NA,NA,NA,NA,NA,NA,NA,NA,NA,NA,NA,NA,NA,NA,NA
C044,44,DD,Wild,Co,3,4,1,1,4,3,2,82,0,2,4,0,0,0,0,0,does not exist,NA,NA,NA,NA,NA,NA,NA,NA,NA,NA,NA,NA,NA,NA,NA,NA,NA,NA,NA,NA,NA,NA,NA,NA,NA,NA,NA,NA,NA,NA,NA,NA,NA,NA,NA,NA,NA,NA,NA,NA
C045,45,DD,Wild,Co,3,5,1,1,5,2,2,102,0,2,5,1,0,1,0,1,,NA,NA,NA,NA,NA,NA,NA,NA,NA,NA,NA,NA,NA,NA,NA,NA,NA,NA,NA,NA,NA,NA,NA,NA,NA,NA,NA,NA,NA,NA,NA,NA,NA,NA,NA,NA,NA,NA,NA,NA
C046,46,DD,Wild,Co,3,6,1,2,6,6,3,143,0,2,6,0,0,0,0,0,"Plant was small, not infested with Mb, plant does not exist",NA,NA,NA,NA,NA,NA,NA,NA,NA,NA,NA,NA,NA,NA,NA,NA,NA,NA,NA,NA,NA,NA,NA,NA,NA,NA,NA,NA,NA,NA,NA,NA,NA,NA,NA,NA,NA,NA,NA,NA
C047,47,DD,Wild,Co,3,7,1,2,7,5,4,164,0,2,7,1,1,0,0,0,,NA,NA,NA,NA,NA,NA,NA,NA,NA,NA,NA,NA,NA,NA,NA,NA,NA,NA,7.4,3.31,2.31,0.69,2.03,0.04,0.07,0,0.17,0.3,0.25,0.14,0.29,NA,NA,NA,NA,,NA,NA,NA,NA
C048,48,DD,Wild,Co,3,8,1,2,8,4,3,183,0,2,8,1,0,1,0,0,"Plant was small, infested with Mb?",NA,NA,NA,NA,NA,NA,NA,NA,NA,NA,NA,NA,NA,NA,NA,NA,NA,NA,NA,NA,NA,NA,NA,NA,NA,NA,NA,NA,NA,NA,NA,NA,NA,NA,NA,NA,NA,NA,NA,NA
C049,49,DD,Wild,Co,3,9,1,2,9,4,2,206,0,2,9,0,0,0,0,0,,NA,NA,NA,NA,NA,NA,NA,NA,NA,NA,NA,NA,NA,NA,NA,NA,NA,NA,NA,NA,NA,NA,NA,NA,NA,NA,NA,NA,NA,NA,NA,NA,NA,NA,NA,NA,NA,NA,NA,NA
C050,50,DD,Wild,Co,3,10,1,2,10,6,2,238,0,2,10,1,0,1,0,0,,NA,NA,NA,NA,NA,NA,NA,NA,NA,NA,NA,NA,NA,NA,NA,NA,NA,NA,NA,NA,NA,NA,NA,NA,NA,NA,NA,NA,NA,NA,NA,NA,NA,NA,NA,NA,NA,NA,NA,NA
C051,51,DD,Wild,Co,3,11,2,3,11,1,1,241,0,2,11,0,0,0,1,0,,8.2,0.01,0,0.01,0,0,0,0,0,0.01,0,0,0,NA,NA,NA,NA,,NA,NA,NA,NA,NA,NA,NA,NA,NA,NA,NA,NA,NA,NA,NA,NA,NA,NA,NA,NA,NA,NA
C052,52,DD,Wild,Co,3,12,2,3,12,6,1,285,0,2,12,0,0,0,1,0,,8.5,1.57,1.55,0.02,0.11,0,1.4,0.04,0,0.02,0,0,0,NA,NA,NA,NA,,NA,NA,NA,NA,NA,NA,NA,NA,NA,NA,NA,NA,NA,NA,NA,NA,NA,NA,NA,NA,NA,NA
C053,53,DD,Wild,Co,3,13,2,3,13,2,4,296,0,2,13,0,0,0,1,0,,9.8,0.19,0.18,0.01,0,0,0.18,0,0,0.01,0,0,0,NA,NA,NA,NA,,NA,NA,NA,NA,NA,NA,NA,NA,NA,NA,NA,NA,NA,NA,NA,NA,NA,NA,NA,NA,NA,NA
C054,54,DD,Wild,Co,3,14,2,3,14,1,4,316,0,2,14,0,0,0,0,1,,NA,NA,NA,NA,NA,NA,NA,NA,NA,NA,NA,NA,NA,NA,NA,NA,NA,NA,NA,NA,NA,NA,NA,NA,NA,NA,NA,NA,NA,NA,NA,NA,NA,NA,NA,NA,NA,NA,NA,NA
C055,55,DD,Wild,Co,3,15,2,3,15,3,3,347,0,2,15,1,0,0,0,1,,NA,NA,NA,NA,NA,NA,NA,NA,NA,NA,NA,NA,NA,NA,NA,NA,NA,NA,NA,NA,NA,NA,NA,NA,NA,NA,NA,NA,NA,NA,NA,NA,NA,NA,NA,NA,NA,NA,NA,NA
C056,56,DD,Wild,Co,3,16,2,4,16,3,4,372,0,2,16,1,1,0,0,0,too small,NA,NA,NA,NA,NA,NA,NA,NA,NA,NA,NA,NA,NA,NA,NA,NA,NA,NA,6,4.3,3.36,0.57,3.11,0.04,0.09,0.04,0.08,0.08,0.22,0.27,0.36,NA,NA,NA,NA,too small,NA,NA,NA,NA
C057,57,DD,Wild,Co,3,17,2,4,17,2,3,391,0,2,17,1,1,0,0,0,,NA,NA,NA,NA,NA,NA,NA,NA,NA,NA,NA,NA,NA,NA,NA,NA,NA,NA,12.7,14.05,7.72,5.75,6.39,0.28,0.05,0.17,0.83,0.31,5.17,0.27,0.59,NA,NA,NA,NA,,NA,NA,NA,NA
C058,58,DD,Wild,Co,3,18,2,4,18,5,1,425,0,2,18,1,1,0,0,0,,NA,NA,NA,NA,NA,NA,NA,NA,NA,NA,NA,NA,NA,NA,NA,NA,NA,NA,11.7,6.26,1.87,3.95,1.54,0.04,0.01,0.01,0.27,0.48,3.2,0.27,0.43,NA,NA,NA,NA,,NA,NA,NA,NA
C059,59,DD,Wild,Co,3,19,2,4,19,5,3,451,0,2,19,1,1,0,0,0,,NA,NA,NA,NA,NA,NA,NA,NA,NA,NA,NA,NA,NA,NA,NA,NA,NA,NA,13.4,2.94,1.31,1.32,1.04,0.05,0.08,0,0.14,0.22,1.1,0,0.31,NA,NA,NA,NA,,NA,NA,NA,NA
C060,60,DD,Wild,Co,3,20,2,4,20,1,2,458,0,2,20,1,0,1,0,0,,NA,NA,NA,NA,NA,NA,NA,NA,NA,NA,NA,NA,NA,NA,NA,NA,NA,NA,NA,NA,NA,NA,NA,NA,NA,NA,NA,NA,NA,NA,NA,NA,NA,NA,NA,NA,NA,NA,NA,NA
C061,61,DD,Wild,Mb,4,1,1,1,1,1,3,3,8,2,1,0,0,0,1,0,,7.3,24.88,0.64,24.23,0.54,0,0.1,0,0,22.84,0,1.39,0,NA,NA,NA,NA,,NA,NA,NA,NA,NA,NA,NA,NA,NA,NA,NA,NA,NA,NA,NA,NA,NA,NA,0.159285714,,8,7
C062,62,DD,Wild,Mb,4,2,1,1,2,3,2,34,8,2,2,0,0,0,1,0,,8.5,16.77,0.99,15.78,0.55,0,0.44,0,0,14.22,0,1.56,0,NA,NA,NA,NA,,NA,NA,NA,NA,NA,NA,NA,NA,NA,NA,NA,NA,NA,NA,NA,NA,NA,NA,0.574,,8,6
C063,63,DD,Wild,Mb,4,3,1,1,3,6,1,69,8,2,3,0,0,0,1,0,,15,3.93,2.39,1.53,1.26,0,0.89,0.24,0,1.53,0,0,0,NA,NA,NA,NA,,NA,NA,NA,NA,NA,NA,NA,NA,NA,NA,NA,NA,NA,NA,NA,NA,NA,NA,0.550833333,,8,6
C064,64,DD,Wild,Mb,4,4,1,1,4,4,2,86,8,2,4,1,0,0,0,1,,NA,NA,NA,NA,NA,NA,NA,NA,NA,NA,NA,NA,NA,NA,NA,NA,NA,NA,NA,NA,NA,NA,NA,NA,NA,NA,NA,NA,NA,NA,NA,NA,NA,NA,NA,NA,0.54725,,8,8
C065,65,DD,Wild,Mb,4,5,1,1,5,1,2,98,8,2,5,1,1,0,0,1,,NA,NA,NA,NA,NA,NA,NA,NA,NA,NA,NA,NA,NA,NA,NA,NA,NA,NA,16,5.8,2.43,2.47,1.74,0.06,0.24,0.03,0.36,0.37,1.3,0.8,0.89,NA,NA,NA,NA,,0.476,cat lost during collection,8,5
C066,66,DD,Wild,Mb,4,6,1,2,6,5,2,138,8,2,6,1,1,0,0,0,,NA,NA,NA,NA,NA,NA,NA,NA,NA,NA,NA,NA,NA,NA,NA,NA,NA,NA,17.3,1.34,1.06,0.06,0.54,0.02,0.35,0,0.15,0.03,0.03,0,0.22,NA,NA,NA,NA,,0.6855,cat lost during collection,8,7
C067,67,DD,Wild,Mb,4,7,1,2,7,4,1,157,8,2,7,1,1,0,0,0,,NA,NA,NA,NA,NA,NA,NA,NA,NA,NA,NA,NA,NA,NA,NA,NA,NA,NA,20.2,4.1,3.25,0.49,3.04,0.03,0.02,0,0.16,0.07,0.11,0.31,0.36,NA,NA,NA,NA,,0.249428571,,8,7
C068,68,DD,Wild,Mb,4,8,1,2,8,1,4,172,8,2,8,1,0,1,0,0,,NA,NA,NA,NA,NA,NA,NA,NA,NA,NA,NA,NA,NA,NA,NA,NA,NA,NA,NA,NA,NA,NA,NA,NA,NA,NA,NA,NA,NA,NA,NA,NA,NA,NA,NA,NA,0.721142857,,8,7
C069,69,DD,Wild,Mb,4,9,1,2,9,5,4,212,8,2,9,1,0,1,0,0,,NA,NA,NA,NA,NA,NA,NA,NA,NA,NA,NA,NA,NA,NA,NA,NA,NA,NA,NA,NA,NA,NA,NA,NA,NA,NA,NA,NA,NA,NA,NA,NA,NA,NA,NA,NA,0.515,,8,1
C070,70,DD,Wild,Mb,4,10,1,2,10,5,1,233,8,2,10,0,0,0,0,0,does not exist,NA,NA,NA,NA,NA,NA,NA,NA,NA,NA,NA,NA,NA,NA,NA,NA,NA,NA,NA,NA,NA,NA,NA,NA,NA,NA,NA,NA,NA,NA,NA,NA,NA,NA,NA,NA,NA,NA,8,0
C071,71,DD,Wild,Mb,4,11,2,3,11,3,4,252,8,2,11,0,0,0,1,0,,11,16.56,10.77,5.8,8.89,0,0.09,1.79,0,5.28,0,0.52,0,NA,NA,NA,NA,,NA,NA,NA,NA,NA,NA,NA,NA,NA,NA,NA,NA,NA,NA,NA,NA,NA,NA,0.25725,,8,8
C072,72,DD,Wild,Mb,4,12,2,3,12,2,1,269,8,2,12,0,0,0,1,0,,9.9,0.41,0.09,0.33,0,0,0.09,0,0,0.33,0,0,0,NA,NA,NA,NA,,NA,NA,NA,NA,NA,NA,NA,NA,NA,NA,NA,NA,NA,NA,NA,NA,NA,NA,0.311666667,,8,3
C073,73,DD,Wild,Mb,4,13,2,3,13,4,3,303,8,2,13,0,0,0,0,1,,NA,NA,NA,NA,NA,NA,NA,NA,NA,NA,NA,NA,NA,NA,NA,NA,NA,NA,NA,NA,NA,NA,NA,NA,NA,NA,NA,NA,NA,NA,NA,NA,NA,NA,NA,NA,0.78525,,8,8
C074,74,DD,Wild,Mb,4,14,2,3,14,2,3,319,8,2,14,0,0,0,0,1,,NA,NA,NA,NA,NA,NA,NA,NA,NA,NA,NA,NA,NA,NA,NA,NA,NA,NA,NA,NA,NA,NA,NA,NA,NA,NA,NA,NA,NA,NA,NA,NA,NA,NA,NA,NA,0.3358,,8,5
C075,75,DD,Wild,Mb,4,15,2,3,15,6,4,360,8,2,15,1,0,0,0,1,,NA,NA,NA,NA,NA,NA,NA,NA,NA,NA,NA,NA,NA,NA,NA,NA,NA,NA,NA,NA,NA,NA,NA,NA,NA,NA,NA,NA,NA,NA,NA,NA,NA,NA,NA,NA,0.343285714,,8,7
C076,76,DD,Wild,Mb,4,16,2,4,16,3,1,369,8,2,16,1,1,0,0,0,,NA,NA,NA,NA,NA,NA,NA,NA,NA,NA,NA,NA,NA,NA,NA,NA,NA,NA,12.5,1.21,0.27,0.62,0,0,0,0.01,0.26,0.1,0.18,0.34,0.32,NA,NA,NA,NA,,0.463625,,8,8
C077,77,DD,Wild,Mb,4,17,2,4,17,4,4,400,8,2,17,1,1,0,0,0,,NA,NA,NA,NA,NA,NA,NA,NA,NA,NA,NA,NA,NA,NA,NA,NA,NA,NA,9.2,6.8,3.48,2.86,2.94,0.09,0.19,0.02,0.24,0.24,2.34,0.28,0.46,NA,NA,NA,NA,,0.622,,8,6
C078,78,DD,Wild,Mb,4,18,2,4,18,2,2,414,8,2,18,1,0,1,0,0,Rhizosphere sample may be bulk soil,NA,NA,NA,NA,NA,NA,NA,NA,NA,NA,NA,NA,NA,NA,NA,NA,NA,NA,NA,NA,NA,NA,NA,NA,NA,NA,NA,NA,NA,NA,NA,NA,NA,NA,NA,NA,0.649,,8,1
C079,79,DD,Wild,Mb,4,19,2,4,19,3,3,443,8,2,19,1,0,1,0,0,,NA,NA,NA,NA,NA,NA,NA,NA,NA,NA,NA,NA,NA,NA,NA,NA,NA,NA,NA,NA,NA,NA,NA,NA,NA,NA,NA,NA,NA,NA,NA,NA,NA,NA,NA,NA,1.095166667,,8,6
C080,80,DD,Wild,Mb,4,20,2,4,20,6,2,478,8,2,20,1,0,1,0,0,Rhizosphere sample may be bulk soil,NA,NA,NA,NA,NA,NA,NA,NA,NA,NA,NA,NA,NA,NA,NA,NA,NA,NA,NA,NA,NA,NA,NA,NA,NA,NA,NA,NA,NA,NA,NA,NA,NA,NA,NA,NA,0.3898,,8,5
CE24,E24,DD,Wild,Mb,4,NA,2,4,NA,NA,NA,NA,8,2,NA,NA,NA,NA,NA,NA,NA,NA,NA,NA,NA,NA,NA,NA,NA,NA,NA,NA,NA,NA,NA,NA,NA,NA,NA,NA,NA,NA,NA,NA,NA,NA,NA,NA,NA,NA,NA,NA,NA,NA,NA,NA,NA,0.192333333,,8,3
C081,81,GO1,Cultivated,Co,5,1,1,1,1,4,1,13,0,1,1,0,0,0,1,0,"Plant was small, infested with Mb?",5.9,0.02,0,0.01,0,0,0,0,0,0.01,0,0,0,NA,NA,NA,NA,"Plant was small, infested with Mb?",NA,NA,NA,NA,NA,NA,NA,NA,NA,NA,NA,NA,NA,NA,NA,NA,NA,NA,NA,NA,NA,NA
C082,82,GO1,Cultivated,Co,5,2,1,1,2,3,3,35,0,1,2,0,0,0,1,0,"Plant was small, infested with Mb?",6.7,1.15,1.13,0.01,0,0,1.13,0,0,0.01,0,0,0,NA,NA,NA,NA,"Plant was small, infested with Mb?",NA,NA,NA,NA,NA,NA,NA,NA,NA,NA,NA,NA,NA,NA,NA,NA,NA,NA,NA,NA,NA,NA
C083,83,GO1,Cultivated,Co,5,5,1,1,5,3,1,105,0,1,5,0,0,0,1,0,,6,0.3,0.28,0.01,0,0,0.28,0,0,0.01,0,0,0,NA,NA,NA,NA,,NA,NA,NA,NA,NA,NA,NA,NA,NA,NA,NA,NA,NA,NA,NA,NA,NA,NA,NA,NA,NA,NA
C084,84,GO1,Cultivated,Co,5,6,1,2,6,1,2,122,0,1,6,0,0,0,0,1,,NA,NA,NA,NA,NA,NA,NA,NA,NA,NA,NA,NA,NA,NA,NA,NA,NA,NA,NA,NA,NA,NA,NA,NA,NA,NA,NA,NA,NA,NA,NA,NA,NA,NA,NA,NA,NA,NA,NA,NA
C085,85,GO1,Cultivated,Co,5,7,1,2,7,2,4,152,0,1,7,1,0,0,0,1,,NA,NA,NA,NA,NA,NA,NA,NA,NA,NA,NA,NA,NA,NA,NA,NA,NA,NA,NA,NA,NA,NA,NA,NA,NA,NA,NA,NA,NA,NA,NA,NA,NA,NA,NA,NA,NA,NA,NA,NA
C086,86,GO1,Cultivated,Co,5,3,1,1,3,2,2,54,0,1,3,1,0,1,0,0,,NA,NA,NA,NA,NA,NA,NA,NA,NA,NA,NA,NA,NA,NA,NA,NA,NA,NA,NA,NA,NA,NA,NA,NA,NA,NA,NA,NA,NA,NA,NA,NA,NA,NA,NA,NA,NA,NA,NA,NA
C087,87,GO1,Cultivated,Co,5,4,1,1,4,1,3,75,0,1,4,1,0,1,0,0,,NA,NA,NA,NA,NA,NA,NA,NA,NA,NA,NA,NA,NA,NA,NA,NA,NA,NA,NA,NA,NA,NA,NA,NA,NA,NA,NA,NA,NA,NA,NA,NA,NA,NA,NA,NA,NA,NA,NA,NA
C088,88,GO1,Cultivated,Co,5,8,1,2,8,6,1,189,0,1,8,1,1,0,0,0,,NA,NA,NA,NA,NA,NA,NA,NA,NA,NA,NA,NA,NA,NA,NA,NA,NA,NA,6.3,0.27,0.02,0.2,0,0.02,0,0,0,0.06,0.05,0.09,0.05,NA,NA,NA,NA,,NA,NA,NA,NA
C089,89,GO1,Cultivated,Co,5,9,1,2,9,2,3,199,0,1,9,1,1,0,0,0,,NA,NA,NA,NA,NA,NA,NA,NA,NA,NA,NA,NA,NA,NA,NA,NA,NA,NA,8.4,0.6,0.08,0.51,0.01,0,0.05,0,0.02,0.16,0.13,0.22,0,NA,NA,NA,NA,,NA,NA,NA,NA
C090,90,GO1,Cultivated,Co,5,10,1,2,10,5,4,236,0,1,10,1,1,0,0,0,,NA,NA,NA,NA,NA,NA,NA,NA,NA,NA,NA,NA,NA,NA,NA,NA,NA,NA,13.5,2.1,0.15,1.96,0.05,0,0.04,0,0.06,0.25,1.71,0,0,NA,NA,NA,NA,,NA,NA,NA,NA
C091,91,GO1,Cultivated,Co,5,11,2,3,11,4,3,255,0,1,11,0,0,0,1,0,Some trips damage observed,5.6,0.45,0.42,0.02,0,0,0.42,0,0,0.02,0,0,0,NA,NA,NA,NA,Some trips damage observed,NA,NA,NA,NA,NA,NA,NA,NA,NA,NA,NA,NA,NA,NA,NA,NA,NA,NA,NA,NA,NA,NA
C092,92,GO1,Cultivated,Co,5,12,2,3,12,6,2,286,0,1,12,0,0,0,1,0,Some trips damage observed,7.3,0.77,0.74,0.03,0,0,0.74,0,0,0.02,0,0.01,0,NA,NA,NA,NA,Some trips damage observed,NA,NA,NA,NA,NA,NA,NA,NA,NA,NA,NA,NA,NA,NA,NA,NA,NA,NA,NA,NA,NA,NA
C093,93,GO1,Cultivated,Co,5,13,2,3,13,5,3,307,0,1,13,0,0,0,0,1,,NA,NA,NA,NA,NA,NA,NA,NA,NA,NA,NA,NA,NA,NA,NA,NA,NA,NA,NA,NA,NA,NA,NA,NA,NA,NA,NA,NA,NA,NA,NA,NA,NA,NA,NA,NA,NA,NA,NA,NA
C094,94,GO1,Cultivated,Co,5,14,2,3,14,3,2,322,0,1,14,1,0,0,0,1,,NA,NA,NA,NA,NA,NA,NA,NA,NA,NA,NA,NA,NA,NA,NA,NA,NA,NA,NA,NA,NA,NA,NA,NA,NA,NA,NA,NA,NA,NA,NA,NA,NA,NA,NA,NA,NA,NA,NA,NA
C095,95,GO1,Cultivated,Co,5,15,2,3,15,6,3,359,0,1,15,1,1,0,0,1,,NA,NA,NA,NA,NA,NA,NA,NA,NA,NA,NA,NA,NA,NA,NA,NA,NA,NA,19.7,1.22,0.06,1.05,0.01,0.01,0.01,0,0.03,0.08,0.97,0,0.1,NA,NA,NA,NA,,NA,NA,NA,NA
C096,96,GO1,Cultivated,Co,5,16,2,4,16,1,4,364,0,1,16,1,0,1,0,0,,NA,NA,NA,NA,NA,NA,NA,NA,NA,NA,NA,NA,NA,NA,NA,NA,NA,NA,NA,NA,NA,NA,NA,NA,NA,NA,NA,NA,NA,NA,NA,NA,NA,NA,NA,NA,NA,NA,NA,NA
C097,97,GO1,Cultivated,Co,5,17,2,4,17,6,4,408,0,1,17,1,1,0,0,0,,NA,NA,NA,NA,NA,NA,NA,NA,NA,NA,NA,NA,NA,NA,NA,NA,NA,NA,10.6,1.03,0.08,0.91,0.03,0,0,0,0.05,0.1,0.57,0.24,0.05,NA,NA,NA,NA,,NA,NA,NA,NA
C098,98,GO1,Cultivated,Co,5,18,2,4,18,1,1,409,0,1,18,0,0,0,0,0,,NA,NA,NA,NA,NA,NA,NA,NA,NA,NA,NA,NA,NA,NA,NA,NA,NA,NA,NA,NA,NA,NA,NA,NA,NA,NA,NA,NA,NA,NA,NA,NA,NA,NA,NA,NA,NA,NA,NA,NA
C099,99,GO1,Cultivated,Co,5,19,2,4,19,4,4,448,0,1,19,1,0,1,0,0,,NA,NA,NA,NA,NA,NA,NA,NA,NA,NA,NA,NA,NA,NA,NA,NA,NA,NA,NA,NA,NA,NA,NA,NA,NA,NA,NA,NA,NA,NA,NA,NA,NA,NA,NA,NA,NA,NA,NA,NA
C100,100,GO1,Cultivated,Co,5,20,2,4,20,5,2,474,0,1,20,0,0,0,0,0,does not exist,NA,NA,NA,NA,NA,NA,NA,NA,NA,NA,NA,NA,NA,NA,NA,NA,NA,NA,NA,NA,NA,NA,NA,NA,NA,NA,NA,NA,NA,NA,NA,NA,NA,NA,NA,NA,NA,NA,NA,NA
C101,101,GO1,Cultivated,Mb,6,1,1,1,1,1,4,4,4,1,1,1,0,1,0,0,,NA,NA,NA,NA,NA,NA,NA,NA,NA,NA,NA,NA,NA,NA,NA,NA,NA,NA,NA,NA,NA,NA,NA,NA,NA,NA,NA,NA,NA,NA,NA,NA,NA,NA,NA,NA,9.472,"Caterpillar weight is avaraged per plant, another file has weight per caterpillar; all weight are in mg",4,4
C102,102,GO1,Cultivated,Mb,6,2,1,1,2,2,2,30,4,1,2,0,0,0,1,0,,3.5,1.74,1.72,0.03,0,0,1.72,0,0,0.02,0,0.01,0,NA,NA,NA,NA,,NA,NA,NA,NA,NA,NA,NA,NA,NA,NA,NA,NA,NA,NA,NA,NA,NA,NA,6.74775,,4,4
C103,103,GO1,Cultivated,Mb,6,5,1,1,5,5,3,115,4,1,5,0,0,0,1,0,,5.4,0.8,0.51,0.29,0,0,0.51,0,0,0.29,0,0,0,NA,NA,NA,NA,,NA,NA,NA,NA,NA,NA,NA,NA,NA,NA,NA,NA,NA,NA,NA,NA,NA,NA,7.582,,4,4
C104,104,GO1,Cultivated,Mb,6,6,1,2,6,3,3,131,4,1,6,1,0,0,0,0,,NA,NA,NA,NA,NA,NA,NA,NA,NA,NA,NA,NA,NA,NA,NA,NA,NA,NA,NA,NA,NA,NA,NA,NA,NA,NA,NA,NA,NA,NA,NA,NA,NA,NA,NA,NA,8.239,,4,4
C105,105,GO1,Cultivated,Mb,6,7,1,2,7,6,3,167,4,1,7,1,0,1,1,0,,10.9,27.88,17.5,10.37,13.98,0,0.44,3.08,0,9.61,0,0.76,0,NA,NA,NA,NA,,NA,NA,NA,NA,NA,NA,NA,NA,NA,NA,NA,NA,NA,NA,NA,NA,NA,NA,0.479,,4,1
C106,106,GO1,Cultivated,Mb,6,3,1,1,3,4,1,61,4,1,3,1,1,0,0,0,,NA,NA,NA,NA,NA,NA,NA,NA,NA,NA,NA,NA,NA,NA,NA,NA,NA,NA,9.5,0.65,0.45,0.16,0.4,0,0.01,0,0.04,0.04,0.05,0.07,0.04,NA,NA,NA,NA,,8.58975,,4,4
C107,107,GO1,Cultivated,Mb,6,4,1,1,4,1,1,73,4,1,4,0,0,0,0,1,,NA,NA,NA,NA,NA,NA,NA,NA,NA,NA,NA,NA,NA,NA,NA,NA,NA,NA,NA,NA,NA,NA,NA,NA,NA,NA,NA,NA,NA,NA,NA,NA,NA,NA,NA,NA,9.218666667,,4,3
C108,108,GO1,Cultivated,Mb,6,8,1,2,8,5,2,186,4,1,8,0,0,0,0,1,"Plant was small, infested with Mb?",NA,NA,NA,NA,NA,NA,NA,NA,NA,NA,NA,NA,NA,NA,NA,NA,NA,NA,NA,NA,NA,NA,NA,NA,NA,NA,NA,NA,NA,NA,NA,NA,NA,NA,NA,NA,6.544,,4,2
C109,109,GO1,Cultivated,Mb,6,9,1,2,9,2,4,200,4,1,9,0,0,0,0,0,"does not exist, plant had a weird growth form",NA,NA,NA,NA,NA,NA,NA,NA,NA,NA,NA,NA,NA,NA,NA,NA,NA,NA,NA,NA,NA,NA,NA,NA,NA,NA,NA,NA,NA,NA,NA,NA,NA,NA,NA,NA,NA,NA,4,0
C110,110,GO1,Cultivated,Mb,6,10,1,2,10,3,2,226,4,1,10,1,1,0,0,0,,NA,NA,NA,NA,NA,NA,NA,NA,NA,NA,NA,NA,NA,NA,NA,NA,NA,NA,9.7,0.31,0.07,0.24,0.03,0.01,0.03,0,0,0.09,0.15,0,0,NA,NA,NA,NA,,7.547,,4,2
C111,111,GO1,Cultivated,Mb,6,11,2,3,11,5,1,257,4,1,11,0,0,0,1,0,,6,1.93,0,1.93,0,0,0,0,0,1.93,0,0,0,NA,NA,NA,NA,,NA,NA,NA,NA,NA,NA,NA,NA,NA,NA,NA,NA,NA,NA,NA,NA,NA,NA,6.526666667,,4,3
C112,112,GO1,Cultivated,Mb,6,12,2,3,12,4,3,279,4,1,12,0,0,0,1,0,,5.2,0.53,0.49,0.04,0,0,0.49,0,0,0.04,0,0,0,NA,NA,NA,NA,,NA,NA,NA,NA,NA,NA,NA,NA,NA,NA,NA,NA,NA,NA,NA,NA,NA,NA,5.9955,,4,4
C113,113,GO1,Cultivated,Mb,6,13,2,3,13,6,4,312,4,1,13,1,0,0,0,1,,NA,NA,NA,NA,NA,NA,NA,NA,NA,NA,NA,NA,NA,NA,NA,NA,NA,NA,NA,NA,NA,NA,NA,NA,NA,NA,NA,NA,NA,NA,NA,NA,NA,NA,NA,NA,5.9745,,4,4
C114,114,GO1,Cultivated,Mb,6,14,2,3,14,1,3,315,4,1,14,0,0,0,0,0,plant was missing during sampling,NA,NA,NA,NA,NA,NA,NA,NA,NA,NA,NA,NA,NA,NA,NA,NA,NA,NA,NA,NA,NA,NA,NA,NA,NA,NA,NA,NA,NA,NA,NA,NA,NA,NA,NA,NA,NA,NA,4,0
C115,115,GO1,Cultivated,Mb,6,15,2,3,15,6,1,357,4,1,15,1,0,1,0,1,,NA,NA,NA,NA,NA,NA,NA,NA,NA,NA,NA,NA,NA,NA,NA,NA,NA,NA,NA,NA,NA,NA,NA,NA,NA,NA,NA,NA,NA,NA,NA,NA,NA,NA,NA,NA,5.697,,4,4
C116,116,GO1,Cultivated,Mb,6,16,2,4,16,5,4,380,4,1,16,1,1,0,0,0,,NA,NA,NA,NA,NA,NA,NA,NA,NA,NA,NA,NA,NA,NA,NA,NA,NA,NA,11,6.22,0,6.22,0,0,0,0,0,0.28,5.92,0.02,0,NA,NA,NA,NA,,7.209333333,,4,3
C117,117,GO1,Cultivated,Mb,6,17,2,4,17,4,2,398,4,1,17,1,1,0,0,0,,NA,NA,NA,NA,NA,NA,NA,NA,NA,NA,NA,NA,NA,NA,NA,NA,NA,NA,12.7,1.43,0,1.43,0,0,0,0,0,0.09,1.32,0.02,0,NA,NA,NA,NA,,6.925,,4,4
C118,118,GO1,Cultivated,Mb,6,18,2,4,18,6,2,430,4,1,18,1,1,0,0,0,,NA,NA,NA,NA,NA,NA,NA,NA,NA,NA,NA,NA,NA,NA,NA,NA,NA,NA,13,0.07,0,0.07,0,0,0,0,0,0.02,0.02,0.03,0,NA,NA,NA,NA,,NA,NA,4,0
C119,119,GO1,Cultivated,Mb,6,19,2,4,19,2,1,437,4,1,19,0,0,0,0,0,,NA,NA,NA,NA,NA,NA,NA,NA,NA,NA,NA,NA,NA,NA,NA,NA,NA,NA,NA,NA,NA,NA,NA,NA,NA,NA,NA,NA,NA,NA,NA,NA,NA,NA,NA,NA,NA,NA,4,0
C120,120,GO1,Cultivated,Mb,6,20,2,4,20,3,4,468,4,1,20,1,0,1,0,0,,NA,NA,NA,NA,NA,NA,NA,NA,NA,NA,NA,NA,NA,NA,NA,NA,NA,NA,NA,NA,NA,NA,NA,NA,NA,NA,NA,NA,NA,NA,NA,NA,NA,NA,NA,NA,6.139,,4,3
CE33,E33,GO1,Cultivated,Mb,6,100,1,2,10,3,2,226,4,1,10,0,0,1,0,0,not sample 110 but E33,NA,NA,NA,NA,NA,NA,NA,NA,NA,NA,NA,NA,NA,NA,NA,NA,NA,NA,NA,NA,NA,NA,NA,NA,NA,NA,NA,NA,NA,NA,NA,NA,NA,NA,NA,NA,8.521,small plant,2,2
C121,121,HE,Wild,Co,7,1,1,1,1,1,1,1,0,2,1,0,0,0,1,0,,7.5,2.1,2.08,0.01,0,0,2.08,0,0,0.01,0,0,0,NA,NA,NA,NA,,NA,NA,NA,NA,NA,NA,NA,NA,NA,NA,NA,NA,NA,NA,NA,NA,NA,NA,NA,NA,NA,NA
C122,122,HE,Wild,Co,7,2,1,1,2,5,2,42,0,2,2,0,0,0,1,0,,10.7,0.31,0.3,0.01,0,0,0.3,0,0,0.01,0,0,0,NA,NA,NA,NA,,NA,NA,NA,NA,NA,NA,NA,NA,NA,NA,NA,NA,NA,NA,NA,NA,NA,NA,NA,NA,NA,NA
C123,123,HE,Wild,Co,7,3,1,1,3,1,3,51,0,2,3,0,0,0,1,0,,11.9,1.96,1.92,0.03,0.53,0,1.05,0.34,0,0.03,0,0,0,NA,NA,NA,NA,,NA,NA,NA,NA,NA,NA,NA,NA,NA,NA,NA,NA,NA,NA,NA,NA,NA,NA,NA,NA,NA,NA
C124,124,HE,Wild,Co,7,4,1,1,4,5,1,89,0,2,4,0,0,0,0,1,,NA,NA,NA,NA,NA,NA,NA,NA,NA,NA,NA,NA,NA,NA,NA,NA,NA,NA,NA,NA,NA,NA,NA,NA,NA,NA,NA,NA,NA,NA,NA,NA,NA,NA,NA,NA,NA,NA,NA,NA
C125,125,HE,Wild,Co,7,5,1,1,5,2,1,101,0,2,5,0,0,0,0,1,,NA,NA,NA,NA,NA,NA,NA,NA,NA,NA,NA,NA,NA,NA,NA,NA,NA,NA,NA,NA,NA,NA,NA,NA,NA,NA,NA,NA,NA,NA,NA,NA,NA,NA,NA,NA,NA,NA,NA,NA
C126,126,HE,Wild,Co,7,6,1,2,6,6,1,141,0,2,6,1,0,1,0,0,,NA,NA,NA,NA,NA,NA,NA,NA,NA,NA,NA,NA,NA,NA,NA,NA,NA,NA,NA,NA,NA,NA,NA,NA,NA,NA,NA,NA,NA,NA,NA,NA,NA,NA,NA,NA,NA,NA,NA,NA
C127,127,HE,Wild,Co,7,7,1,2,7,6,2,166,0,2,7,1,0,1,0,0,,NA,NA,NA,NA,NA,NA,NA,NA,NA,NA,NA,NA,NA,NA,NA,NA,NA,NA,NA,NA,NA,NA,NA,NA,NA,NA,NA,NA,NA,NA,NA,NA,NA,NA,NA,NA,NA,NA,NA,NA
C128,128,HE,Wild,Co,7,8,1,2,8,3,3,179,0,2,8,1,1,0,0,0,,NA,NA,NA,NA,NA,NA,NA,NA,NA,NA,NA,NA,NA,NA,NA,NA,NA,NA,11.3,3.59,2.29,1.2,1.74,0.04,0.35,0.01,0.15,0.3,0.73,0.17,0.1,NA,NA,NA,NA,,NA,NA,NA,NA
C129,129,HE,Wild,Co,7,9,1,2,9,3,4,204,0,2,9,1,1,0,0,0,,NA,NA,NA,NA,NA,NA,NA,NA,NA,NA,NA,NA,NA,NA,NA,NA,NA,NA,9.8,1.58,1.15,0.32,0.78,0.04,0.22,0.02,0.09,0.05,0.18,0.09,0.12,NA,NA,NA,NA,,NA,NA,NA,NA
C130,130,HE,Wild,Co,7,10,1,2,10,4,4,232,0,2,10,1,1,0,0,0,,NA,NA,NA,NA,NA,NA,NA,NA,NA,NA,NA,NA,NA,NA,NA,NA,NA,NA,11,3.78,1.81,1.8,1.18,0.05,0.3,0.04,0.24,0.26,1.03,0.51,0.17,NA,NA,NA,NA,,NA,NA,NA,NA
C131,131,HE,Wild,Co,7,11,2,3,11,2,3,247,0,2,11,0,0,0,1,0,,4,1.33,1.32,0.02,0,0,1.32,0,0,0.01,0,0.01,0,NA,NA,NA,NA,,NA,NA,NA,NA,NA,NA,NA,NA,NA,NA,NA,NA,NA,NA,NA,NA,NA,NA,NA,NA,NA,NA
C132,132,HE,Wild,Co,7,12,2,3,12,6,4,288,0,2,12,0,0,0,1,0,Stick was pierced trough leaf,5.6,1.06,1.04,0.01,0,0,1.04,0,0,0.01,0,0,0,NA,NA,NA,NA,Stick was pierced trough leaf,NA,NA,NA,NA,NA,NA,NA,NA,NA,NA,NA,NA,NA,NA,NA,NA,NA,NA,NA,NA,NA,NA
C133,133,HE,Wild,Co,7,13,2,3,13,3,1,297,0,2,13,0,0,0,0,1,,NA,NA,NA,NA,NA,NA,NA,NA,NA,NA,NA,NA,NA,NA,NA,NA,NA,NA,NA,NA,NA,NA,NA,NA,NA,NA,NA,NA,NA,NA,NA,NA,NA,NA,NA,NA,NA,NA,NA,NA
C134,134,HE,Wild,Co,7,14,2,3,14,2,2,318,0,2,14,0,0,0,0,1,,NA,NA,NA,NA,NA,NA,NA,NA,NA,NA,NA,NA,NA,NA,NA,NA,NA,NA,NA,NA,NA,NA,NA,NA,NA,NA,NA,NA,NA,NA,NA,NA,NA,NA,NA,NA,NA,NA,NA,NA
C135,135,HE,Wild,Co,7,15,2,3,15,4,1,349,0,2,15,1,0,0,0,1,,NA,NA,NA,NA,NA,NA,NA,NA,NA,NA,NA,NA,NA,NA,NA,NA,NA,NA,NA,NA,NA,NA,NA,NA,NA,NA,NA,NA,NA,NA,NA,NA,NA,NA,NA,NA,NA,NA,NA,NA
C136,136,HE,Wild,Co,7,16,2,4,16,6,3,383,0,2,16,1,0,1,0,0,,NA,NA,NA,NA,NA,NA,NA,NA,NA,NA,NA,NA,NA,NA,NA,NA,NA,NA,NA,NA,NA,NA,NA,NA,NA,NA,NA,NA,NA,NA,NA,NA,NA,NA,NA,NA,NA,NA,NA,NA
C137,137,HE,Wild,Co,7,17,2,4,17,5,4,404,0,2,17,1,1,0,0,0,,NA,NA,NA,NA,NA,NA,NA,NA,NA,NA,NA,NA,NA,NA,NA,NA,NA,NA,9.8,0.32,0.29,0.02,0.21,0.02,0,0,0.06,0.01,0.01,0,0.01,NA,NA,NA,NA,,NA,NA,NA,NA
C138,138,HE,Wild,Co,7,18,2,4,18,1,2,410,0,2,18,1,0,1,0,0,,NA,NA,NA,NA,NA,NA,NA,NA,NA,NA,NA,NA,NA,NA,NA,NA,NA,NA,NA,NA,NA,NA,NA,NA,NA,NA,NA,NA,NA,NA,NA,NA,NA,NA,NA,NA,NA,NA,NA,NA
C139,139,HE,Wild,Co,7,19,2,4,19,3,2,442,0,2,19,1,1,0,0,0,,NA,NA,NA,NA,NA,NA,NA,NA,NA,NA,NA,NA,NA,NA,NA,NA,NA,NA,9.9,2.37,1.68,0.23,1.4,0.12,0.03,0.11,0.02,0.06,0.06,0.11,0.46,NA,NA,NA,NA,,NA,NA,NA,NA
C140,140,HE,Wild,Co,7,20,2,4,20,4,3,471,0,2,20,1,0,1,0,0,This plant was originally E40 and replaced at rhizosphere collection,NA,NA,NA,NA,NA,NA,NA,NA,NA,NA,NA,NA,NA,NA,NA,NA,NA,NA,NA,NA,NA,NA,NA,NA,NA,NA,NA,NA,NA,NA,NA,NA,NA,NA,NA,NA,NA,NA,NA,NA
C141,141,HE,Wild,Mb,8,1,1,1,1,4,4,16,6,2,1,0,0,0,1,0,,11.2,4.25,0.68,3.57,0.12,0,0.56,0,0,2.75,0,0.82,0,NA,NA,NA,NA,,NA,NA,NA,NA,NA,NA,NA,NA,NA,NA,NA,NA,NA,NA,NA,NA,NA,NA,1.223666667,"1 fell, 1 extra",7,6
C142,142,HE,Wild,Mb,8,2,1,1,2,1,2,26,6,2,2,0,0,0,1,0,,6.9,2.96,0.37,2.59,0.26,0,0.06,0.05,0,1.11,0,1.48,0,NA,NA,NA,NA,,NA,NA,NA,NA,NA,NA,NA,NA,NA,NA,NA,NA,NA,NA,NA,NA,NA,NA,1.089333333,,6,3
C143,143,HE,Wild,Mb,8,3,1,1,3,3,4,60,6,2,3,0,0,0,1,0,,9.1,2.9,1.84,1.06,1.31,0,0.53,0,0,0.84,0,0.22,0,NA,NA,NA,NA,,NA,NA,NA,NA,NA,NA,NA,NA,NA,NA,NA,NA,NA,NA,NA,NA,NA,NA,0.729833333,,6,6
C144,144,HE,Wild,Mb,8,4,1,1,4,6,3,95,6,2,4,0,0,0,0,1,,NA,NA,NA,NA,NA,NA,NA,NA,NA,NA,NA,NA,NA,NA,NA,NA,NA,NA,NA,NA,NA,NA,NA,NA,NA,NA,NA,NA,NA,NA,NA,NA,NA,NA,NA,NA,0.8462,,6,5
C145,145,HE,Wild,Mb,8,5,1,1,5,2,3,103,6,2,5,1,0,0,0,1,,NA,NA,NA,NA,NA,NA,NA,NA,NA,NA,NA,NA,NA,NA,NA,NA,NA,NA,NA,NA,NA,NA,NA,NA,NA,NA,NA,NA,NA,NA,NA,NA,NA,NA,NA,NA,0.953833333,,6,6
C146,146,HE,Wild,Mb,8,6,1,2,6,3,1,129,6,2,6,1,0,1,0,0,,NA,NA,NA,NA,NA,NA,NA,NA,NA,NA,NA,NA,NA,NA,NA,NA,NA,NA,NA,NA,NA,NA,NA,NA,NA,NA,NA,NA,NA,NA,NA,NA,NA,NA,NA,NA,2.309333333,,6,6
C147,147,HE,Wild,Mb,8,7,1,2,7,6,1,165,6,2,7,1,1,0,0,0,,NA,NA,NA,NA,NA,NA,NA,NA,NA,NA,NA,NA,NA,NA,NA,NA,NA,NA,10.2,10.83,4.8,5.12,2.33,0.18,1.1,0.05,1.14,0.65,3.36,1.11,0.91,NA,NA,NA,NA,,1.2485,,6,2
C148,148,HE,Wild,Mb,8,8,1,2,8,1,1,169,6,2,8,1,0,1,0,0,,NA,NA,NA,NA,NA,NA,NA,NA,NA,NA,NA,NA,NA,NA,NA,NA,NA,NA,NA,NA,NA,NA,NA,NA,NA,NA,NA,NA,NA,NA,NA,NA,NA,NA,NA,NA,1.0355,,6,6
C149,149,HE,Wild,Mb,8,9,1,2,9,6,2,214,6,2,9,1,1,0,0,0,,NA,NA,NA,NA,NA,NA,NA,NA,NA,NA,NA,NA,NA,NA,NA,NA,NA,NA,6,5.62,2.42,2.81,1.8,0.1,0.2,0,0.32,0.22,1.39,1.2,0.39,NA,NA,NA,NA,,2.196333333,,6,6
C150,150,HE,Wild,Mb,8,10,1,2,10,6,4,240,6,2,10,1,1,0,0,0,,NA,NA,NA,NA,NA,NA,NA,NA,NA,NA,NA,NA,NA,NA,NA,NA,NA,NA,7.8,0.93,0.52,0.28,0.28,0.02,0.09,0,0.13,0.08,0.11,0.09,0.12,NA,NA,NA,NA,,1.2075,,6,4
C151,151,HE,Wild,Mb,8,11,2,3,11,5,2,258,6,2,11,0,0,0,1,0,,5.5,1.92,1.14,0.79,0,0,1.14,0,0,0.33,0,0.46,0,NA,NA,NA,NA,,NA,NA,NA,NA,NA,NA,NA,NA,NA,NA,NA,NA,NA,NA,NA,NA,NA,NA,1.468333333,,6,6
C152,152,HE,Wild,Mb,8,12,2,3,12,2,4,272,6,2,12,0,0,0,1,0,,7.5,2.84,1.82,1.02,0.28,0,1.54,0,0,0.57,0,0.45,0,NA,NA,NA,NA,,NA,NA,NA,NA,NA,NA,NA,NA,NA,NA,NA,NA,NA,NA,NA,NA,NA,NA,2.0284,,6,5
C153,153,HE,Wild,Mb,8,13,2,3,13,4,1,301,6,2,13,0,0,0,0,1,,NA,NA,NA,NA,NA,NA,NA,NA,NA,NA,NA,NA,NA,NA,NA,NA,NA,NA,NA,NA,NA,NA,NA,NA,NA,NA,NA,NA,NA,NA,NA,NA,NA,NA,NA,NA,1.184,,6,4
C154,154,HE,Wild,Mb,8,14,2,3,14,5,3,331,6,2,14,0,0,0,0,1,,NA,NA,NA,NA,NA,NA,NA,NA,NA,NA,NA,NA,NA,NA,NA,NA,NA,NA,NA,NA,NA,NA,NA,NA,NA,NA,NA,NA,NA,NA,NA,NA,NA,NA,NA,NA,0.845833333,,6,6
C155,155,HE,Wild,Mb,8,15,2,3,15,5,1,353,6,2,15,1,0,0,0,1,,NA,NA,NA,NA,NA,NA,NA,NA,NA,NA,NA,NA,NA,NA,NA,NA,NA,NA,NA,NA,NA,NA,NA,NA,NA,NA,NA,NA,NA,NA,NA,NA,NA,NA,NA,NA,1.769,,6,4
C156,156,HE,Wild,Mb,8,16,2,4,16,2,2,366,6,2,16,1,0,1,0,0,,NA,NA,NA,NA,NA,NA,NA,NA,NA,NA,NA,NA,NA,NA,NA,NA,NA,NA,NA,NA,NA,NA,NA,NA,NA,NA,NA,NA,NA,NA,NA,NA,NA,NA,NA,NA,1.382333333,,6,6
C157,157,HE,Wild,Mb,8,17,2,4,17,3,3,395,6,2,17,1,0,1,0,0,,NA,NA,NA,NA,NA,NA,NA,NA,NA,NA,NA,NA,NA,NA,NA,NA,NA,NA,NA,NA,NA,NA,NA,NA,NA,NA,NA,NA,NA,NA,NA,NA,NA,NA,NA,NA,1.61725,,6,4
C158,158,HE,Wild,Mb,8,18,2,4,18,1,4,412,6,2,18,1,0,1,0,0,,NA,NA,NA,NA,NA,NA,NA,NA,NA,NA,NA,NA,NA,NA,NA,NA,NA,NA,NA,NA,NA,NA,NA,NA,NA,NA,NA,NA,NA,NA,NA,NA,NA,NA,NA,NA,1.28725,,6,4
C159,159,HE,Wild,Mb,8,19,2,4,19,4,2,446,6,2,19,1,1,0,0,0,,NA,NA,NA,NA,NA,NA,NA,NA,NA,NA,NA,NA,NA,NA,NA,NA,NA,NA,6.7,0.59,0.44,0.12,0.35,0,0.06,0,0.03,0.09,0.03,0,0.03,NA,NA,NA,NA,,0.8964,,6,5
C160,160,HE,Wild,Mb,8,20,2,4,20,1,3,459,6,2,20,1,1,0,0,0,,NA,NA,NA,NA,NA,NA,NA,NA,NA,NA,NA,NA,NA,NA,NA,NA,NA,NA,10,1.51,0.83,0.38,0.58,0.03,0.06,0.03,0.13,0.07,0.22,0.09,0.29,NA,NA,NA,NA,,0.668833333,,6,6
CE46,E46,HE,Wild,Mb,8,NA,2,4,NA,NA,NA,NA,6,2,NA,NA,NA,NA,NA,NA,NA,NA,NA,NA,NA,NA,NA,NA,NA,NA,NA,NA,NA,NA,NA,NA,NA,NA,NA,NA,NA,NA,NA,NA,NA,NA,NA,NA,NA,NA,NA,NA,NA,NA,NA,NA,NA,1.2075,,6,4
C161,161,HM,Cultivated,Co,9,1,1,1,1,3,2,10,0,1,1,0,0,0,1,0,,5.6,1.11,0.82,0.3,0,0,0.82,0,0,0.29,0,0.01,0,NA,NA,NA,NA,,NA,NA,NA,NA,NA,NA,NA,NA,NA,NA,NA,NA,NA,NA,NA,NA,NA,NA,NA,NA,NA,NA
C162,162,HM,Cultivated,Co,9,2,1,1,2,2,4,32,0,1,2,0,0,0,1,0,,9.3,0.89,0.88,0.02,0,0,0.88,0,0,0.01,0,0.01,0,NA,NA,NA,NA,,NA,NA,NA,NA,NA,NA,NA,NA,NA,NA,NA,NA,NA,NA,NA,NA,NA,NA,NA,NA,NA,NA
C163,163,HM,Cultivated,Co,9,3,1,1,3,4,3,63,0,1,3,0,0,0,0,0,does not exist,NA,NA,NA,NA,NA,NA,NA,NA,NA,NA,NA,NA,NA,NA,NA,NA,NA,NA,NA,NA,NA,NA,NA,NA,NA,NA,NA,NA,NA,NA,NA,NA,NA,NA,NA,NA,NA,NA,NA,NA
C164,164,HM,Cultivated,Co,9,4,1,1,4,6,4,96,0,1,4,0,0,0,0,1,,NA,NA,NA,NA,NA,NA,NA,NA,NA,NA,NA,NA,NA,NA,NA,NA,NA,NA,NA,NA,NA,NA,NA,NA,NA,NA,NA,NA,NA,NA,NA,NA,NA,NA,NA,NA,NA,NA,NA,NA
C165,165,HM,Cultivated,Co,9,5,1,1,5,1,3,99,0,1,5,1,0,0,0,1,,NA,NA,NA,NA,NA,NA,NA,NA,NA,NA,NA,NA,NA,NA,NA,NA,NA,NA,NA,NA,NA,NA,NA,NA,NA,NA,NA,NA,NA,NA,NA,NA,NA,NA,NA,NA,NA,NA,NA,NA
C166,166,HM,Cultivated,Co,9,6,1,2,6,4,2,134,0,1,6,1,1,0,0,0,,NA,NA,NA,NA,NA,NA,NA,NA,NA,NA,NA,NA,NA,NA,NA,NA,NA,NA,10.9,0.67,0.28,0.36,0.07,0.02,0.11,0,0.08,0.09,0.27,0,0.04,NA,NA,NA,NA,,NA,NA,NA,NA
C167,167,HM,Cultivated,Co,9,7,1,2,7,1,4,148,0,1,7,1,0,1,0,0,,NA,NA,NA,NA,NA,NA,NA,NA,NA,NA,NA,NA,NA,NA,NA,NA,NA,NA,NA,NA,NA,NA,NA,NA,NA,NA,NA,NA,NA,NA,NA,NA,NA,NA,NA,NA,NA,NA,NA,NA
C168,168,HM,Cultivated,Co,9,8,1,2,8,2,3,175,0,1,8,1,0,1,0,0,,NA,NA,NA,NA,NA,NA,NA,NA,NA,NA,NA,NA,NA,NA,NA,NA,NA,NA,NA,NA,NA,NA,NA,NA,NA,NA,NA,NA,NA,NA,NA,NA,NA,NA,NA,NA,NA,NA,NA,NA
C169,169,HM,Cultivated,Co,9,9,1,2,9,4,1,205,0,1,9,1,1,0,0,0,,NA,NA,NA,NA,NA,NA,NA,NA,NA,NA,NA,NA,NA,NA,NA,NA,NA,NA,12.2,2.32,0.38,1.95,0.05,0.03,0.2,0,0.1,0.2,1.75,0,0,NA,NA,NA,NA,,NA,NA,NA,NA
C170,170,HM,Cultivated,Co,9,10,1,2,10,6,1,237,0,1,10,1,0,1,0,0,,NA,NA,NA,NA,NA,NA,NA,NA,NA,NA,NA,NA,NA,NA,NA,NA,NA,NA,NA,NA,NA,NA,NA,NA,NA,NA,NA,NA,NA,NA,NA,NA,NA,NA,NA,NA,NA,NA,NA,NA
C171,171,HM,Cultivated,Co,9,11,2,3,11,2,2,246,0,1,11,0,0,0,1,0,,4,1.95,1.92,0.02,0,0,1.92,0,0,0.02,0,0,0,NA,NA,NA,NA,,NA,NA,NA,NA,NA,NA,NA,NA,NA,NA,NA,NA,NA,NA,NA,NA,NA,NA,NA,NA,NA,NA
C172,172,HM,Cultivated,Co,9,12,2,3,12,4,4,280,0,1,12,0,0,0,1,0,,8.7,0.48,0.4,0.09,0,0,0.4,0,0,0.09,0,0,0,NA,NA,NA,NA,,NA,NA,NA,NA,NA,NA,NA,NA,NA,NA,NA,NA,NA,NA,NA,NA,NA,NA,NA,NA,NA,NA
C173,173,HM,Cultivated,Co,9,13,2,3,13,5,4,308,0,1,13,0,0,0,1,0,,8.2,0.01,0,0.01,0,0,0,0,0,0.01,0,0,0,NA,NA,NA,NA,,NA,NA,NA,NA,NA,NA,NA,NA,NA,NA,NA,NA,NA,NA,NA,NA,NA,NA,NA,NA,NA,NA
C174,174,HM,Cultivated,Co,9,14,2,3,14,3,4,324,0,1,14,0,0,0,0,1,,NA,NA,NA,NA,NA,NA,NA,NA,NA,NA,NA,NA,NA,NA,NA,NA,NA,NA,NA,NA,NA,NA,NA,NA,NA,NA,NA,NA,NA,NA,NA,NA,NA,NA,NA,NA,NA,NA,NA,NA
C175,175,HM,Cultivated,Co,9,15,2,3,15,5,2,354,0,1,15,1,0,0,0,1,,NA,NA,NA,NA,NA,NA,NA,NA,NA,NA,NA,NA,NA,NA,NA,NA,NA,NA,NA,NA,NA,NA,NA,NA,NA,NA,NA,NA,NA,NA,NA,NA,NA,NA,NA,NA,NA,NA,NA,NA
C176,176,HM,Cultivated,Co,9,16,2,4,16,6,2,382,0,1,16,1,1,0,0,0,,NA,NA,NA,NA,NA,NA,NA,NA,NA,NA,NA,NA,NA,NA,NA,NA,NA,NA,17.5,0.39,0.15,0.22,0.03,0.01,0.07,0,0.04,0.07,0.15,0,0.01,NA,NA,NA,NA,,NA,NA,NA,NA
C177,177,HM,Cultivated,Co,9,17,2,4,17,1,1,385,0,1,17,1,0,1,0,0,,NA,NA,NA,NA,NA,NA,NA,NA,NA,NA,NA,NA,NA,NA,NA,NA,NA,NA,NA,NA,NA,NA,NA,NA,NA,NA,NA,NA,NA,NA,NA,NA,NA,NA,NA,NA,NA,NA,NA,NA
C178,178,HM,Cultivated,Co,9,18,2,4,18,2,1,413,0,1,18,1,0,1,0,0,,NA,NA,NA,NA,NA,NA,NA,NA,NA,NA,NA,NA,NA,NA,NA,NA,NA,NA,NA,NA,NA,NA,NA,NA,NA,NA,NA,NA,NA,NA,NA,NA,NA,NA,NA,NA,NA,NA,NA,NA
C179,179,HM,Cultivated,Co,9,19,2,4,19,3,1,441,0,1,19,1,1,0,0,0,,NA,NA,NA,NA,NA,NA,NA,NA,NA,NA,NA,NA,NA,NA,NA,NA,NA,NA,9.5,0.57,0.19,0.36,0.05,0.01,0.09,0,0.04,0.25,0.11,0,0.02,NA,NA,NA,NA,,NA,NA,NA,NA
C180,180,HM,Cultivated,Co,9,20,2,4,20,5,3,475,0,1,20,1,1,0,0,0,,NA,NA,NA,NA,NA,NA,NA,NA,NA,NA,NA,NA,NA,NA,NA,NA,NA,NA,16.1,0.35,0.14,0.21,0.04,0.01,0.06,0,0.03,0.05,0.16,0,0.01,NA,NA,NA,NA,,NA,NA,NA,NA
C181,181,HM,Cultivated,Mb,10,1,1,1,1,1,2,2,2,1,1,0,0,0,1,0,,13.5,0.12,0.1,0.02,0,0,0.1,0,0,0.02,0,0,0,NA,NA,NA,NA,,NA,NA,NA,NA,NA,NA,NA,NA,NA,NA,NA,NA,NA,NA,NA,NA,NA,NA,8.555,,2,1
C182,182,HM,Cultivated,Mb,10,2,1,1,2,6,3,47,2,1,2,0,0,0,1,0,,10.1,0.26,0.22,0.05,0,0,0.22,0,0,0.04,0,0.01,0,NA,NA,NA,NA,,NA,NA,NA,NA,NA,NA,NA,NA,NA,NA,NA,NA,NA,NA,NA,NA,NA,NA,6.1765,,2,2
C183,183,HM,Cultivated,Mb,10,3,1,1,3,2,3,55,2,1,3,0,0,0,0,1,,NA,NA,NA,NA,NA,NA,NA,NA,NA,NA,NA,NA,NA,NA,NA,NA,NA,NA,NA,NA,NA,NA,NA,NA,NA,NA,NA,NA,NA,NA,NA,NA,NA,NA,NA,NA,7.445,,2,2
C184,184,HM,Cultivated,Mb,10,4,1,1,4,5,4,92,2,1,4,0,0,0,0,0,does not exist,NA,NA,NA,NA,NA,NA,NA,NA,NA,NA,NA,NA,NA,NA,NA,NA,NA,NA,NA,NA,NA,NA,NA,NA,NA,NA,NA,NA,NA,NA,NA,NA,NA,NA,NA,NA,7.4905,,2,2
C185,185,HM,Cultivated,Mb,10,5,1,1,5,3,2,106,2,1,5,1,0,0,0,1,,NA,NA,NA,NA,NA,NA,NA,NA,NA,NA,NA,NA,NA,NA,NA,NA,NA,NA,NA,NA,NA,NA,NA,NA,NA,NA,NA,NA,NA,NA,NA,NA,NA,NA,NA,NA,5.6885,,2,2
C186,186,HM,Cultivated,Mb,10,6,1,2,6,4,1,133,2,1,6,1,0,1,0,0,,NA,NA,NA,NA,NA,NA,NA,NA,NA,NA,NA,NA,NA,NA,NA,NA,NA,NA,NA,NA,NA,NA,NA,NA,NA,NA,NA,NA,NA,NA,NA,NA,NA,NA,NA,NA,5.7935,,2,2
C187,187,HM,Cultivated,Mb,10,7,1,2,7,4,3,159,2,1,7,1,0,1,0,0,,NA,NA,NA,NA,NA,NA,NA,NA,NA,NA,NA,NA,NA,NA,NA,NA,NA,NA,NA,NA,NA,NA,NA,NA,NA,NA,NA,NA,NA,NA,NA,NA,NA,NA,NA,NA,5.335,,2,2
C188,188,HM,Cultivated,Mb,10,8,1,2,8,6,2,190,2,1,8,1,0,1,0,0,,NA,NA,NA,NA,NA,NA,NA,NA,NA,NA,NA,NA,NA,NA,NA,NA,NA,NA,NA,NA,NA,NA,NA,NA,NA,NA,NA,NA,NA,NA,NA,NA,NA,NA,NA,NA,8.859,,2,2
C189,189,HM,Cultivated,Mb,10,9,1,2,9,6,1,213,2,1,9,1,0,1,0,0,,NA,NA,NA,NA,NA,NA,NA,NA,NA,NA,NA,NA,NA,NA,NA,NA,NA,NA,NA,NA,NA,NA,NA,NA,NA,NA,NA,NA,NA,NA,NA,NA,NA,NA,NA,NA,5.516,,2,1
C190,190,HM,Cultivated,Mb,10,10,1,2,10,1,4,220,2,1,10,1,0,1,0,0,,NA,NA,NA,NA,NA,NA,NA,NA,NA,NA,NA,NA,NA,NA,NA,NA,NA,NA,NA,NA,NA,NA,NA,NA,NA,NA,NA,NA,NA,NA,NA,NA,NA,NA,NA,NA,7.55,,2,1
C191,191,HM,Cultivated,Mb,10,11,2,3,11,5,3,259,2,1,11,0,0,0,1,0,,8.7,0.15,0.13,0.01,0,0,0.13,0,0,0.01,0,0,0,NA,NA,NA,NA,,NA,NA,NA,NA,NA,NA,NA,NA,NA,NA,NA,NA,NA,NA,NA,NA,NA,NA,6.547,,2,2
C192,192,HM,Cultivated,Mb,10,12,2,3,12,5,1,281,2,1,12,0,0,0,1,0,,9.6,0.45,0.44,0.01,0,0,0.44,0,0,0.01,0,0,0,NA,NA,NA,NA,,NA,NA,NA,NA,NA,NA,NA,NA,NA,NA,NA,NA,NA,NA,NA,NA,NA,NA,6.431,,2,2
C193,193,HM,Cultivated,Mb,10,13,2,3,13,2,2,294,2,1,13,0,0,0,1,0,,11.9,0.69,0.68,0.01,0,0,0.68,0,0,0.01,0,0,0,NA,NA,NA,NA,,NA,NA,NA,NA,NA,NA,NA,NA,NA,NA,NA,NA,NA,NA,NA,NA,NA,NA,3.1345,,2,2
C194,194,HM,Cultivated,Mb,10,14,2,3,14,2,4,320,2,1,14,0,0,0,0,1,,NA,NA,NA,NA,NA,NA,NA,NA,NA,NA,NA,NA,NA,NA,NA,NA,NA,NA,NA,NA,NA,NA,NA,NA,NA,NA,NA,NA,NA,NA,NA,NA,NA,NA,NA,NA,4.4975,,2,2
C195,195,HM,Cultivated,Mb,10,15,2,3,15,3,1,345,2,1,15,1,0,0,0,1,,NA,NA,NA,NA,NA,NA,NA,NA,NA,NA,NA,NA,NA,NA,NA,NA,NA,NA,NA,NA,NA,NA,NA,NA,NA,NA,NA,NA,NA,NA,NA,NA,NA,NA,NA,NA,6.112,,2,1
C196,196,HM,Cultivated,Mb,10,16,2,4,16,4,4,376,2,1,16,1,1,0,0,0,,NA,NA,NA,NA,NA,NA,NA,NA,NA,NA,NA,NA,NA,NA,NA,NA,NA,NA,9.2,0.56,0.15,0.38,0.04,0.01,0.06,0,0.04,0.09,0.29,0,0.02,NA,NA,NA,NA,,5.455,,2,1
C197,197,HM,Cultivated,Mb,10,17,2,4,17,1,3,387,2,1,17,1,1,0,0,0,,NA,NA,NA,NA,NA,NA,NA,NA,NA,NA,NA,NA,NA,NA,NA,NA,NA,NA,9.8,0.78,0.29,0.45,0.07,0.02,0.13,0,0.07,0.1,0.35,0,0.05,NA,NA,NA,NA,,6.737,,2,1
C198,198,HM,Cultivated,Mb,10,18,2,4,18,3,4,420,2,1,18,1,1,0,0,0,,NA,NA,NA,NA,NA,NA,NA,NA,NA,NA,NA,NA,NA,NA,NA,NA,NA,NA,13.1,0.58,0.1,0.47,0.02,0.01,0.05,0,0.02,0.05,0.38,0.04,0,NA,NA,NA,NA,,4.9355,,2,2
C199,199,HM,Cultivated,Mb,10,19,2,4,19,5,2,450,2,1,19,1,1,0,0,0,,NA,NA,NA,NA,NA,NA,NA,NA,NA,NA,NA,NA,NA,NA,NA,NA,NA,NA,6.3,0.91,0.3,0.57,0.04,0.02,0.15,0,0.09,0.07,0.5,0,0.04,NA,NA,NA,NA,,1.872,,2,2
C200,200,HM,Cultivated,Mb,10,20,2,4,20,2,1,461,2,1,20,1,1,0,0,0,,NA,NA,NA,NA,NA,NA,NA,NA,NA,NA,NA,NA,NA,NA,NA,NA,NA,NA,12,0.86,0.32,0.5,0.09,0.02,0.14,0,0.07,0.1,0.4,0,0.03,NA,NA,NA,NA,,5.0275,,2,2
CE56,E56,HM,Cultivated,Mb,10,NA,1,2,NA,NA,NA,NA,2,1,NA,NA,NA,NA,NA,NA,NA,NA,NA,NA,NA,NA,NA,NA,NA,NA,NA,NA,NA,NA,NA,NA,NA,NA,NA,NA,NA,NA,NA,NA,NA,NA,NA,NA,NA,NA,NA,NA,NA,NA,NA,NA,NA,5.43,plus four plutella,2,1
CE58,E58,HM,Cultivated,Mb,10,NA,2,3,NA,NA,NA,NA,2,1,NA,NA,NA,NA,NA,NA,NA,NA,NA,NA,NA,NA,NA,NA,NA,NA,NA,NA,NA,NA,NA,NA,NA,NA,NA,NA,NA,NA,NA,NA,NA,NA,NA,NA,NA,NA,NA,NA,NA,NA,NA,NA,NA,4.971,,2,2
C201,201,IT1,Cultivated,Co,11,1,1,1,1,6,1,21,0,1,1,0,0,0,1,0,,7.7,0.81,0.8,0.01,0,0,0.8,0,0,0.01,0,0,0,NA,NA,NA,NA,,NA,NA,NA,NA,NA,NA,NA,NA,NA,NA,NA,NA,NA,NA,NA,NA,NA,NA,NA,NA,NA,NA
C202,202,IT1,Cultivated,Co,11,2,1,1,2,5,3,43,0,1,2,0,0,0,1,0,,10.9,0.83,0.81,0.02,0,0,0.81,0,0,0.02,0,0,0,NA,NA,NA,NA,,NA,NA,NA,NA,NA,NA,NA,NA,NA,NA,NA,NA,NA,NA,NA,NA,NA,NA,NA,NA,NA,NA
C203,203,IT1,Cultivated,Co,11,5,1,1,5,6,3,119,0,1,5,0,0,0,0,1,,NA,NA,NA,NA,NA,NA,NA,NA,NA,NA,NA,NA,NA,NA,NA,NA,NA,NA,NA,NA,NA,NA,NA,NA,NA,NA,NA,NA,NA,NA,NA,NA,NA,NA,NA,NA,NA,NA,NA,NA
C204,204,IT1,Cultivated,Co,11,6,1,2,6,3,4,132,0,1,6,0,0,0,0,0,,NA,NA,NA,NA,NA,NA,NA,NA,NA,NA,NA,NA,NA,NA,NA,NA,NA,NA,NA,NA,NA,NA,NA,NA,NA,NA,NA,NA,NA,NA,NA,NA,NA,NA,NA,NA,NA,NA,NA,NA
C205,205,IT1,Cultivated,Co,11,7,1,2,7,1,1,145,0,1,7,1,0,0,0,1,,NA,NA,NA,NA,NA,NA,NA,NA,NA,NA,NA,NA,NA,NA,NA,NA,NA,NA,NA,NA,NA,NA,NA,NA,NA,NA,NA,NA,NA,NA,NA,NA,NA,NA,NA,NA,NA,NA,NA,NA
C206,206,IT1,Cultivated,Co,11,3,1,1,3,6,4,72,0,1,3,1,0,1,0,0,,NA,NA,NA,NA,NA,NA,NA,NA,NA,NA,NA,NA,NA,NA,NA,NA,NA,NA,NA,NA,NA,NA,NA,NA,NA,NA,NA,NA,NA,NA,NA,NA,NA,NA,NA,NA,NA,NA,NA,NA
C207,207,IT1,Cultivated,Co,11,4,1,1,4,2,2,78,0,1,4,1,0,1,0,0,"Plant was small, infested with Mb?",NA,NA,NA,NA,NA,NA,NA,NA,NA,NA,NA,NA,NA,NA,NA,NA,NA,NA,NA,NA,NA,NA,NA,NA,NA,NA,NA,NA,NA,NA,NA,NA,NA,NA,NA,NA,NA,NA,NA,NA
C208,208,IT1,Cultivated,Co,11,8,1,2,8,4,1,181,0,1,8,1,1,0,0,0,,NA,NA,NA,NA,NA,NA,NA,NA,NA,NA,NA,NA,NA,NA,NA,NA,NA,NA,4.6,0.47,0.12,0.35,0,0.03,0.05,0,0.04,0.18,0.17,0,0,NA,NA,NA,NA,,NA,NA,NA,NA
C209,209,IT1,Cultivated,Co,11,9,1,2,9,5,1,209,0,1,9,1,0,1,0,0,,NA,NA,NA,NA,NA,NA,NA,NA,NA,NA,NA,NA,NA,NA,NA,NA,NA,NA,NA,NA,NA,NA,NA,NA,NA,NA,NA,NA,NA,NA,NA,NA,NA,NA,NA,NA,NA,NA,NA,NA
C210,210,IT1,Cultivated,Co,11,10,1,2,10,4,3,231,0,1,10,1,0,1,0,0,,NA,NA,NA,NA,NA,NA,NA,NA,NA,NA,NA,NA,NA,NA,NA,NA,NA,NA,NA,NA,NA,NA,NA,NA,NA,NA,NA,NA,NA,NA,NA,NA,NA,NA,NA,NA,NA,NA,NA,NA
C211,211,IT1,Cultivated,Co,11,11,2,3,11,4,4,256,0,1,11,0,0,0,1,0,,6.8,0.01,0,0.01,0,0,0,0,0,0.01,0,0,0,NA,NA,NA,NA,,NA,NA,NA,NA,NA,NA,NA,NA,NA,NA,NA,NA,NA,NA,NA,NA,NA,NA,NA,NA,NA,NA
C212,212,IT1,Cultivated,Co,11,12,2,3,12,3,3,275,0,1,12,0,0,0,1,0,,8,0.53,0.52,0.01,0,0,0.52,0,0,0.01,0,0,0,NA,NA,NA,NA,,NA,NA,NA,NA,NA,NA,NA,NA,NA,NA,NA,NA,NA,NA,NA,NA,NA,NA,NA,NA,NA,NA
C213,213,IT1,Cultivated,Co,11,13,2,3,13,4,2,302,0,1,13,0,0,0,1,0,,10,0.47,0.47,0,0,0,0.47,0,0,0,0,0,0,NA,NA,NA,NA,,NA,NA,NA,NA,NA,NA,NA,NA,NA,NA,NA,NA,NA,NA,NA,NA,NA,NA,NA,NA,NA,NA
C214,214,IT1,Cultivated,Co,11,14,2,3,14,3,1,321,0,1,14,0,0,0,0,1,,NA,NA,NA,NA,NA,NA,NA,NA,NA,NA,NA,NA,NA,NA,NA,NA,NA,NA,NA,NA,NA,NA,NA,NA,NA,NA,NA,NA,NA,NA,NA,NA,NA,NA,NA,NA,NA,NA,NA,NA
C215,215,IT1,Cultivated,Co,11,15,2,3,15,3,2,346,0,1,15,1,0,0,0,1,,NA,NA,NA,NA,NA,NA,NA,NA,NA,NA,NA,NA,NA,NA,NA,NA,NA,NA,NA,NA,NA,NA,NA,NA,NA,NA,NA,NA,NA,NA,NA,NA,NA,NA,NA,NA,NA,NA,NA,NA
C216,216,IT1,Cultivated,Co,11,16,2,4,16,5,2,378,0,1,16,1,1,0,0,0,,NA,NA,NA,NA,NA,NA,NA,NA,NA,NA,NA,NA,NA,NA,NA,NA,NA,NA,13.1,1.21,0.1,1.04,0,0.02,0,0,0.08,0.15,0.6,0.29,0.07,NA,NA,NA,NA,,NA,NA,NA,NA
C217,217,IT1,Cultivated,Co,11,17,2,4,17,1,4,388,0,1,17,1,0,1,0,0,,NA,NA,NA,NA,NA,NA,NA,NA,NA,NA,NA,NA,NA,NA,NA,NA,NA,NA,NA,NA,NA,NA,NA,NA,NA,NA,NA,NA,NA,NA,NA,NA,NA,NA,NA,NA,NA,NA,NA,NA
C218,218,IT1,Cultivated,Co,11,18,2,4,18,1,3,411,0,1,18,1,1,0,0,0,,NA,NA,NA,NA,NA,NA,NA,NA,NA,NA,NA,NA,NA,NA,NA,NA,NA,NA,11.8,0.28,0.05,0.22,0,0.01,0.01,0,0.03,0.03,0.12,0.07,0.02,NA,NA,NA,NA,,NA,NA,NA,NA
C219,219,IT1,Cultivated,Co,11,19,2,4,19,2,4,440,0,1,19,1,1,0,0,0,,NA,NA,NA,NA,NA,NA,NA,NA,NA,NA,NA,NA,NA,NA,NA,NA,NA,NA,15,0.28,0.05,0.22,0,0.01,0.02,0,0.02,0.06,0.12,0.04,0,NA,NA,NA,NA,,NA,NA,NA,NA
C220,220,IT1,Cultivated,Co,11,20,2,4,20,2,3,463,0,1,20,1,1,0,0,0,,NA,NA,NA,NA,NA,NA,NA,NA,NA,NA,NA,NA,NA,NA,NA,NA,NA,NA,16.9,0.23,0.04,0.15,0,0.01,0,0,0.03,0.03,0.12,0,0.04,NA,NA,NA,NA,,NA,NA,NA,NA
C221,221,IT1,Cultivated,Mb,12,1,1,1,1,5,3,19,4,1,1,0,0,0,1,0,,6.2,1.62,1.61,0.01,0,0,1.61,0,0,0.01,0,0,0,NA,NA,NA,NA,,NA,NA,NA,NA,NA,NA,NA,NA,NA,NA,NA,NA,NA,NA,NA,NA,NA,NA,6.84225,,4,4
C222,222,IT1,Cultivated,Mb,12,2,1,1,2,5,4,44,4,1,2,0,0,0,1,0,,8.2,0.24,0.24,0.01,0,0,0.24,0,0,0.01,0,0,0,NA,NA,NA,NA,,NA,NA,NA,NA,NA,NA,NA,NA,NA,NA,NA,NA,NA,NA,NA,NA,NA,NA,6.41525,,4,4
C223,223,IT1,Cultivated,Mb,12,5,1,1,5,6,4,120,4,1,5,0,0,0,0,1,,NA,NA,NA,NA,NA,NA,NA,NA,NA,NA,NA,NA,NA,NA,NA,NA,NA,NA,NA,NA,NA,NA,NA,NA,NA,NA,NA,NA,NA,NA,NA,NA,NA,NA,NA,NA,5.4025,,4,4
C224,224,IT1,Cultivated,Mb,12,6,1,2,6,4,3,135,4,1,6,0,0,0,0,0,,NA,NA,NA,NA,NA,NA,NA,NA,NA,NA,NA,NA,NA,NA,NA,NA,NA,NA,NA,NA,NA,NA,NA,NA,NA,NA,NA,NA,NA,NA,NA,NA,NA,NA,NA,NA,7.8475,weird looking plant,4,2
C225,225,IT1,Cultivated,Mb,12,7,1,2,7,2,2,150,4,1,7,1,0,0,0,1,,NA,NA,NA,NA,NA,NA,NA,NA,NA,NA,NA,NA,NA,NA,NA,NA,NA,NA,NA,NA,NA,NA,NA,NA,NA,NA,NA,NA,NA,NA,NA,NA,NA,NA,NA,NA,4.896,,4,4
C226,226,IT1,Cultivated,Mb,12,3,1,1,3,3,1,57,4,1,3,1,0,1,0,0,,NA,NA,NA,NA,NA,NA,NA,NA,NA,NA,NA,NA,NA,NA,NA,NA,NA,NA,NA,NA,NA,NA,NA,NA,NA,NA,NA,NA,NA,NA,NA,NA,NA,NA,NA,NA,8.42,1 cat fell,4,4
C227,227,IT1,Cultivated,Mb,12,4,1,1,4,3,4,84,4,1,4,1,0,1,0,0,does not exist?,NA,NA,NA,NA,NA,NA,NA,NA,NA,NA,NA,NA,NA,NA,NA,NA,NA,NA,NA,NA,NA,NA,NA,NA,NA,NA,NA,NA,NA,NA,NA,NA,NA,NA,NA,NA,7.5495,,4,4
C228,228,IT1,Cultivated,Mb,12,8,1,2,8,4,4,184,4,1,8,1,0,1,0,0,,NA,NA,NA,NA,NA,NA,NA,NA,NA,NA,NA,NA,NA,NA,NA,NA,NA,NA,NA,NA,NA,NA,NA,NA,NA,NA,NA,NA,NA,NA,NA,NA,NA,NA,NA,NA,6.4745,,4,4
C229,229,IT1,Cultivated,Mb,12,9,1,2,9,1,3,195,4,1,9,1,0,1,0,0,,NA,NA,NA,NA,NA,NA,NA,NA,NA,NA,NA,NA,NA,NA,NA,NA,NA,NA,NA,NA,NA,NA,NA,NA,NA,NA,NA,NA,NA,NA,NA,NA,NA,NA,NA,NA,6.165,,4,4
C230,230,IT1,Cultivated,Mb,12,10,1,2,10,1,2,218,4,1,10,1,0,1,0,0,,NA,NA,NA,NA,NA,NA,NA,NA,NA,NA,NA,NA,NA,NA,NA,NA,NA,NA,NA,NA,NA,NA,NA,NA,NA,NA,NA,NA,NA,NA,NA,NA,NA,NA,NA,NA,5.476666667,,4,3
C231,231,IT1,Cultivated,Mb,12,11,2,3,11,2,4,248,4,1,11,0,0,0,1,0,,8.2,1.09,1.09,0.01,0,0,1.09,0,0,0.01,0,0,0,NA,NA,NA,NA,,NA,NA,NA,NA,NA,NA,NA,NA,NA,NA,NA,NA,NA,NA,NA,NA,NA,NA,5.881,,4,3
C232,232,IT1,Cultivated,Mb,12,12,2,3,12,2,3,271,4,1,12,0,0,0,1,0,,10.2,0.49,0.46,0.03,0,0,0.46,0,0,0.03,0,0,0,NA,NA,NA,NA,,NA,NA,NA,NA,NA,NA,NA,NA,NA,NA,NA,NA,NA,NA,NA,NA,NA,NA,5.90725,,4,4
C233,233,IT1,Cultivated,Mb,12,13,2,3,13,6,1,309,4,1,13,0,0,0,1,0,,9.8,0.59,0.59,0.01,0,0,0.59,0,0,0.01,0,0,0,NA,NA,NA,NA,,NA,NA,NA,NA,NA,NA,NA,NA,NA,NA,NA,NA,NA,NA,NA,NA,NA,NA,6.34325,,4,4
C234,234,IT1,Cultivated,Mb,12,14,2,3,14,5,2,330,4,1,14,0,0,0,0,1,,NA,NA,NA,NA,NA,NA,NA,NA,NA,NA,NA,NA,NA,NA,NA,NA,NA,NA,NA,NA,NA,NA,NA,NA,NA,NA,NA,NA,NA,NA,NA,NA,NA,NA,NA,NA,5.617333333,,4,3
C235,235,IT1,Cultivated,Mb,12,15,2,3,15,2,1,341,4,1,15,1,0,0,0,1,,NA,NA,NA,NA,NA,NA,NA,NA,NA,NA,NA,NA,NA,NA,NA,NA,NA,NA,NA,NA,NA,NA,NA,NA,NA,NA,NA,NA,NA,NA,NA,NA,NA,NA,NA,NA,6.072,,4,3
C236,236,IT1,Cultivated,Mb,12,16,2,4,16,1,1,361,4,1,16,1,1,0,0,0,,NA,NA,NA,NA,NA,NA,NA,NA,NA,NA,NA,NA,NA,NA,NA,NA,NA,NA,15.5,0.88,0.1,0.66,0,0.03,0.01,0,0.06,0.09,0.47,0.1,0.12,NA,NA,NA,NA,,6.272,,4,4
C237,237,IT1,Cultivated,Mb,12,17,2,4,17,4,1,397,4,1,17,1,1,0,0,0,,NA,NA,NA,NA,NA,NA,NA,NA,NA,NA,NA,NA,NA,NA,NA,NA,NA,NA,5.7,0.63,0.12,0.5,0,0.02,0,0,0.1,0.05,0.26,0.19,0.01,NA,NA,NA,NA,,5.5355,,4,4
C238,238,IT1,Cultivated,Mb,12,18,2,4,18,3,2,418,4,1,18,1,1,0,0,0,,NA,NA,NA,NA,NA,NA,NA,NA,NA,NA,NA,NA,NA,NA,NA,NA,NA,NA,6.4,0.59,0.1,0.49,0,0.02,0.02,0,0.06,0.13,0.28,0.08,0,NA,NA,NA,NA,,6.0305,,4,4
C239,239,IT1,Cultivated,Mb,12,19,2,4,19,6,3,455,4,1,19,1,1,0,0,0,this plant was originally E72 and replaced at rhizosphere collection,NA,NA,NA,NA,NA,NA,NA,NA,NA,NA,NA,NA,NA,NA,NA,NA,NA,NA,6.9,0.24,0.07,0.15,0,0.03,0,0,0.04,0.03,0.05,0.07,0.02,NA,NA,NA,NA,this plant was originally E72 and replaced at rhizosphere collection,NA,NA,4,0
C240,240,IT1,Cultivated,Mb,12,20,2,4,20,4,2,470,4,1,20,1,1,0,0,0,,NA,NA,NA,NA,NA,NA,NA,NA,NA,NA,NA,NA,NA,NA,NA,NA,NA,NA,7,0.75,0.14,0.58,0.02,0.02,0.04,0,0.06,0.28,0.19,0.11,0.03,NA,NA,NA,NA,,4.842,,4,4
CE66,E66,IT1,Cultivated,Mb,12,NA,NA,NA,NA,NA,NA,NA,4,1,NA,NA,NA,NA,NA,NA,NA,NA,NA,NA,NA,NA,NA,NA,NA,NA,NA,NA,NA,NA,NA,NA,NA,NA,NA,NA,NA,NA,NA,NA,NA,NA,NA,NA,NA,NA,NA,NA,NA,NA,NA,NA,NA,6.528,,4,1
CE67,E67,IT1,Cultivated,Mb,12,NA,1,1,NA,NA,NA,NA,4,1,NA,NA,NA,NA,NA,NA,NA,NA,NA,NA,NA,NA,NA,NA,NA,NA,NA,NA,NA,NA,NA,NA,NA,NA,NA,NA,NA,NA,NA,NA,NA,NA,NA,NA,NA,NA,NA,NA,NA,NA,NA,NA,NA,3.261,malformed plant,4,2
CE72,E72,IT1,Cultivated,Mb,12,NA,2,4,NA,NA,NA,NA,4,1,NA,NA,NA,NA,NA,NA,NA,NA,NA,NA,NA,NA,NA,NA,NA,NA,NA,NA,NA,NA,NA,NA,NA,NA,NA,NA,NA,NA,NA,NA,NA,NA,NA,NA,NA,NA,NA,NA,NA,NA,NA,NA,NA,5.874,,4,4
C241,241,KI,Wild,Co,13,1,1,1,1,3,1,9,0,2,1,0,0,0,1,0,,8,0.77,0.16,0.61,0,0,0.16,0,0,0.61,0,0,0,NA,NA,NA,NA,,NA,NA,NA,NA,NA,NA,NA,NA,NA,NA,NA,NA,NA,NA,NA,NA,NA,NA,NA,NA,NA,NA
C242,242,KI,Wild,Co,13,2,1,1,2,6,4,48,0,2,2,0,0,0,1,0,,11.2,0.45,0.43,0.02,0,0,0.43,0,0,0.02,0,0,0,NA,NA,NA,NA,,NA,NA,NA,NA,NA,NA,NA,NA,NA,NA,NA,NA,NA,NA,NA,NA,NA,NA,NA,NA,NA,NA
C243,243,KI,Wild,Co,13,3,1,1,3,6,2,70,0,2,3,0,0,0,1,0,,12.2,0.45,0.42,0.03,0,0,0.42,0,0,0.03,0,0,0,NA,NA,NA,NA,,NA,NA,NA,NA,NA,NA,NA,NA,NA,NA,NA,NA,NA,NA,NA,NA,NA,NA,NA,NA,NA,NA
C244,244,KI,Wild,Co,13,4,1,1,4,5,3,91,0,2,4,0,0,0,0,1,,NA,NA,NA,NA,NA,NA,NA,NA,NA,NA,NA,NA,NA,NA,NA,NA,NA,NA,NA,NA,NA,NA,NA,NA,NA,NA,NA,NA,NA,NA,NA,NA,NA,NA,NA,NA,NA,NA,NA,NA
C245,245,KI,Wild,Co,13,5,1,1,5,3,4,108,0,2,5,1,0,0,0,1,,NA,NA,NA,NA,NA,NA,NA,NA,NA,NA,NA,NA,NA,NA,NA,NA,NA,NA,NA,NA,NA,NA,NA,NA,NA,NA,NA,NA,NA,NA,NA,NA,NA,NA,NA,NA,NA,NA,NA,NA
C246,246,KI,Wild,Co,13,6,1,2,6,2,4,128,0,2,6,1,0,1,0,0,Label of GSL root sample is hard to reed and may be another sample althoug this is the most likely one,NA,NA,NA,NA,NA,NA,NA,NA,NA,NA,NA,NA,NA,NA,NA,NA,NA,NA,NA,NA,NA,NA,NA,NA,NA,NA,NA,NA,NA,NA,NA,NA,NA,NA,NA,NA,NA,NA,NA,NA
C247,247,KI,Wild,Co,13,7,1,2,7,3,3,155,0,2,7,1,0,1,0,0,,NA,NA,NA,NA,NA,NA,NA,NA,NA,NA,NA,NA,NA,NA,NA,NA,NA,NA,NA,NA,NA,NA,NA,NA,NA,NA,NA,NA,NA,NA,NA,NA,NA,NA,NA,NA,NA,NA,NA,NA
C248,248,KI,Wild,Co,13,8,1,2,8,2,1,173,0,2,8,1,0,1,0,0,,NA,NA,NA,NA,NA,NA,NA,NA,NA,NA,NA,NA,NA,NA,NA,NA,NA,NA,NA,NA,NA,NA,NA,NA,NA,NA,NA,NA,NA,NA,NA,NA,NA,NA,NA,NA,NA,NA,NA,NA
C249,249,KI,Wild,Co,13,9,1,2,9,5,2,210,0,2,9,1,0,1,0,0,,NA,NA,NA,NA,NA,NA,NA,NA,NA,NA,NA,NA,NA,NA,NA,NA,NA,NA,NA,NA,NA,NA,NA,NA,NA,NA,NA,NA,NA,NA,NA,NA,NA,NA,NA,NA,NA,NA,NA,NA
C250,250,KI,Wild,Co,13,10,1,2,10,2,3,223,0,2,10,1,0,1,0,0,,NA,NA,NA,NA,NA,NA,NA,NA,NA,NA,NA,NA,NA,NA,NA,NA,NA,NA,NA,NA,NA,NA,NA,NA,NA,NA,NA,NA,NA,NA,NA,NA,NA,NA,NA,NA,NA,NA,NA,NA
C251,251,KI,Wild,Co,13,11,2,3,11,1,2,242,0,2,11,0,0,0,1,0,,13,0.77,0.75,0.01,0,0,0.75,0,0,0.01,0,0,0,NA,NA,NA,NA,,NA,NA,NA,NA,NA,NA,NA,NA,NA,NA,NA,NA,NA,NA,NA,NA,NA,NA,NA,NA,NA,NA
C252,252,KI,Wild,Co,13,12,2,3,12,4,2,278,0,2,12,0,0,0,1,0,,8.8,1.12,1.11,0.01,0,0,1.11,0,0,0.01,0,0,0,NA,NA,NA,NA,,NA,NA,NA,NA,NA,NA,NA,NA,NA,NA,NA,NA,NA,NA,NA,NA,NA,NA,NA,NA,NA,NA
C253,253,KI,Wild,Co,13,13,2,3,13,1,4,292,0,2,13,0,0,0,0,1,,NA,NA,NA,NA,NA,NA,NA,NA,NA,NA,NA,NA,NA,NA,NA,NA,NA,NA,NA,NA,NA,NA,NA,NA,NA,NA,NA,NA,NA,NA,NA,NA,NA,NA,NA,NA,NA,NA,NA,NA
C254,254,KI,Wild,Co,13,14,2,3,14,5,1,329,0,2,14,0,0,0,0,1,,NA,NA,NA,NA,NA,NA,NA,NA,NA,NA,NA,NA,NA,NA,NA,NA,NA,NA,NA,NA,NA,NA,NA,NA,NA,NA,NA,NA,NA,NA,NA,NA,NA,NA,NA,NA,NA,NA,NA,NA
C255,255,KI,Wild,Co,13,15,2,3,15,1,1,337,0,2,15,1,1,0,0,1,,NA,NA,NA,NA,NA,NA,NA,NA,NA,NA,NA,NA,NA,NA,NA,NA,NA,NA,7.6,0.86,0.27,0.51,0.08,0,0.14,0,0.05,0.06,0.35,0.1,0.08,NA,NA,NA,NA,,NA,NA,NA,NA
C256,256,KI,Wild,Co,13,16,2,4,16,3,2,370,0,2,16,1,1,0,0,0,,NA,NA,NA,NA,NA,NA,NA,NA,NA,NA,NA,NA,NA,NA,NA,NA,NA,NA,5.9,0.53,0.26,0.22,0.14,0,0.09,0,0.03,0.06,0.16,0,0.05,NA,NA,NA,NA,,NA,NA,NA,NA
C257,257,KI,Wild,Co,13,17,2,4,17,6,1,405,0,2,17,1,1,0,0,0,This plant was originally E76 and replaced at rhizosphere collection,NA,NA,NA,NA,NA,NA,NA,NA,NA,NA,NA,NA,NA,NA,NA,NA,NA,NA,5.5,0.88,0.04,0.65,0,0,0,0,0.04,0.62,0.03,0,0.19,NA,NA,NA,NA,This plant was originally E76 and replaced at rhizosphere collection,NA,NA,NA,NA
C258,258,KI,Wild,Co,13,18,2,4,18,6,3,431,0,2,18,1,1,0,0,0,,NA,NA,NA,NA,NA,NA,NA,NA,NA,NA,NA,NA,NA,NA,NA,NA,NA,NA,12,1.83,0.71,0.61,0.06,0.05,0.27,0,0.33,0.04,0.33,0.24,0.51,NA,NA,NA,NA,,NA,NA,NA,NA
C259,259,KI,Wild,Co,13,19,2,4,19,4,3,447,0,2,19,1,1,0,0,0,,NA,NA,NA,NA,NA,NA,NA,NA,NA,NA,NA,NA,NA,NA,NA,NA,NA,NA,5.1,0.71,0.27,0.37,0.12,0,0.07,0,0.08,0.09,0.18,0.1,0.07,NA,NA,NA,NA,,NA,NA,NA,NA
C260,260,KI,Wild,Co,13,20,2,4,20,4,1,469,0,2,20,1,0,0,0,0,,NA,NA,NA,NA,NA,NA,NA,NA,NA,NA,NA,NA,NA,NA,NA,NA,NA,NA,NA,NA,NA,NA,NA,NA,NA,NA,NA,NA,NA,NA,NA,NA,NA,NA,NA,NA,NA,NA,NA,NA
C261,261,KI,Wild,Mb,14,1,1,1,1,3,4,12,4,2,1,0,0,0,1,0,,10.1,6.67,1.94,4.73,0,0,1.94,0,0,4.73,0,0,0,NA,NA,NA,NA,,NA,NA,NA,NA,NA,NA,NA,NA,NA,NA,NA,NA,NA,NA,NA,NA,NA,NA,2.786666667,,4,3
C262,262,KI,Wild,Mb,14,2,1,1,2,2,1,29,4,2,2,0,0,0,1,0,,11.2,29.57,0.82,28.75,0,0,0.82,0,0,12.43,0,16.32,0,NA,NA,NA,NA,,NA,NA,NA,NA,NA,NA,NA,NA,NA,NA,NA,NA,NA,NA,NA,NA,NA,NA,1.0765,,4,4
C263,263,KI,Wild,Mb,14,3,1,1,3,5,3,67,4,2,3,0,0,0,1,0,"GSL leaf sample exists twice, one blue lable and one black. The black is labeled later so may be the exual one. In the blue one may be something else, 163 is missing so it may be that one although the notes in this file say that the platn is mssing.",9.6,1.54,1.41,0.12,0,0,1.41,0,0,0.04,0,0.08,0,NA,NA,NA,NA,"GSL leaf sample exists twice, one blue lable and one black. The black is labeled later so may be the exual one. In the blue one may be something else, 163 is missing so it may be that one although the notes in this file say that the platn is mssing.",NA,NA,NA,NA,NA,NA,NA,NA,NA,NA,NA,NA,NA,NA,NA,NA,NA,NA,1.6385,,4,4
C264,264,KI,Wild,Mb,14,4,1,1,4,2,4,80,4,2,4,0,0,0,0,1,,NA,NA,NA,NA,NA,NA,NA,NA,NA,NA,NA,NA,NA,NA,NA,NA,NA,NA,NA,NA,NA,NA,NA,NA,NA,NA,NA,NA,NA,NA,NA,NA,NA,NA,NA,NA,2.98,,4,2
C265,265,KI,Wild,Mb,14,5,1,1,5,6,1,117,4,2,5,1,0,0,0,1,,NA,NA,NA,NA,NA,NA,NA,NA,NA,NA,NA,NA,NA,NA,NA,NA,NA,NA,NA,NA,NA,NA,NA,NA,NA,NA,NA,NA,NA,NA,NA,NA,NA,NA,NA,NA,0.9915,,4,4
C266,266,KI,Wild,Mb,14,6,1,2,6,6,2,142,4,2,6,1,0,1,0,0,,NA,NA,NA,NA,NA,NA,NA,NA,NA,NA,NA,NA,NA,NA,NA,NA,NA,NA,NA,NA,NA,NA,NA,NA,NA,NA,NA,NA,NA,NA,NA,NA,NA,NA,NA,NA,0.981333333,,4,3
C267,267,KI,Wild,Mb,14,7,1,2,7,2,3,151,4,2,7,1,0,1,0,0,,NA,NA,NA,NA,NA,NA,NA,NA,NA,NA,NA,NA,NA,NA,NA,NA,NA,NA,NA,NA,NA,NA,NA,NA,NA,NA,NA,NA,NA,NA,NA,NA,NA,NA,NA,NA,4.155,,4,3
C268,268,KI,Wild,Mb,14,8,1,2,8,3,2,178,4,2,8,1,0,1,0,0,,NA,NA,NA,NA,NA,NA,NA,NA,NA,NA,NA,NA,NA,NA,NA,NA,NA,NA,NA,NA,NA,NA,NA,NA,NA,NA,NA,NA,NA,NA,NA,NA,NA,NA,NA,NA,1.0224,infested with one cat too much,5,5
C269,269,KI,Wild,Mb,14,9,1,2,9,3,1,201,4,2,9,1,1,0,0,0,,NA,NA,NA,NA,NA,NA,NA,NA,NA,NA,NA,NA,NA,NA,NA,NA,NA,NA,5.7,0.95,0.12,0.68,0,0,0.05,0,0.07,0.12,0.22,0.34,0.14,NA,NA,NA,NA,,0.889,infested by Ar as well,4,3
C270,270,KI,Wild,Mb,14,10,1,2,10,3,3,227,4,2,10,1,0,1,0,0,,NA,NA,NA,NA,NA,NA,NA,NA,NA,NA,NA,NA,NA,NA,NA,NA,NA,NA,NA,NA,NA,NA,NA,NA,NA,NA,NA,NA,NA,NA,NA,NA,NA,NA,NA,NA,1.28875,,4,4
C271,271,KI,Wild,Mb,14,11,2,3,11,1,3,243,4,2,11,0,0,0,1,0,,12.1,0.02,0,0.02,0,0,0,0,0,0.02,0,0,0,NA,NA,NA,NA,,NA,NA,NA,NA,NA,NA,NA,NA,NA,NA,NA,NA,NA,NA,NA,NA,NA,NA,1.938,,4,2
C272,272,KI,Wild,Mb,14,12,2,3,12,1,1,265,4,2,12,0,0,0,1,0,,14.4,10.19,0.39,9.8,0.06,0,0.33,0,0,9.31,0,0.49,0,NA,NA,NA,NA,,NA,NA,NA,NA,NA,NA,NA,NA,NA,NA,NA,NA,NA,NA,NA,NA,NA,NA,2.331,,4,3
C273,273,KI,Wild,Mb,14,13,2,3,13,4,4,304,4,2,13,0,0,0,0,1,,NA,NA,NA,NA,NA,NA,NA,NA,NA,NA,NA,NA,NA,NA,NA,NA,NA,NA,NA,NA,NA,NA,NA,NA,NA,NA,NA,NA,NA,NA,NA,NA,NA,NA,NA,NA,1.14425,,4,4
C274,274,KI,Wild,Mb,14,14,2,3,14,4,3,327,4,2,14,0,0,0,0,1,,NA,NA,NA,NA,NA,NA,NA,NA,NA,NA,NA,NA,NA,NA,NA,NA,NA,NA,NA,NA,NA,NA,NA,NA,NA,NA,NA,NA,NA,NA,NA,NA,NA,NA,NA,NA,1.09875,,4,4
C275,275,KI,Wild,Mb,14,15,2,3,15,5,4,356,4,2,15,1,0,0,0,1,,NA,NA,NA,NA,NA,NA,NA,NA,NA,NA,NA,NA,NA,NA,NA,NA,NA,NA,NA,NA,NA,NA,NA,NA,NA,NA,NA,NA,NA,NA,NA,NA,NA,NA,NA,NA,1.229666667,,4,3
C276,276,KI,Wild,Mb,14,16,2,4,16,1,2,362,4,2,16,1,1,0,0,0,,NA,NA,NA,NA,NA,NA,NA,NA,NA,NA,NA,NA,NA,NA,NA,NA,NA,NA,19.1,1.16,0.48,0.56,0.25,0.01,0.16,0.01,0.05,0.06,0.44,0.06,0.12,NA,NA,NA,NA,,3.1645,,4,4
C277,277,KI,Wild,Mb,14,17,2,4,17,6,3,407,4,2,17,1,1,0,0,0,,NA,NA,NA,NA,NA,NA,NA,NA,NA,NA,NA,NA,NA,NA,NA,NA,NA,NA,19.1,0.25,0.03,0.19,0.01,0,0.01,0,0.01,0.06,0.05,0.08,0.03,NA,NA,NA,NA,,0.657,,4,3
C278,278,KI,Wild,Mb,14,18,2,4,18,4,2,422,4,2,18,1,1,0,0,0,,NA,NA,NA,NA,NA,NA,NA,NA,NA,NA,NA,NA,NA,NA,NA,NA,NA,NA,11.1,1.22,0.61,0.56,0.19,0.01,0.37,0,0.04,0.05,0.51,0,0.05,NA,NA,NA,NA,,1.893666667,,4,3
C279,279,KI,Wild,Mb,14,19,2,4,19,5,1,449,4,2,19,1,1,0,0,0,,NA,NA,NA,NA,NA,NA,NA,NA,NA,NA,NA,NA,NA,NA,NA,NA,NA,NA,8.5,0.54,0.11,0.38,0.04,0,0.02,0,0.05,0.06,0.21,0.11,0.05,NA,NA,NA,NA,,1.801,,4,3
C280,280,KI,Wild,Mb,14,20,2,4,20,6,4,480,4,2,20,0,0,0,0,0,Roots were rotten so no rhizosphere samples were taken. The AG platn looked fine.,NA,NA,NA,NA,NA,NA,NA,NA,NA,NA,NA,NA,NA,NA,NA,NA,NA,NA,NA,NA,NA,NA,NA,NA,NA,NA,NA,NA,NA,NA,NA,NA,NA,NA,NA,NA,0.968666667,,4,3
C281,281,KT,Cultivated,Co,15,1,1,1,1,6,2,22,0,1,1,0,0,0,1,0,,7.4,0.87,0.69,0.18,0,0,0.69,0,0,0.18,0,0,0,NA,NA,NA,NA,,NA,NA,NA,NA,NA,NA,NA,NA,NA,NA,NA,NA,NA,NA,NA,NA,NA,NA,NA,NA,NA,NA
C282,282,KT,Cultivated,Co,15,2,1,1,2,2,3,31,0,1,2,0,0,0,1,0,"Plant was small, infested with Mb?",4.3,2.58,2.56,0.02,0,0,2.56,0,0,0.02,0,0,0,NA,NA,NA,NA,"Plant was small, infested with Mb?",NA,NA,NA,NA,NA,NA,NA,NA,NA,NA,NA,NA,NA,NA,NA,NA,NA,NA,NA,NA,NA,NA
C283,283,KT,Cultivated,Co,15,3,1,1,3,5,1,65,0,1,3,0,0,0,0,0,does not exist,NA,NA,NA,NA,NA,NA,NA,NA,NA,NA,NA,NA,NA,NA,NA,NA,NA,NA,NA,NA,NA,NA,NA,NA,NA,NA,NA,NA,NA,NA,NA,NA,NA,NA,NA,NA,NA,NA,NA,NA
C284,284,KT,Cultivated,Co,15,4,1,1,4,3,1,81,0,1,4,0,0,0,1,0,,7.9,1.01,0.99,0.01,0,0,0.99,0,0,0.01,0,0,0,NA,NA,NA,NA,,NA,NA,NA,NA,NA,NA,NA,NA,NA,NA,NA,NA,NA,NA,NA,NA,NA,NA,NA,NA,NA,NA
C285,285,KT,Cultivated,Co,15,5,1,1,5,4,4,112,0,1,5,1,0,0,0,1,,NA,NA,NA,NA,NA,NA,NA,NA,NA,NA,NA,NA,NA,NA,NA,NA,NA,NA,NA,NA,NA,NA,NA,NA,NA,NA,NA,NA,NA,NA,NA,NA,NA,NA,NA,NA,NA,NA,NA,NA
C286,286,KT,Cultivated,Co,15,6,1,2,6,6,4,144,0,1,6,1,1,0,0,1,"Plant was small, infested with Mb?",NA,NA,NA,NA,NA,NA,NA,NA,NA,NA,NA,NA,NA,NA,NA,NA,NA,NA,9.7,0.14,0.04,0.1,0.02,0,0.02,0,0,0.09,0.01,0,0,NA,NA,NA,NA,"Plant was small, infested with Mb?",NA,NA,NA,NA
C287,287,KT,Cultivated,Co,15,7,1,2,7,3,2,154,0,1,7,1,1,0,0,0,,NA,NA,NA,NA,NA,NA,NA,NA,NA,NA,NA,NA,NA,NA,NA,NA,NA,NA,5.4,0.88,0.21,0.5,0.02,0.05,0.11,0,0.03,0.09,0.13,0.28,0.18,NA,NA,NA,NA,,NA,NA,NA,NA
C288,288,KT,Cultivated,Co,15,8,1,2,8,5,4,188,0,1,8,1,1,0,0,0,,NA,NA,NA,NA,NA,NA,NA,NA,NA,NA,NA,NA,NA,NA,NA,NA,NA,NA,9.2,1.35,0.17,1.05,0.01,0,0.16,0,0,0.18,0.25,0.62,0.13,NA,NA,NA,NA,,NA,NA,NA,NA
C289,289,KT,Cultivated,Co,15,9,1,2,9,1,2,194,0,1,9,1,1,0,0,0,,NA,NA,NA,NA,NA,NA,NA,NA,NA,NA,NA,NA,NA,NA,NA,NA,NA,NA,5,0.19,0.09,0.11,0,0.03,0.06,0,0,0.04,0.02,0.05,0,NA,NA,NA,NA,,NA,NA,NA,NA
C290,290,KT,Cultivated,Co,15,10,1,2,10,6,3,239,0,1,10,1,1,0,0,0,,NA,NA,NA,NA,NA,NA,NA,NA,NA,NA,NA,NA,NA,NA,NA,NA,NA,NA,7.4,7.07,0.42,6.65,0,0,0.42,0,0,1.7,2.02,2.93,0,NA,NA,NA,NA,,NA,NA,NA,NA
C291,291,KT,Cultivated,Co,15,11,2,3,11,4,1,253,0,1,11,0,0,0,1,0,Some trips damage observed,9.5,1.81,1.73,0.08,0,0,1.73,0,0,0.08,0,0,0,NA,NA,NA,NA,Some trips damage observed,NA,NA,NA,NA,NA,NA,NA,NA,NA,NA,NA,NA,NA,NA,NA,NA,NA,NA,NA,NA,NA,NA
C292,292,KT,Cultivated,Co,15,12,2,3,12,2,2,270,0,1,12,0,0,0,1,0,,9.7,0.9,0.88,0.02,0,0,0.88,0,0,0.02,0,0,0,NA,NA,NA,NA,,NA,NA,NA,NA,NA,NA,NA,NA,NA,NA,NA,NA,NA,NA,NA,NA,NA,NA,NA,NA,NA,NA
C293,293,KT,Cultivated,Co,15,13,2,3,13,1,3,291,0,1,13,0,0,0,0,0,,NA,NA,NA,NA,NA,NA,NA,NA,NA,NA,NA,NA,NA,NA,NA,NA,NA,NA,NA,NA,NA,NA,NA,NA,NA,NA,NA,NA,NA,NA,NA,NA,NA,NA,NA,NA,NA,NA,NA,NA
C294,294,KT,Cultivated,Co,15,14,2,3,14,2,1,317,0,1,14,0,0,0,0,1,,NA,NA,NA,NA,NA,NA,NA,NA,NA,NA,NA,NA,NA,NA,NA,NA,NA,NA,NA,NA,NA,NA,NA,NA,NA,NA,NA,NA,NA,NA,NA,NA,NA,NA,NA,NA,NA,NA,NA,NA
C295,295,KT,Cultivated,Co,15,15,2,3,15,1,4,340,0,1,15,1,0,0,0,1,One leaf broken,NA,NA,NA,NA,NA,NA,NA,NA,NA,NA,NA,NA,NA,NA,NA,NA,NA,NA,NA,NA,NA,NA,NA,NA,NA,NA,NA,NA,NA,NA,NA,NA,NA,NA,NA,NA,NA,NA,NA,NA
C296,296,KT,Cultivated,Co,15,16,2,4,16,4,2,374,0,1,16,1,0,1,0,0,,NA,NA,NA,NA,NA,NA,NA,NA,NA,NA,NA,NA,NA,NA,NA,NA,NA,NA,NA,NA,NA,NA,NA,NA,NA,NA,NA,NA,NA,NA,NA,NA,NA,NA,NA,NA,NA,NA,NA,NA
C297,297,KT,Cultivated,Co,15,17,2,4,17,5,3,403,0,1,17,1,0,1,0,0,,NA,NA,NA,NA,NA,NA,NA,NA,NA,NA,NA,NA,NA,NA,NA,NA,NA,NA,NA,NA,NA,NA,NA,NA,NA,NA,NA,NA,NA,NA,NA,NA,NA,NA,NA,NA,NA,NA,NA,NA
C298,298,KT,Cultivated,Co,15,18,2,4,18,2,4,416,0,1,18,1,0,1,0,0,,NA,NA,NA,NA,NA,NA,NA,NA,NA,NA,NA,NA,NA,NA,NA,NA,NA,NA,NA,NA,NA,NA,NA,NA,NA,NA,NA,NA,NA,NA,NA,NA,NA,NA,NA,NA,NA,NA,NA,NA
C299,299,KT,Cultivated,Co,15,19,2,4,19,1,1,433,0,1,19,1,0,1,0,1,,NA,NA,NA,NA,NA,NA,NA,NA,NA,NA,NA,NA,NA,NA,NA,NA,NA,NA,NA,NA,NA,NA,NA,NA,NA,NA,NA,NA,NA,NA,NA,NA,NA,NA,NA,NA,NA,NA,NA,NA
C300,300,KT,Cultivated,Co,15,20,2,4,20,3,3,467,0,1,20,1,0,0,0,0,does not exist?,NA,NA,NA,NA,NA,NA,NA,NA,NA,NA,NA,NA,NA,NA,NA,NA,NA,NA,NA,NA,NA,NA,NA,NA,NA,NA,NA,NA,NA,NA,NA,NA,NA,NA,NA,NA,NA,NA,NA,NA
C301,301,KT,Cultivated,Mb,16,1,1,1,1,6,4,24,5,1,1,0,0,0,1,0,,5.1,2.69,2.67,0.02,0,0,2.67,0,0,0.02,0,0,0,NA,NA,NA,NA,,NA,NA,NA,NA,NA,NA,NA,NA,NA,NA,NA,NA,NA,NA,NA,NA,NA,NA,4.5848,,5,5
C302,302,KT,Cultivated,Mb,16,2,1,1,2,4,2,38,5,1,2,0,0,0,1,0,,11.5,7.8,1.98,5.82,0,0,1.98,0,0,0.55,0,5.27,0,NA,NA,NA,NA,,NA,NA,NA,NA,NA,NA,NA,NA,NA,NA,NA,NA,NA,NA,NA,NA,NA,NA,5.7576,,5,5
C303,303,KT,Cultivated,Mb,16,3,1,1,3,5,2,66,5,1,3,0,0,0,1,0,,7.6,3.58,0.11,3.46,0,0,0.11,0,0,0.56,0,2.9,0,NA,NA,NA,NA,,NA,NA,NA,NA,NA,NA,NA,NA,NA,NA,NA,NA,NA,NA,NA,NA,NA,NA,5.6932,,5,5
C304,304,KT,Cultivated,Mb,16,4,1,1,4,3,3,83,5,1,4,0,0,0,0,1,,NA,NA,NA,NA,NA,NA,NA,NA,NA,NA,NA,NA,NA,NA,NA,NA,NA,NA,NA,NA,NA,NA,NA,NA,NA,NA,NA,NA,NA,NA,NA,NA,NA,NA,NA,NA,5.6838,,5,5
C305,305,KT,Cultivated,Mb,16,5,1,1,5,5,1,113,5,1,5,1,0,0,0,1,,NA,NA,NA,NA,NA,NA,NA,NA,NA,NA,NA,NA,NA,NA,NA,NA,NA,NA,NA,NA,NA,NA,NA,NA,NA,NA,NA,NA,NA,NA,NA,NA,NA,NA,NA,NA,5.3952,,5,5
C306,306,KT,Cultivated,Mb,16,6,1,2,6,1,4,124,5,1,6,1,1,0,0,0,,NA,NA,NA,NA,NA,NA,NA,NA,NA,NA,NA,NA,NA,NA,NA,NA,NA,NA,12.6,0.54,0.09,0.45,0,0,0.09,0,0,0.11,0.16,0.18,0,NA,NA,NA,NA,,5.7862,,5,5
C307,307,KT,Cultivated,Mb,16,7,1,2,7,1,2,146,5,1,7,1,0,1,0,0,"Plant was small, infested with Mb?",NA,NA,NA,NA,NA,NA,NA,NA,NA,NA,NA,NA,NA,NA,NA,NA,NA,NA,NA,NA,NA,NA,NA,NA,NA,NA,NA,NA,NA,NA,NA,NA,NA,NA,NA,NA,7.068,small pant,5,1
C308,308,KT,Cultivated,Mb,16,8,1,2,8,3,1,177,5,1,8,1,1,0,0,0,,NA,NA,NA,NA,NA,NA,NA,NA,NA,NA,NA,NA,NA,NA,NA,NA,NA,NA,8.9,0.58,0.23,0.3,0.13,0,0.1,0,0,0.06,0.06,0.18,0.05,NA,NA,NA,NA,,5.479,,5,3
C309,309,KT,Cultivated,Mb,16,9,1,2,9,4,4,208,5,1,9,1,1,0,0,0,,NA,NA,NA,NA,NA,NA,NA,NA,NA,NA,NA,NA,NA,NA,NA,NA,NA,NA,22.5,0.16,0.05,0.11,0,0,0.05,0,0,0,0.04,0.07,0,NA,NA,NA,NA,,4.98725,,5,4
C310,310,KT,Cultivated,Mb,16,10,1,2,10,5,3,235,5,1,10,1,1,0,0,0,,NA,NA,NA,NA,NA,NA,NA,NA,NA,NA,NA,NA,NA,NA,NA,NA,NA,NA,14.8,0.69,0.21,0.44,0.03,0,0.18,0,0,0,0.11,0.33,0.04,NA,NA,NA,NA,,5.025,,5,5
C311,311,KT,Cultivated,Mb,16,11,2,3,11,6,3,263,5,1,11,0,0,0,1,0,,8.5,0.71,0.37,0.35,0,0,0.37,0,0,0.03,0,0.32,0,NA,NA,NA,NA,,NA,NA,NA,NA,NA,NA,NA,NA,NA,NA,NA,NA,NA,NA,NA,NA,NA,NA,6.15175,,5,4
C312,312,KT,Cultivated,Mb,16,12,2,3,12,4,1,277,5,1,12,0,0,0,1,0,,9.3,1.88,1.39,0.49,0,0,1.39,0,0,0.1,0,0.39,0,NA,NA,NA,NA,,NA,NA,NA,NA,NA,NA,NA,NA,NA,NA,NA,NA,NA,NA,NA,NA,NA,NA,5.4258,,5,5
C313,313,KT,Cultivated,Mb,16,13,2,3,13,2,1,293,5,1,13,0,0,0,0,1,,NA,NA,NA,NA,NA,NA,NA,NA,NA,NA,NA,NA,NA,NA,NA,NA,NA,NA,NA,NA,NA,NA,NA,NA,NA,NA,NA,NA,NA,NA,NA,NA,NA,NA,NA,NA,6.1995,,5,2
C314,314,KT,Cultivated,Mb,16,14,2,3,14,5,4,332,5,1,14,0,0,0,0,1,,NA,NA,NA,NA,NA,NA,NA,NA,NA,NA,NA,NA,NA,NA,NA,NA,NA,NA,NA,NA,NA,NA,NA,NA,NA,NA,NA,NA,NA,NA,NA,NA,NA,NA,NA,NA,3.9096,,5,5
C315,315,KT,Cultivated,Mb,16,15,2,3,15,4,3,351,5,1,15,1,0,0,0,1,,NA,NA,NA,NA,NA,NA,NA,NA,NA,NA,NA,NA,NA,NA,NA,NA,NA,NA,NA,NA,NA,NA,NA,NA,NA,NA,NA,NA,NA,NA,NA,NA,NA,NA,NA,NA,4.4804,,5,5
C316,316,KT,Cultivated,Mb,16,16,2,4,16,2,4,368,5,1,16,1,0,1,0,0,,NA,NA,NA,NA,NA,NA,NA,NA,NA,NA,NA,NA,NA,NA,NA,NA,NA,NA,NA,NA,NA,NA,NA,NA,NA,NA,NA,NA,NA,NA,NA,NA,NA,NA,NA,NA,5.89775,,5,4
C317,317,KT,Cultivated,Mb,16,17,2,4,17,3,2,394,5,1,17,1,0,1,0,0,,NA,NA,NA,NA,NA,NA,NA,NA,NA,NA,NA,NA,NA,NA,NA,NA,NA,NA,NA,NA,NA,NA,NA,NA,NA,NA,NA,NA,NA,NA,NA,NA,NA,NA,NA,NA,4.95025,,5,4
C318,318,KT,Cultivated,Mb,16,18,2,4,18,6,1,429,5,1,18,1,1,0,0,0,,NA,NA,NA,NA,NA,NA,NA,NA,NA,NA,NA,NA,NA,NA,NA,NA,NA,NA,6.6,0.46,0.1,0.36,0,0,0.1,0,0,0.07,0.11,0.18,0,NA,NA,NA,NA,,4.2655,,6,6
C319,319,KT,Cultivated,Mb,16,19,2,4,19,1,3,435,5,1,19,1,0,1,0,0,,NA,NA,NA,NA,NA,NA,NA,NA,NA,NA,NA,NA,NA,NA,NA,NA,NA,NA,NA,NA,NA,NA,NA,NA,NA,NA,NA,NA,NA,NA,NA,NA,NA,NA,NA,NA,4.94575,,5,4
C320,320,KT,Cultivated,Mb,16,20,2,4,20,2,2,462,5,1,20,1,0,1,0,0,,NA,NA,NA,NA,NA,NA,NA,NA,NA,NA,NA,NA,NA,NA,NA,NA,NA,NA,NA,NA,NA,NA,NA,NA,NA,NA,NA,NA,NA,NA,NA,NA,NA,NA,NA,NA,5.556,,5,5
C401,401,MC,Cultivated,Co,21,1,1,1,1,5,4,20,0,1,1,0,0,0,1,0,,8.9,0.06,0,0.06,0,0,0,0,0,0.03,0.03,0,0,NA,NA,NA,NA,,NA,NA,NA,NA,NA,NA,NA,NA,NA,NA,NA,NA,NA,NA,NA,NA,NA,NA,NA,NA,NA,NA
C402,402,MC,Cultivated,Co,21,2,1,1,2,1,4,28,0,1,2,0,0,0,1,0,does not exist?,9.1,0.31,0.06,0.12,0,0.04,0.02,0,0,0.03,0.04,0.05,0.14,NA,NA,NA,NA,does not exist?,NA,NA,NA,NA,NA,NA,NA,NA,NA,NA,NA,NA,NA,NA,NA,NA,NA,NA,NA,NA,NA,NA
C403,403,MC,Cultivated,Co,21,3,1,1,3,4,2,62,0,1,3,0,0,0,1,0,,8.5,1.48,0.08,1.4,0,0.02,0.06,0,0,0.97,0.07,0.36,0,NA,NA,NA,NA,,NA,NA,NA,NA,NA,NA,NA,NA,NA,NA,NA,NA,NA,NA,NA,NA,NA,NA,NA,NA,NA,NA
C404,404,MC,Cultivated,Co,21,4,1,1,4,4,1,85,0,1,4,0,0,0,0,1,is iets mee maar ik kan niet lezen wat (Ar),NA,NA,NA,NA,NA,NA,NA,NA,NA,NA,NA,NA,NA,NA,NA,NA,NA,NA,NA,NA,NA,NA,NA,NA,NA,NA,NA,NA,NA,NA,NA,NA,NA,NA,NA,NA,NA,NA,NA,NA
C405,405,MC,Cultivated,Co,21,5,1,1,5,2,4,104,0,1,5,1,0,0,0,1,Plant was to small to infest with Mb; is iets mee maar ik kan niet lezen wat (Ar),NA,NA,NA,NA,NA,NA,NA,NA,NA,NA,NA,NA,NA,NA,NA,NA,NA,NA,NA,NA,NA,NA,NA,NA,NA,NA,NA,NA,NA,NA,NA,NA,NA,NA,NA,NA,NA,NA,NA,NA
C406,406,MC,Cultivated,Co,21,6,1,2,6,1,1,121,0,1,6,1,1,0,0,0,,NA,NA,NA,NA,NA,NA,NA,NA,NA,NA,NA,NA,NA,NA,NA,NA,NA,NA,8.8,0.4,0.25,0.15,0.14,0,0.11,0,0,0.04,0.04,0.07,0,NA,NA,NA,NA,Sample 406 and 409 pooled,NA,NA,NA,NA
C407,407,MC,Cultivated,Co,21,7,1,2,7,4,4,160,0,1,7,1,1,0,0,0,,NA,NA,NA,NA,NA,NA,NA,NA,NA,NA,NA,NA,NA,NA,NA,NA,NA,NA,5.2,0.28,0.1,0.18,0,0,0.1,0,0,0,0.11,0.07,0,NA,NA,NA,NA,Sample 407 and 408 pooled,NA,NA,NA,NA
C408,408,MC,Cultivated,Co,21,8,1,2,8,5,1,185,0,1,8,1,1,0,0,0,,NA,NA,NA,NA,NA,NA,NA,NA,NA,NA,NA,NA,NA,NA,NA,NA,NA,NA,NA,NA,NA,NA,NA,NA,NA,NA,NA,NA,NA,NA,NA,NA,NA,NA,NA,NA,NA,NA,NA,NA
C409,409,MC,Cultivated,Co,21,9,1,2,9,3,2,202,0,1,9,1,1,0,0,0,,NA,NA,NA,NA,NA,NA,NA,NA,NA,NA,NA,NA,NA,NA,NA,NA,NA,NA,NA,NA,NA,NA,NA,NA,NA,NA,NA,NA,NA,NA,NA,NA,NA,NA,NA,NA,NA,NA,NA,NA
C410,410,MC,Cultivated,Co,21,10,1,2,10,2,2,222,0,1,10,1,0,1,0,0,,NA,NA,NA,NA,NA,NA,NA,NA,NA,NA,NA,NA,NA,NA,NA,NA,NA,NA,NA,NA,NA,NA,NA,NA,NA,NA,NA,NA,NA,NA,NA,NA,NA,NA,NA,NA,NA,NA,NA,NA
C411,411,MC,Cultivated,Co,21,11,2,3,11,6,4,264,0,1,11,0,0,0,1,0,,10.3,0.37,0.06,0.31,0,0,0.04,0,0.02,0.15,0.01,0.15,0,NA,NA,NA,NA,,NA,NA,NA,NA,NA,NA,NA,NA,NA,NA,NA,NA,NA,NA,NA,NA,NA,NA,NA,NA,NA,NA
C412,412,MC,Cultivated,Co,21,12,2,3,12,1,3,267,0,1,12,0,0,0,1,0,,9.5,0.38,0.34,0.05,0,0,0.34,0,0,0.02,0.02,0.01,0,NA,NA,NA,NA,,NA,NA,NA,NA,NA,NA,NA,NA,NA,NA,NA,NA,NA,NA,NA,NA,NA,NA,NA,NA,NA,NA
C413,413,MC,Cultivated,Co,21,13,2,3,13,2,3,295,0,1,13,0,0,0,0,1,,NA,NA,NA,NA,NA,NA,NA,NA,NA,NA,NA,NA,NA,NA,NA,NA,NA,NA,NA,NA,NA,NA,NA,NA,NA,NA,NA,NA,NA,NA,NA,NA,NA,NA,NA,NA,NA,NA,NA,NA
C414,414,MC,Cultivated,Co,21,14,2,3,14,3,3,323,0,1,14,0,0,0,0,1,,NA,NA,NA,NA,NA,NA,NA,NA,NA,NA,NA,NA,NA,NA,NA,NA,NA,NA,NA,NA,NA,NA,NA,NA,NA,NA,NA,NA,NA,NA,NA,NA,NA,NA,NA,NA,NA,NA,NA,NA
C415,415,MC,Cultivated,Co,21,15,2,3,15,1,2,338,0,1,15,1,0,0,0,1,,NA,NA,NA,NA,NA,NA,NA,NA,NA,NA,NA,NA,NA,NA,NA,NA,NA,NA,NA,NA,NA,NA,NA,NA,NA,NA,NA,NA,NA,NA,NA,NA,NA,NA,NA,NA,NA,NA,NA,NA
C416,416,MC,Cultivated,Co,21,16,2,4,16,5,3,379,0,1,16,1,1,0,0,0,,NA,NA,NA,NA,NA,NA,NA,NA,NA,NA,NA,NA,NA,NA,NA,NA,NA,NA,4.4,0.43,0.3,0.14,0,0,0.3,0,0,0.04,0.05,0.05,0,NA,NA,NA,NA,,NA,NA,NA,NA
C417,417,MC,Cultivated,Co,21,17,2,4,17,5,2,402,0,1,17,1,1,0,0,0,,NA,NA,NA,NA,NA,NA,NA,NA,NA,NA,NA,NA,NA,NA,NA,NA,NA,NA,9.6,0.22,0.17,0.06,0.03,0,0.14,0,0,0,0.02,0.04,0,NA,NA,NA,NA,Sample 417 and 418 pooled,NA,NA,NA,NA
C418,418,MC,Cultivated,Co,21,18,2,4,18,3,1,417,0,1,18,1,1,0,0,0,,NA,NA,NA,NA,NA,NA,NA,NA,NA,NA,NA,NA,NA,NA,NA,NA,NA,NA,NA,NA,NA,NA,NA,NA,NA,NA,NA,NA,NA,NA,NA,NA,NA,NA,NA,NA,NA,NA,NA,NA
C419,419,MC,Cultivated,Co,21,19,2,4,19,6,2,454,0,1,19,1,1,0,0,0,,NA,NA,NA,NA,NA,NA,NA,NA,NA,NA,NA,NA,NA,NA,NA,NA,NA,NA,5.3,0.13,0.05,0.08,0,0,0.05,0,0,0.02,0.03,0.03,0,NA,NA,NA,NA,,NA,NA,NA,NA
C420,420,MC,Cultivated,Co,21,20,2,4,20,6,1,477,0,1,20,1,0,1,0,0,does not exist?,NA,NA,NA,NA,NA,NA,NA,NA,NA,NA,NA,NA,NA,NA,NA,NA,NA,NA,NA,NA,NA,NA,NA,NA,NA,NA,NA,NA,NA,NA,NA,NA,NA,NA,NA,NA,NA,NA,NA,NA
C421,421,MC,Cultivated,Mb,22,1,1,1,1,5,1,17,4,1,1,0,0,0,0,0,Plant was to small to infest with Mb;,NA,NA,NA,NA,NA,NA,NA,NA,NA,NA,NA,NA,NA,NA,NA,NA,NA,NA,NA,NA,NA,NA,NA,NA,NA,NA,NA,NA,NA,NA,NA,NA,NA,NA,NA,NA,4.837,small pant,4,1
C422,422,MC,Cultivated,Mb,22,2,1,1,2,6,1,45,4,1,2,0,0,0,1,0,,8.9,0.03,0,0.03,0,0,0,0,0,0.02,0.01,0,0,NA,NA,NA,NA,,NA,NA,NA,NA,NA,NA,NA,NA,NA,NA,NA,NA,NA,NA,NA,NA,NA,NA,6.7085,,4,4
C423,423,MC,Cultivated,Mb,22,3,1,1,3,1,1,49,4,1,3,0,0,0,1,0,,10.3,0.11,0.02,0.08,0,0,0.02,0,0,0.07,0.01,0,0,NA,NA,NA,NA,,NA,NA,NA,NA,NA,NA,NA,NA,NA,NA,NA,NA,NA,NA,NA,NA,NA,NA,5.3365,,4,2
C424,424,MC,Cultivated,Mb,22,4,1,1,4,1,4,76,4,1,4,0,0,0,0,1,Plant was to small to infest with Mb?,NA,NA,NA,NA,NA,NA,NA,NA,NA,NA,NA,NA,NA,NA,NA,NA,NA,NA,NA,NA,NA,NA,NA,NA,NA,NA,NA,NA,NA,NA,NA,NA,NA,NA,NA,NA,5.371,,4,3
C425,425,MC,Cultivated,Mb,22,5,1,1,5,4,2,110,4,1,5,1,0,0,0,1,,NA,NA,NA,NA,NA,NA,NA,NA,NA,NA,NA,NA,NA,NA,NA,NA,NA,NA,NA,NA,NA,NA,NA,NA,NA,NA,NA,NA,NA,NA,NA,NA,NA,NA,NA,NA,3.901,,4,3
C426,426,MC,Cultivated,Mb,22,6,1,2,6,5,4,140,4,1,6,1,0,1,0,0,,NA,NA,NA,NA,NA,NA,NA,NA,NA,NA,NA,NA,NA,NA,NA,NA,NA,NA,NA,NA,NA,NA,NA,NA,NA,NA,NA,NA,NA,NA,NA,NA,NA,NA,NA,NA,5.291,,4,4
C427,427,MC,Cultivated,Mb,22,7,1,2,7,6,4,168,4,1,7,1,0,1,0,0,,NA,NA,NA,NA,NA,NA,NA,NA,NA,NA,NA,NA,NA,NA,NA,NA,NA,NA,NA,NA,NA,NA,NA,NA,NA,NA,NA,NA,NA,NA,NA,NA,NA,NA,NA,NA,8.146333333,,4,3
C428,428,MC,Cultivated,Mb,22,8,1,2,8,1,2,170,4,1,8,1,1,0,0,0,,NA,NA,NA,NA,NA,NA,NA,NA,NA,NA,NA,NA,NA,NA,NA,NA,NA,NA,16.3,0.05,0.02,0.02,0,0,0.02,0,0,0.01,0,0.01,0,NA,NA,NA,NA,one cat too much introduced,4.8612,,5,5
C429,429,MC,Cultivated,Mb,22,9,1,2,9,4,3,207,4,1,9,1,0,1,0,0,,NA,NA,NA,NA,NA,NA,NA,NA,NA,NA,NA,NA,NA,NA,NA,NA,NA,NA,NA,NA,NA,NA,NA,NA,NA,NA,NA,NA,NA,NA,NA,NA,NA,NA,NA,NA,5.584,,4,3
C430,430,MC,Cultivated,Mb,22,10,1,2,10,2,1,221,4,1,10,1,0,1,0,0,Plant was to small to infest with Mb?,NA,NA,NA,NA,NA,NA,NA,NA,NA,NA,NA,NA,NA,NA,NA,NA,NA,NA,NA,NA,NA,NA,NA,NA,NA,NA,NA,NA,NA,NA,NA,NA,NA,NA,NA,NA,5.8025,,4,4
C431,431,MC,Cultivated,Mb,22,11,2,3,11,6,2,262,4,1,11,0,0,0,1,0,,6.4,0.21,0.02,0.18,0,0,0.02,0,0,0.02,0.01,0.15,0,NA,NA,NA,NA,,NA,NA,NA,NA,NA,NA,NA,NA,NA,NA,NA,NA,NA,NA,NA,NA,NA,NA,5.49375,,4,4
C432,432,MC,Cultivated,Mb,22,12,2,3,12,5,3,283,4,1,12,0,0,0,1,0,,9.8,0.18,0.02,0.14,0,0,0.02,0,0,0.02,0.02,0.1,0.02,NA,NA,NA,NA,,NA,NA,NA,NA,NA,NA,NA,NA,NA,NA,NA,NA,NA,NA,NA,NA,NA,NA,5.9565,,4,2
C433,433,MC,Cultivated,Mb,22,13,2,3,13,3,3,299,4,1,13,0,0,0,1,0,,13.6,0.89,0.04,0.78,0,0.02,0.02,0,0,0.02,0.01,0.75,0.07,NA,NA,NA,NA,,NA,NA,NA,NA,NA,NA,NA,NA,NA,NA,NA,NA,NA,NA,NA,NA,NA,NA,5.286333333,,4,3
C434,434,MC,Cultivated,Mb,22,14,2,3,14,4,4,328,4,1,14,0,0,0,0,1,,NA,NA,NA,NA,NA,NA,NA,NA,NA,NA,NA,NA,NA,NA,NA,NA,NA,NA,NA,NA,NA,NA,NA,NA,NA,NA,NA,NA,NA,NA,NA,NA,NA,NA,NA,NA,5.09375,,4,4
C435,435,MC,Cultivated,Mb,22,15,2,3,15,3,4,348,4,1,15,1,0,0,0,1,,NA,NA,NA,NA,NA,NA,NA,NA,NA,NA,NA,NA,NA,NA,NA,NA,NA,NA,NA,NA,NA,NA,NA,NA,NA,NA,NA,NA,NA,NA,NA,NA,NA,NA,NA,NA,6.4435,,4,2
C436,436,MC,Cultivated,Mb,22,16,2,4,16,1,3,363,4,1,16,1,1,0,0,0,,NA,NA,NA,NA,NA,NA,NA,NA,NA,NA,NA,NA,NA,NA,NA,NA,NA,NA,19,0.08,0.04,0.05,0,0,0.04,0,0,0.01,0.02,0.02,0,NA,NA,NA,NA,,3.082,,4,4
C437,437,MC,Cultivated,Mb,22,17,2,4,17,3,1,393,4,1,17,1,1,0,0,0,,NA,NA,NA,NA,NA,NA,NA,NA,NA,NA,NA,NA,NA,NA,NA,NA,NA,NA,12.4,0.22,0.07,0.15,0,0,0.07,0,0,0.03,0.08,0.04,0,NA,NA,NA,NA,,5.558333333,,4,3
C438,438,MC,Cultivated,Mb,22,18,2,4,18,2,3,415,4,1,18,1,1,0,0,0,,NA,NA,NA,NA,NA,NA,NA,NA,NA,NA,NA,NA,NA,NA,NA,NA,NA,NA,10.9,0.31,0.2,0.11,0.11,0,0.09,0,0,0.03,0.03,0.05,0,NA,NA,NA,NA,,4.86775,,4,4
C439,439,MC,Cultivated,Mb,22,19,2,4,19,2,2,438,4,1,19,1,0,1,0,0,,NA,NA,NA,NA,NA,NA,NA,NA,NA,NA,NA,NA,NA,NA,NA,NA,NA,NA,NA,NA,NA,NA,NA,NA,NA,NA,NA,NA,NA,NA,NA,NA,NA,NA,NA,1 cat fell during collection,5.395,,4,4
C440,440,MC,Cultivated,Mb,22,20,2,4,20,3,2,466,4,1,20,1,1,0,0,0,,NA,NA,NA,NA,NA,NA,NA,NA,NA,NA,NA,NA,NA,NA,NA,NA,NA,NA,19,0.27,0.06,0.21,0,0,0.05,0,0.01,0.03,0.13,0.05,0,NA,NA,NA,NA,,6.0575,,4,4
Blank1,NA,NA,NA,NA,NA,NA,NA,NA,NA,NA,NA,NA,NA,NA,NA,NA,NA,NA,NA,NA,BlankDNAExtraxtion,NA,NA,NA,NA,NA,NA,NA,NA,NA,NA,NA,NA,NA,NA,NA,NA,NA,NA,NA,NA,NA,NA,NA,NA,NA,NA,NA,NA,NA,NA,NA,NA,NA,NA,NA,NA,NA,NA,NA,NA
Blank2,NA,NA,NA,NA,NA,NA,NA,NA,NA,NA,NA,NA,NA,NA,NA,NA,NA,NA,NA,NA,BlankDNAExtraxtion,NA,NA,NA,NA,NA,NA,NA,NA,NA,NA,NA,NA,NA,NA,NA,NA,NA,NA,NA,NA,NA,NA,NA,NA,NA,NA,NA,NA,NA,NA,NA,NA,NA,NA,NA,NA,NA,NA,NA,NA
Blank3,NA,NA,NA,NA,NA,NA,NA,NA,NA,NA,NA,NA,NA,NA,NA,NA,NA,NA,NA,NA,BlankDNAExtraxtion,NA,NA,NA,NA,NA,NA,NA,NA,NA,NA,NA,NA,NA,NA,NA,NA,NA,NA,NA,NA,NA,NA,NA,NA,NA,NA,NA,NA,NA,NA,NA,NA,NA,NA,NA,NA,NA,NA,NA,NA
Blank4,NA,NA,NA,NA,NA,NA,NA,NA,NA,NA,NA,NA,NA,NA,NA,NA,NA,NA,NA,NA,BlankDNAExtraxtion,NA,NA,NA,NA,NA,NA,NA,NA,NA,NA,NA,NA,NA,NA,NA,NA,NA,NA,NA,NA,NA,NA,NA,NA,NA,NA,NA,NA,NA,NA,NA,NA,NA,NA,NA,NA,NA,NA,NA,NA
Blank5,NA,NA,NA,NA,NA,NA,NA,NA,NA,NA,NA,NA,NA,NA,NA,NA,NA,NA,NA,NA,BlankDNAExtraxtion,NA,NA,NA,NA,NA,NA,NA,NA,NA,NA,NA,NA,NA,NA,NA,NA,NA,NA,NA,NA,NA,NA,NA,NA,NA,NA,NA,NA,NA,NA,NA,NA,NA,NA,NA,NA,NA,NA,NA,NA
Blank6,NA,NA,NA,NA,NA,NA,NA,NA,NA,NA,NA,NA,NA,NA,NA,NA,NA,NA,NA,NA,BlankDNAExtraxtion,NA,NA,NA,NA,NA,NA,NA,NA,NA,NA,NA,NA,NA,NA,NA,NA,NA,NA,NA,NA,NA,NA,NA,NA,NA,NA,NA,NA,NA,NA,NA,NA,NA,NA,NA,NA,NA,NA,NA,NA
C321,321,OH,Wild,Co,17,1,1,1,1,6,3,23,0,2,1,0,0,0,1,0,"Plant was small, infested with Mb?",6.7,12.07,11.01,1.06,0.09,0,2.53,8.39,0,1.06,0,0,0,NA,NA,NA,NA,"Plant was small, infested with Mb?",NA,NA,NA,NA,NA,NA,NA,NA,NA,NA,NA,NA,NA,NA,NA,NA,NA,NA,NA,NA,NA,NA
C322,322,OH,Wild,Co,17,2,1,1,2,5,1,41,0,2,2,0,0,0,0,0,,NA,NA,NA,NA,NA,NA,NA,NA,NA,NA,NA,NA,NA,NA,NA,NA,NA,NA,NA,NA,NA,NA,NA,NA,NA,NA,NA,NA,NA,NA,NA,NA,NA,NA,NA,NA,NA,NA,NA,NA
C323,323,OH,Wild,Co,17,3,1,1,3,3,2,58,0,2,3,1,0,0,1,0,,8,3.14,3.11,0.03,0,0,3.11,0,0,0.03,0,0,0,NA,NA,NA,NA,,NA,NA,NA,NA,NA,NA,NA,NA,NA,NA,NA,NA,NA,NA,NA,NA,NA,NA,NA,NA,NA,NA
C324,324,OH,Wild,Co,17,4,1,1,4,4,3,87,0,2,4,0,0,0,0,0,,NA,NA,NA,NA,NA,NA,NA,NA,NA,NA,NA,NA,NA,NA,NA,NA,NA,NA,NA,NA,NA,NA,NA,NA,NA,NA,NA,NA,NA,NA,NA,NA,NA,NA,NA,NA,NA,NA,NA,NA
C325,325,OH,Wild,Co,17,5,1,1,5,4,1,109,0,2,5,0,0,0,0,1,"Plant was small, infested with Mb?",NA,NA,NA,NA,NA,NA,NA,NA,NA,NA,NA,NA,NA,NA,NA,NA,NA,NA,NA,NA,NA,NA,NA,NA,NA,NA,NA,NA,NA,NA,NA,NA,NA,NA,NA,NA,NA,NA,NA,NA
C326,326,OH,Wild,Co,17,6,1,2,6,2,3,127,0,2,6,1,1,0,0,1,,NA,NA,NA,NA,NA,NA,NA,NA,NA,NA,NA,NA,NA,NA,NA,NA,NA,NA,4.6,1.8,1.63,0.1,1.35,0.04,0.12,0.06,0.06,0.02,0.02,0.06,0.06,NA,NA,NA,NA,,NA,NA,NA,NA
C327,327,OH,Wild,Co,17,7,1,2,7,4,2,158,0,2,7,1,1,0,0,0,,NA,NA,NA,NA,NA,NA,NA,NA,NA,NA,NA,NA,NA,NA,NA,NA,NA,NA,9,0.85,0.65,0.15,0.55,0.02,0.01,0.01,0.06,0.03,0.04,0.08,0.05,NA,NA,NA,NA,,NA,NA,NA,NA
C328,328,OH,Wild,Co,17,8,1,2,8,2,4,176,0,2,8,1,0,0,0,0,,NA,NA,NA,NA,NA,NA,NA,NA,NA,NA,NA,NA,NA,NA,NA,NA,NA,NA,NA,NA,NA,NA,NA,NA,NA,NA,NA,NA,NA,NA,NA,NA,NA,NA,NA,NA,NA,NA,NA,NA
C329,329,OH,Wild,Co,17,9,1,2,9,2,1,197,0,2,9,1,0,1,0,0,,NA,NA,NA,NA,NA,NA,NA,NA,NA,NA,NA,NA,NA,NA,NA,NA,NA,NA,NA,NA,NA,NA,NA,NA,NA,NA,NA,NA,NA,NA,NA,NA,NA,NA,NA,NA,NA,NA,NA,NA
C330,330,OH,Wild,Co,17,10,1,2,10,3,4,228,0,2,10,1,0,1,0,0,,NA,NA,NA,NA,NA,NA,NA,NA,NA,NA,NA,NA,NA,NA,NA,NA,NA,NA,NA,NA,NA,NA,NA,NA,NA,NA,NA,NA,NA,NA,NA,NA,NA,NA,NA,NA,NA,NA,NA,NA
C331,331,OH,Wild,Co,17,11,2,3,11,1,4,244,0,2,11,0,0,0,1,0,,11,12.66,11.58,1.09,2.72,0,3.59,5.27,0,1.09,0,0,0,NA,NA,NA,NA,,NA,NA,NA,NA,NA,NA,NA,NA,NA,NA,NA,NA,NA,NA,NA,NA,NA,NA,NA,NA,NA,NA
C332,332,OH,Wild,Co,17,12,2,3,12,5,4,284,0,2,12,0,0,0,1,0,,8.8,2.69,2.58,0.11,0,0,2.37,0.21,0,0.11,0,0,0,NA,NA,NA,NA,,NA,NA,NA,NA,NA,NA,NA,NA,NA,NA,NA,NA,NA,NA,NA,NA,NA,NA,NA,NA,NA,NA
C333,333,OH,Wild,Co,17,13,2,3,13,5,2,306,0,2,13,0,0,0,1,0,,4.6,3.08,2.16,0.92,0.16,0,1.11,0.89,0,0.92,0,0,0,NA,NA,NA,NA,,NA,NA,NA,NA,NA,NA,NA,NA,NA,NA,NA,NA,NA,NA,NA,NA,NA,NA,NA,NA,NA,NA
C334,334,OH,Wild,Co,17,14,2,3,14,6,4,336,0,2,14,0,0,0,0,1,,NA,NA,NA,NA,NA,NA,NA,NA,NA,NA,NA,NA,NA,NA,NA,NA,NA,NA,NA,NA,NA,NA,NA,NA,NA,NA,NA,NA,NA,NA,NA,NA,NA,NA,NA,NA,NA,NA,NA,NA
C335,335,OH,Wild,Co,17,15,2,3,15,6,2,358,0,2,15,1,1,0,0,1,,NA,NA,NA,NA,NA,NA,NA,NA,NA,NA,NA,NA,NA,NA,NA,NA,NA,NA,11.7,0.73,0.61,0.11,0.57,0,0.02,0,0.02,0.05,0.06,0,0.02,NA,NA,NA,NA,,NA,NA,NA,NA
C336,336,OH,Wild,Co,17,16,2,4,16,6,1,381,0,2,16,1,1,0,0,0,,NA,NA,NA,NA,NA,NA,NA,NA,NA,NA,NA,NA,NA,NA,NA,NA,NA,NA,13.3,1.39,0.84,0.55,0.72,0,0.1,0,0.02,0.15,0.14,0.26,0,NA,NA,NA,NA,,NA,NA,NA,NA
C337,337,OH,Wild,Co,17,17,2,4,17,2,2,390,0,2,17,1,0,1,0,0,,NA,NA,NA,NA,NA,NA,NA,NA,NA,NA,NA,NA,NA,NA,NA,NA,NA,NA,NA,NA,NA,NA,NA,NA,NA,NA,NA,NA,NA,NA,NA,NA,NA,NA,NA,NA,NA,NA,NA,NA
C338,338,OH,Wild,Co,17,18,2,4,18,3,3,419,0,2,18,1,1,0,0,0,,NA,NA,NA,NA,NA,NA,NA,NA,NA,NA,NA,NA,NA,NA,NA,NA,NA,NA,6.9,0.47,0.07,0.15,0,0,0.05,0.02,0,0.03,0.06,0.06,0.25,NA,NA,NA,NA,,NA,NA,NA,NA
C339,339,OH,Wild,Co,17,19,2,4,19,1,2,434,0,2,19,1,0,1,0,0,,NA,NA,NA,NA,NA,NA,NA,NA,NA,NA,NA,NA,NA,NA,NA,NA,NA,NA,NA,NA,NA,NA,NA,NA,NA,NA,NA,NA,NA,NA,NA,NA,NA,NA,NA,NA,NA,NA,NA,NA
C340,340,OH,Wild,Co,17,20,2,4,20,1,1,457,0,2,20,1,0,0,0,0,does not exist?,NA,NA,NA,NA,NA,NA,NA,NA,NA,NA,NA,NA,NA,NA,NA,NA,NA,NA,NA,NA,NA,NA,NA,NA,NA,NA,NA,NA,NA,NA,NA,NA,NA,NA,NA,NA,NA,NA,NA,NA
C341,341,OH,Wild,Mb,18,1,1,1,1,4,2,14,8,2,1,0,0,0,1,0,,6.4,2.79,1.03,1.76,0.16,0,0.87,0,0,1.76,0,0,0,NA,NA,NA,NA,,NA,NA,NA,NA,NA,NA,NA,NA,NA,NA,NA,NA,NA,NA,NA,NA,NA,NA,0.1922,,8,5
C342,342,OH,Wild,Mb,18,2,1,1,2,6,2,46,8,2,2,0,0,0,1,0,,8.9,9.29,1.15,8.13,0,0,1.15,0,0,7.41,0,0.72,0,NA,NA,NA,NA,,NA,NA,NA,NA,NA,NA,NA,NA,NA,NA,NA,NA,NA,NA,NA,NA,NA,NA,0.542,,8,7
C343,343,OH,Wild,Mb,18,3,1,1,3,5,4,68,8,2,3,0,0,0,1,0,,9.3,1.75,1.66,0.08,0,0,1.66,0,0,0.08,0,0,0,NA,NA,NA,NA,,NA,NA,NA,NA,NA,NA,NA,NA,NA,NA,NA,NA,NA,NA,NA,NA,NA,NA,0.229666667,,8,3
C344,344,OH,Wild,Mb,18,4,1,1,4,2,1,77,8,2,4,0,0,0,0,1,,NA,NA,NA,NA,NA,NA,NA,NA,NA,NA,NA,NA,NA,NA,NA,NA,NA,NA,NA,NA,NA,NA,NA,NA,NA,NA,NA,NA,NA,NA,NA,NA,NA,NA,NA,NA,0.276857143,,8,7
C345,345,OH,Wild,Mb,18,5,1,1,5,1,4,100,8,2,5,1,0,0,0,1,,NA,NA,NA,NA,NA,NA,NA,NA,NA,NA,NA,NA,NA,NA,NA,NA,NA,NA,NA,NA,NA,NA,NA,NA,NA,NA,NA,NA,NA,NA,NA,NA,NA,NA,NA,NA,1.044,,8,7
C346,346,OH,Wild,Mb,18,6,1,2,6,3,2,130,8,2,6,1,0,1,0,0,,NA,NA,NA,NA,NA,NA,NA,NA,NA,NA,NA,NA,NA,NA,NA,NA,NA,NA,NA,NA,NA,NA,NA,NA,NA,NA,NA,NA,NA,NA,NA,NA,NA,NA,NA,NA,0.1985,,8,2
C347,347,OH,Wild,Mb,18,7,1,2,7,5,3,163,8,2,7,1,0,1,0,0,,NA,NA,NA,NA,NA,NA,NA,NA,NA,NA,NA,NA,NA,NA,NA,NA,NA,NA,NA,NA,NA,NA,NA,NA,NA,NA,NA,NA,NA,NA,NA,NA,NA,NA,NA,NA,0.637,,8,2
C348,348,OH,Wild,Mb,18,8,1,2,8,6,3,191,8,2,8,1,1,0,0,0,,NA,NA,NA,NA,NA,NA,NA,NA,NA,NA,NA,NA,NA,NA,NA,NA,NA,NA,6,0.7,0.42,0.24,0.2,0,0.13,0.03,0.06,0.05,0.09,0.1,0.04,NA,NA,NA,NA,,0.342,"caterpillar f = nearly dead, weird colour",8,7
C349,349,OH,Wild,Mb,18,9,1,2,9,3,3,203,8,2,9,1,1,0,0,0,,NA,NA,NA,NA,NA,NA,NA,NA,NA,NA,NA,NA,NA,NA,NA,NA,NA,NA,18.4,1.35,0.6,0.61,0.25,0.04,0.03,0.12,0.16,0,0.38,0.23,0.14,NA,NA,NA,NA,,0.42425,,8,4
C350,350,OH,Wild,Mb,18,10,1,2,10,1,3,219,8,2,10,1,0,1,0,0,,NA,NA,NA,NA,NA,NA,NA,NA,NA,NA,NA,NA,NA,NA,NA,NA,NA,NA,NA,NA,NA,NA,NA,NA,NA,NA,NA,NA,NA,NA,NA,NA,NA,NA,NA,NA,0.635428571,,8,7
C351,351,OH,Wild,Mb,18,11,2,3,11,6,1,261,8,2,11,0,0,0,1,0,,6.5,13.18,7.53,5.64,0,0,5.02,2.51,0,5.53,0,0.11,0,NA,NA,NA,NA,,NA,NA,NA,NA,NA,NA,NA,NA,NA,NA,NA,NA,NA,NA,NA,NA,NA,NA,0.188666667,,8,4
C352,352,OH,Wild,Mb,18,12,2,3,12,5,2,282,8,2,12,0,0,0,1,0,,8.5,7.74,3.81,3.93,0.1,0,1.73,1.98,0,3.93,0,0,0,NA,NA,NA,NA,,NA,NA,NA,NA,NA,NA,NA,NA,NA,NA,NA,NA,NA,NA,NA,NA,NA,NA,0.3328,,8,6
C353,353,OH,Wild,Mb,18,13,2,3,13,1,2,290,8,2,13,0,0,0,0,1,,NA,NA,NA,NA,NA,NA,NA,NA,NA,NA,NA,NA,NA,NA,NA,NA,NA,NA,NA,NA,NA,NA,NA,NA,NA,NA,NA,NA,NA,NA,NA,NA,NA,NA,NA,NA,0.490142857,,8,7
C354,354,OH,Wild,Mb,18,14,2,3,14,1,1,313,8,2,14,0,0,0,0,1,,NA,NA,NA,NA,NA,NA,NA,NA,NA,NA,NA,NA,NA,NA,NA,NA,NA,NA,NA,NA,NA,NA,NA,NA,NA,NA,NA,NA,NA,NA,NA,NA,NA,NA,NA,NA,0.497714286,,8,7
C355,355,OH,Wild,Mb,18,15,2,3,15,2,2,342,8,2,15,1,0,0,0,1,,NA,NA,NA,NA,NA,NA,NA,NA,NA,NA,NA,NA,NA,NA,NA,NA,NA,NA,NA,NA,NA,NA,NA,NA,NA,NA,NA,NA,NA,NA,NA,NA,NA,NA,NA,NA,0.093666667,,8,3
C356,356,OH,Wild,Mb,18,16,2,4,16,2,3,367,8,2,16,1,1,0,0,0,,NA,NA,NA,NA,NA,NA,NA,NA,NA,NA,NA,NA,NA,NA,NA,NA,NA,NA,14.3,0.28,0.11,0.11,0.07,0,0.02,0,0.02,0.02,0.03,0.06,0.05,NA,NA,NA,NA,,0.228,,8,3
C357,357,OH,Wild,Mb,18,17,2,4,17,2,4,392,8,2,17,1,1,0,0,0,,NA,NA,NA,NA,NA,NA,NA,NA,NA,NA,NA,NA,NA,NA,NA,NA,NA,NA,17.1,1.14,0.34,0.47,0.07,0.01,0.14,0.03,0.09,0.06,0.22,0.19,0.34,NA,NA,NA,NA,,0.231166667,,8,6
C358,358,OH,Wild,Mb,18,18,2,4,18,4,1,421,8,2,18,1,0,1,0,0,,NA,NA,NA,NA,NA,NA,NA,NA,NA,NA,NA,NA,NA,NA,NA,NA,NA,NA,NA,NA,NA,NA,NA,NA,NA,NA,NA,NA,NA,NA,NA,NA,NA,NA,NA,NA,0.074,,8,1
C359,359,OH,Wild,Mb,18,19,2,4,19,3,4,444,8,2,19,1,0,1,0,0,,NA,NA,NA,NA,NA,NA,NA,NA,NA,NA,NA,NA,NA,NA,NA,NA,NA,NA,NA,NA,NA,NA,NA,NA,NA,NA,NA,NA,NA,NA,NA,NA,NA,NA,NA,NA,0.408142857,,8,7
C360,360,OH,Wild,Mb,18,20,2,4,20,4,4,472,8,2,20,1,1,0,0,0,,NA,NA,NA,NA,NA,NA,NA,NA,NA,NA,NA,NA,NA,NA,NA,NA,NA,NA,9.3,1.21,0.54,0.36,0.33,0.03,0,0.01,0.17,0.09,0.21,0.06,0.32,NA,NA,NA,NA,,0.236,,8,4
CE105,E105,OH,Wild,Mb,18,NA,2,4,NA,NA,NA,NA,8,2,NA,NA,NA,NA,NA,NA,NA,NA,NA,NA,NA,NA,NA,NA,NA,NA,NA,NA,NA,NA,NA,NA,NA,NA,NA,NA,NA,NA,NA,NA,NA,NA,NA,NA,NA,NA,NA,NA,NA,NA,NA,NA,NA,0.214,,8,2
C361,361,RI,Cultivated,Co,19,1,1,1,1,2,3,7,0,1,1,0,0,0,1,0,,10.1,1.74,1.73,0.01,0,0,1.73,0,0,0.01,0,0,0,NA,NA,NA,NA,,NA,NA,NA,NA,NA,NA,NA,NA,NA,NA,NA,NA,NA,NA,NA,NA,NA,NA,NA,NA,NA,NA
C362,362,RI,Cultivated,Co,19,2,1,1,2,3,4,36,0,1,2,0,0,0,1,0,,14.7,0.36,0.36,0,0,0,0.36,0,0,0,0,0,0,NA,NA,NA,NA,,NA,NA,NA,NA,NA,NA,NA,NA,NA,NA,NA,NA,NA,NA,NA,NA,NA,NA,NA,NA,NA,NA
C363,363,RI,Cultivated,Co,19,3,1,1,3,1,2,50,0,1,3,0,0,0,0,1,,NA,NA,NA,NA,NA,NA,NA,NA,NA,NA,NA,NA,NA,NA,NA,NA,NA,NA,NA,NA,NA,NA,NA,NA,NA,NA,NA,NA,NA,NA,NA,NA,NA,NA,NA,NA,NA,NA,NA,NA
C364,364,RI,Cultivated,Co,19,4,1,1,4,6,2,94,0,1,4,0,0,0,0,1,,NA,NA,NA,NA,NA,NA,NA,NA,NA,NA,NA,NA,NA,NA,NA,NA,NA,NA,NA,NA,NA,NA,NA,NA,NA,NA,NA,NA,NA,NA,NA,NA,NA,NA,NA,NA,NA,NA,NA,NA
C365,365,RI,Cultivated,Co,19,5,1,1,5,4,3,111,0,1,5,1,0,0,0,0,,NA,NA,NA,NA,NA,NA,NA,NA,NA,NA,NA,NA,NA,NA,NA,NA,NA,NA,NA,NA,NA,NA,NA,NA,NA,NA,NA,NA,NA,NA,NA,NA,NA,NA,NA,NA,NA,NA,NA,NA
C366,366,RI,Cultivated,Co,19,6,1,2,6,2,1,125,0,1,6,1,1,0,0,0,,NA,NA,NA,NA,NA,NA,NA,NA,NA,NA,NA,NA,NA,NA,NA,NA,NA,NA,13.1,3.1,0.67,2.44,0.08,0.04,0.43,0,0.12,0.13,2.09,0.22,0,NA,NA,NA,NA,,NA,NA,NA,NA
C367,367,RI,Cultivated,Co,19,7,1,2,7,1,3,147,0,1,7,1,1,0,0,0,,NA,NA,NA,NA,NA,NA,NA,NA,NA,NA,NA,NA,NA,NA,NA,NA,NA,NA,17,2.97,0.42,2.55,0,0.04,0.25,0,0.13,0.16,2.1,0.29,0,NA,NA,NA,NA,,NA,NA,NA,NA
C368,368,RI,Cultivated,Co,19,8,1,2,8,6,4,192,0,1,8,1,1,0,0,0,,NA,NA,NA,NA,NA,NA,NA,NA,NA,NA,NA,NA,NA,NA,NA,NA,NA,NA,19.1,2.95,1.21,1.73,0.27,0.07,0.72,0.02,0.13,0.12,1.32,0.29,0,NA,NA,NA,NA,,NA,NA,NA,NA
C369,369,RI,Cultivated,Co,19,9,1,2,9,1,1,193,0,1,9,1,1,0,0,0,,NA,NA,NA,NA,NA,NA,NA,NA,NA,NA,NA,NA,NA,NA,NA,NA,NA,NA,15.9,1.73,0.64,1.01,0.06,0.04,0.43,0,0.11,0.07,0.8,0.14,0.06,NA,NA,NA,NA,,NA,NA,NA,NA
C370,370,RI,Cultivated,Co,19,10,1,2,10,5,2,234,0,1,10,1,1,0,0,0,,NA,NA,NA,NA,NA,NA,NA,NA,NA,NA,NA,NA,NA,NA,NA,NA,NA,NA,16.3,2.95,1.08,1.88,0.12,0.08,0.75,0,0.13,0.13,1.49,0.26,0,NA,NA,NA,NA,,NA,NA,NA,NA
C371,371,RI,Cultivated,Co,19,11,2,3,11,5,4,260,0,1,11,0,0,0,1,0,,10,0.01,0,0.01,0,0,0,0,0,0.01,0,0,0,NA,NA,NA,NA,,NA,NA,NA,NA,NA,NA,NA,NA,NA,NA,NA,NA,NA,NA,NA,NA,NA,NA,NA,NA,NA,NA
C372,372,RI,Cultivated,Co,19,12,2,3,12,3,2,274,0,1,12,0,0,0,1,0,,10.4,0.69,0.68,0.01,0,0,0.68,0,0,0.01,0,0,0,NA,NA,NA,NA,,NA,NA,NA,NA,NA,NA,NA,NA,NA,NA,NA,NA,NA,NA,NA,NA,NA,NA,NA,NA,NA,NA
C373,373,RI,Cultivated,Co,19,13,2,3,13,6,3,311,0,1,13,0,0,0,1,0,,11.9,0.33,0.3,0.03,0,0,0.3,0,0,0.01,0,0.02,0,NA,NA,NA,NA,,NA,NA,NA,NA,NA,NA,NA,NA,NA,NA,NA,NA,NA,NA,NA,NA,NA,NA,NA,NA,NA,NA
C374,374,RI,Cultivated,Co,19,14,2,3,14,4,1,325,0,1,14,0,0,0,0,1,,NA,NA,NA,NA,NA,NA,NA,NA,NA,NA,NA,NA,NA,NA,NA,NA,NA,NA,NA,NA,NA,NA,NA,NA,NA,NA,NA,NA,NA,NA,NA,NA,NA,NA,NA,NA,NA,NA,NA,NA
C375,375,RI,Cultivated,Co,19,15,2,3,15,5,3,355,0,1,15,1,0,1,0,1,,NA,NA,NA,NA,NA,NA,NA,NA,NA,NA,NA,NA,NA,NA,NA,NA,NA,NA,NA,NA,NA,NA,NA,NA,NA,NA,NA,NA,NA,NA,NA,NA,NA,NA,NA,NA,NA,NA,NA,NA
C376,376,RI,Cultivated,Co,19,16,2,4,16,3,3,371,0,1,16,1,0,1,0,0,,NA,NA,NA,NA,NA,NA,NA,NA,NA,NA,NA,NA,NA,NA,NA,NA,NA,NA,NA,NA,NA,NA,NA,NA,NA,NA,NA,NA,NA,NA,NA,NA,NA,NA,NA,NA,NA,NA,NA,NA
C377,377,RI,Cultivated,Co,19,17,2,4,17,5,1,401,0,1,17,1,0,1,0,0,,NA,NA,NA,NA,NA,NA,NA,NA,NA,NA,NA,NA,NA,NA,NA,NA,NA,NA,NA,NA,NA,NA,NA,NA,NA,NA,NA,NA,NA,NA,NA,NA,NA,NA,NA,NA,NA,NA,NA,NA
C378,378,RI,Cultivated,Co,19,18,2,4,18,4,4,424,0,1,18,1,0,1,0,0,,NA,NA,NA,NA,NA,NA,NA,NA,NA,NA,NA,NA,NA,NA,NA,NA,NA,NA,NA,NA,NA,NA,NA,NA,NA,NA,NA,NA,NA,NA,NA,NA,NA,NA,NA,NA,NA,NA,NA,NA
C379,379,RI,Cultivated,Co,19,19,2,4,19,6,1,453,0,1,19,1,0,1,0,0,,NA,NA,NA,NA,NA,NA,NA,NA,NA,NA,NA,NA,NA,NA,NA,NA,NA,NA,NA,NA,NA,NA,NA,NA,NA,NA,NA,NA,NA,NA,NA,NA,NA,NA,NA,NA,NA,NA,NA,NA
C380,380,RI,Cultivated,Co,19,20,2,4,20,2,4,464,0,1,20,1,0,0,0,0,,NA,NA,NA,NA,NA,NA,NA,NA,NA,NA,NA,NA,NA,NA,NA,NA,NA,NA,NA,NA,NA,NA,NA,NA,NA,NA,NA,NA,NA,NA,NA,NA,NA,NA,NA,NA,NA,NA,NA,NA
C381,381,RI,Cultivated,Mb,20,1,1,1,1,2,4,8,3,1,1,0,0,0,1,0,too small,10.9,1.03,1.01,0.02,0,0,1.01,0,0,0.02,0,0,0,NA,NA,NA,NA,too small,NA,NA,NA,NA,NA,NA,NA,NA,NA,NA,NA,NA,NA,NA,NA,NA,NA,NA,4.616666667,,3,3
C382,382,RI,Cultivated,Mb,20,2,1,1,2,1,1,25,3,1,2,0,0,0,1,0,,14,0.75,0.72,0.02,0,0,0.72,0,0,0.01,0.01,0,0,NA,NA,NA,NA,,NA,NA,NA,NA,NA,NA,NA,NA,NA,NA,NA,NA,NA,NA,NA,NA,NA,NA,4.592666667,,3,3
C383,383,RI,Cultivated,Mb,20,3,1,1,3,1,4,52,3,1,3,0,0,0,1,0,,17.9,0.02,0,0.02,0,0,0,0,0,0.01,0,0.01,0,NA,NA,NA,NA,,NA,NA,NA,NA,NA,NA,NA,NA,NA,NA,NA,NA,NA,NA,NA,NA,NA,NA,2.108,,3,3
C384,384,RI,Cultivated,Mb,20,4,1,1,4,1,2,74,3,1,4,0,0,0,0,1,,NA,NA,NA,NA,NA,NA,NA,NA,NA,NA,NA,NA,NA,NA,NA,NA,NA,NA,NA,NA,NA,NA,NA,NA,NA,NA,NA,NA,NA,NA,NA,NA,NA,NA,NA,NA,4.663,,3,2
C385,385,RI,Cultivated,Mb,20,5,1,1,5,6,2,118,3,1,5,1,0,0,0,1,,NA,NA,NA,NA,NA,NA,NA,NA,NA,NA,NA,NA,NA,NA,NA,NA,NA,NA,NA,NA,NA,NA,NA,NA,NA,NA,NA,NA,NA,NA,NA,NA,NA,NA,NA,NA,2.497333333,,3,3
C386,386,RI,Cultivated,Mb,20,6,1,2,6,4,4,136,3,1,6,1,1,0,0,0,,NA,NA,NA,NA,NA,NA,NA,NA,NA,NA,NA,NA,NA,NA,NA,NA,NA,NA,5.8,2.65,0.74,1.91,0.08,0.04,0.5,0,0.12,0.24,1.34,0.33,0,NA,NA,NA,NA,Sample 386 and 388 pooled,5.4725,,3,2
C387,387,RI,Cultivated,Mb,20,7,1,2,7,5,2,162,3,1,7,1,0,1,0,0,,NA,NA,NA,NA,NA,NA,NA,NA,NA,NA,NA,NA,NA,NA,NA,NA,NA,NA,NA,NA,NA,NA,NA,NA,NA,NA,NA,NA,NA,NA,NA,NA,NA,NA,NA,NA,3.927333333,,3,3
C388,388,RI,Cultivated,Mb,20,8,1,2,8,3,4,180,3,1,8,1,1,0,0,0,,NA,NA,NA,NA,NA,NA,NA,NA,NA,NA,NA,NA,NA,NA,NA,NA,NA,NA,NA,NA,NA,NA,NA,NA,NA,NA,NA,NA,NA,NA,NA,NA,NA,NA,NA,NA,2.785,,3,2
C389,389,RI,Cultivated,Mb,20,9,1,2,9,5,3,211,3,1,9,1,0,1,0,0,,NA,NA,NA,NA,NA,NA,NA,NA,NA,NA,NA,NA,NA,NA,NA,NA,NA,NA,NA,NA,NA,NA,NA,NA,NA,NA,NA,NA,NA,NA,NA,NA,NA,NA,NA,NA,2.966666667,,3,3
C390,390,RI,Cultivated,Mb,20,10,1,2,10,4,2,230,3,1,10,1,0,1,0,0,,NA,NA,NA,NA,NA,NA,NA,NA,NA,NA,NA,NA,NA,NA,NA,NA,NA,NA,NA,NA,NA,NA,NA,NA,NA,NA,NA,NA,NA,NA,NA,NA,NA,NA,NA,NA,2.558,,3,3
C391,391,RI,Cultivated,Mb,20,11,2,3,11,3,3,251,3,1,11,0,0,0,1,0,One leaf broken,13.4,0.08,0,0.08,0,0,0,0,0,0.08,0,0,0,NA,NA,NA,NA,One leaf broken,NA,NA,NA,NA,NA,NA,NA,NA,NA,NA,NA,NA,NA,NA,NA,NA,NA,NA,2.068,,3,3
C392,392,RI,Cultivated,Mb,20,12,2,3,12,1,2,266,3,1,12,0,0,0,1,0,,15.9,0.07,0.02,0.05,0,0,0.02,0,0,0.04,0.01,0,0,NA,NA,NA,NA,,NA,NA,NA,NA,NA,NA,NA,NA,NA,NA,NA,NA,NA,NA,NA,NA,NA,NA,2.419333333,,3,3
C393,393,RI,Cultivated,Mb,20,13,2,3,13,5,1,305,3,1,13,0,0,0,0,1,,NA,NA,NA,NA,NA,NA,NA,NA,NA,NA,NA,NA,NA,NA,NA,NA,NA,NA,NA,NA,NA,NA,NA,NA,NA,NA,NA,NA,NA,NA,NA,NA,NA,NA,NA,NA,2.095333333,,3,3
C394,394,RI,Cultivated,Mb,20,14,2,3,14,6,3,335,3,1,14,0,0,0,0,1,,NA,NA,NA,NA,NA,NA,NA,NA,NA,NA,NA,NA,NA,NA,NA,NA,NA,NA,NA,NA,NA,NA,NA,NA,NA,NA,NA,NA,NA,NA,NA,NA,NA,NA,NA,NA,2.6,,3,2
C395,395,RI,Cultivated,Mb,20,15,2,3,15,2,3,343,3,1,15,1,0,0,0,1,,NA,NA,NA,NA,NA,NA,NA,NA,NA,NA,NA,NA,NA,NA,NA,NA,NA,NA,NA,NA,NA,NA,NA,NA,NA,NA,NA,NA,NA,NA,NA,NA,NA,NA,NA,NA,1.72,,3,3
C396,396,RI,Cultivated,Mb,20,16,2,4,16,4,3,375,3,1,16,1,1,0,0,0,,NA,NA,NA,NA,NA,NA,NA,NA,NA,NA,NA,NA,NA,NA,NA,NA,NA,NA,4.9,0.86,0.54,0.3,0.1,0.02,0.37,0,0.05,0.06,0.08,0.16,0.04,NA,NA,NA,NA,Sample 396 and 397 pooled,3.502,,3,2
C397,397,RI,Cultivated,Mb,20,17,2,4,17,2,1,389,3,1,17,1,1,0,0,0,,NA,NA,NA,NA,NA,NA,NA,NA,NA,NA,NA,NA,NA,NA,NA,NA,NA,NA,NA,NA,NA,NA,NA,NA,NA,NA,NA,NA,NA,NA,NA,NA,NA,NA,NA,NA,2.982,,3,3
C398,398,RI,Cultivated,Mb,20,18,2,4,18,6,4,432,3,1,18,1,1,0,0,0,,NA,NA,NA,NA,NA,NA,NA,NA,NA,NA,NA,NA,NA,NA,NA,NA,NA,NA,10.8,0.35,0.21,0.12,0,0.01,0.15,0,0.05,0.01,0.03,0.08,0.01,NA,NA,NA,NA,,1.033,,3,3
C399,399,RI,Cultivated,Mb,20,19,2,4,19,4,1,445,3,1,19,1,1,0,0,0,,NA,NA,NA,NA,NA,NA,NA,NA,NA,NA,NA,NA,NA,NA,NA,NA,NA,NA,5.7,0.82,0.51,0.29,0.08,0.03,0.29,0,0.11,0.04,0.12,0.13,0.02,NA,NA,NA,NA,,1.204666667,,3,3
C400,400,RI,Cultivated,Mb,20,20,2,4,20,3,1,465,3,1,20,1,1,0,0,0,,NA,NA,NA,NA,NA,NA,NA,NA,NA,NA,NA,NA,NA,NA,NA,NA,NA,NA,4.9,0.35,0.14,0.2,0,0,0.09,0,0.05,0.03,0.11,0.06,0.02,NA,NA,NA,NA,,2.680666667,,3,3
CE115,E115,RI,Cultivated,Mb,20,NA,1,1,NA,NA,NA,NA,3,1,NA,NA,NA,NA,NA,NA,NA,NA,NA,NA,NA,NA,NA,NA,NA,NA,NA,NA,NA,NA,NA,NA,NA,NA,NA,NA,NA,NA,NA,NA,NA,NA,NA,NA,NA,NA,NA,NA,NA,NA,NA,NA,NA,2.121,,3,3
CE116,E116,RI,Cultivated,Mb,20,NA,1,1,NA,NA,NA,NA,4,1,NA,NA,NA,NA,NA,NA,NA,NA,NA,NA,NA,NA,NA,NA,NA,NA,NA,NA,NA,NA,NA,NA,NA,NA,NA,NA,NA,NA,NA,NA,NA,NA,NA,NA,NA,NA,NA,NA,NA,NA,NA,NA,NA,4.13775,,4,4
CE117,E117,RI,Cultivated,Mb,20,NA,1,2,NA,NA,NA,NA,3,1,NA,NA,NA,NA,NA,NA,NA,NA,NA,NA,NA,NA,NA,NA,NA,NA,NA,NA,NA,NA,NA,NA,NA,NA,NA,NA,NA,NA,NA,NA,NA,NA,NA,NA,NA,NA,NA,NA,NA,NA,NA,NA,NA,4.4305,,3,2
CE118,E118,RI,Cultivated,Mb,20,NA,2,4,NA,NA,NA,NA,3,1,NA,NA,NA,NA,NA,NA,NA,NA,NA,NA,NA,NA,NA,NA,NA,NA,NA,NA,NA,NA,NA,NA,NA,NA,NA,NA,NA,NA,NA,NA,NA,NA,NA,NA,NA,NA,NA,NA,NA,NA,NA,NA,NA,4.5345,,3,2
CE119,E119,RI,Cultivated,Mb,20,NA,1,1,NA,NA,NA,NA,3,1,NA,NA,NA,NA,NA,NA,NA,NA,NA,NA,NA,NA,NA,NA,NA,NA,NA,NA,NA,NA,NA,NA,NA,NA,NA,NA,NA,NA,NA,NA,NA,NA,NA,NA,NA,NA,NA,NA,NA,NA,NA,NA,NA,5.009666667,,3,3
CE120,E120,RI,Cultivated,Mb,20,NA,1,2,NA,NA,NA,NA,3,1,NA,NA,NA,NA,NA,NA,NA,NA,NA,NA,NA,NA,NA,NA,NA,NA,NA,NA,NA,NA,NA,NA,NA,NA,NA,NA,NA,NA,NA,NA,NA,NA,NA,NA,NA,NA,NA,NA,NA,NA,NA,NA,NA,3.4585,,3,2
CE145,E145,RI,Cultivated,Mb,20,NA,2,3,NA,NA,NA,NA,3,1,NA,NA,NA,NA,NA,NA,NA,NA,NA,NA,NA,NA,NA,NA,NA,NA,NA,NA,NA,NA,NA,NA,NA,NA,NA,NA,NA,NA,NA,NA,NA,NA,NA,NA,NA,NA,NA,NA,NA,NA,NA,NA,NA,2.099,,3,3
CE147,E147,RI,Cultivated,Mb,20,NA,1,1,NA,NA,NA,NA,3,1,NA,NA,NA,NA,NA,NA,NA,NA,NA,NA,NA,NA,NA,NA,NA,NA,NA,NA,NA,NA,NA,NA,NA,NA,NA,NA,NA,NA,NA,NA,NA,NA,NA,NA,NA,NA,NA,NA,NA,NA,NA,NA,NA,3.618,,3,2
CE150,E150,RI,Cultivated,Mb,20,NA,NA,NA,NA,NA,NA,NA,3,1,NA,NA,NA,NA,NA,NA,NA,NA,NA,NA,NA,NA,NA,NA,NA,NA,NA,NA,NA,NA,NA,NA,NA,NA,NA,NA,NA,NA,NA,NA,NA,NA,NA,NA,NA,NA,NA,NA,NA,NA,NA,NA,NA,3.747333333,,3,3
CE151,E151,RI,Cultivated,Mb,20,NA,2,4,NA,NA,NA,NA,3,1,NA,NA,NA,NA,NA,NA,NA,NA,NA,NA,NA,NA,NA,NA,NA,NA,NA,NA,NA,NA,NA,NA,NA,NA,NA,NA,NA,NA,NA,NA,NA,NA,NA,NA,NA,NA,NA,NA,NA,NA,NA,NA,NA,1.991,,3,3
CE152,E152,RI,Cultivated,Mb,20,NA,2,3,NA,NA,NA,NA,3,1,NA,NA,NA,NA,NA,NA,NA,NA,NA,NA,NA,NA,NA,NA,NA,NA,NA,NA,NA,NA,NA,NA,NA,NA,NA,NA,NA,NA,NA,NA,NA,NA,NA,NA,NA,NA,NA,NA,NA,NA,NA,NA,NA,2.545,,3,3
CE153,E153,RI,Cultivated,Mb,20,NA,2,4,NA,NA,NA,NA,3,1,NA,NA,NA,NA,NA,NA,NA,NA,NA,NA,NA,NA,NA,NA,NA,NA,NA,NA,NA,NA,NA,NA,NA,NA,NA,NA,NA,NA,NA,NA,NA,NA,NA,NA,NA,NA,NA,NA,NA,NA,NA,NA,NA,1.387666667,,3,3
CE154,E154,RI,Cultivated,Mb,20,NA,2,4,NA,NA,NA,NA,3,1,NA,NA,NA,NA,NA,NA,NA,NA,NA,NA,NA,NA,NA,NA,NA,NA,NA,NA,NA,NA,NA,NA,NA,NA,NA,NA,NA,NA,NA,NA,NA,NA,NA,NA,NA,NA,NA,NA,NA,NA,NA,NA,NA,2.887,,3,3
CE155,E155,RI,Cultivated,Mb,20,NA,2,3,NA,NA,NA,NA,3,1,NA,NA,NA,NA,NA,NA,NA,NA,NA,NA,NA,NA,NA,NA,NA,NA,NA,NA,NA,NA,NA,NA,NA,NA,NA,NA,NA,NA,NA,NA,NA,NA,NA,NA,NA,NA,NA,NA,NA,NA,NA,NA,NA,2.0405,,3,2
CE156,E156,RI,Cultivated,Mb,20,NA,2,4,NA,NA,NA,NA,3,1,NA,NA,NA,NA,NA,NA,NA,NA,NA,NA,NA,NA,NA,NA,NA,NA,NA,NA,NA,NA,NA,NA,NA,NA,NA,NA,NA,NA,NA,NA,NA,NA,NA,NA,NA,NA,NA,NA,NA,NA,NA,NA,NA,4.798,,3,1
CE161,E161,RI,Cultivated,Mb,20,NA,2,4,NA,NA,NA,NA,3,1,NA,NA,NA,NA,NA,NA,NA,NA,NA,NA,NA,NA,NA,NA,NA,NA,NA,NA,NA,NA,NA,NA,NA,NA,NA,NA,NA,NA,NA,NA,NA,NA,NA,NA,NA,NA,NA,NA,NA,NA,NA,NA,NA,2.872666667,,3,3
CE162,E162,RI,Cultivated,Mb,20,NA,2,3,NA,NA,NA,NA,3,1,NA,NA,NA,NA,NA,NA,NA,NA,NA,NA,NA,NA,NA,NA,NA,NA,NA,NA,NA,NA,NA,NA,NA,NA,NA,NA,NA,NA,NA,NA,NA,NA,NA,NA,NA,NA,NA,NA,NA,NA,NA,NA,NA,2.179,,3,3
CE163,E163,RI,Cultivated,Mb,20,NA,2,4,NA,NA,NA,NA,3,1,NA,NA,NA,NA,NA,NA,NA,NA,NA,NA,NA,NA,NA,NA,NA,NA,NA,NA,NA,NA,NA,NA,NA,NA,NA,NA,NA,NA,NA,NA,NA,NA,NA,NA,NA,NA,NA,NA,NA,NA,NA,NA,NA,1.704,,3,2
C441,441,VL,Wild,Co,23,1,1,1,1,5,2,18,0,1,1,0,0,0,0,0,does not exist,NA,NA,NA,NA,NA,NA,NA,NA,NA,NA,NA,NA,NA,NA,NA,NA,NA,NA,NA,NA,NA,NA,NA,NA,NA,NA,NA,NA,NA,NA,NA,NA,NA,NA,NA,NA,3.755,,3,3
C442,442,VL,Wild,Co,23,2,1,1,2,4,4,40,0,1,2,0,0,0,1,0,,8.9,0.1,0.04,0.05,0.02,0,0.02,0,0,0.05,0,0,0,NA,NA,NA,NA,,NA,NA,NA,NA,NA,NA,NA,NA,NA,NA,NA,NA,NA,NA,NA,NA,NA,NA,NA,NA,NA,NA
C443,443,VL,Wild,Co,23,3,1,1,3,2,4,56,0,1,3,0,0,0,0,0,does not exist,NA,NA,NA,NA,NA,NA,NA,NA,NA,NA,NA,NA,NA,NA,NA,NA,NA,NA,NA,NA,NA,NA,NA,NA,NA,NA,NA,NA,NA,NA,NA,NA,NA,NA,NA,NA,3.942,,3,2
C444,444,VL,Wild,Co,23,4,1,1,4,6,1,93,0,1,4,1,0,0,1,0,,9.8,0.13,0.04,0.08,0.01,0,0,0,0.03,0.05,0.02,0.01,0,NA,NA,NA,NA,,NA,NA,NA,NA,NA,NA,NA,NA,NA,NA,NA,NA,NA,NA,NA,NA,NA,NA,NA,NA,NA,NA
C445,445,VL,Wild,Co,23,5,1,1,5,3,3,107,0,1,5,1,1,0,0,1,,NA,NA,NA,NA,NA,NA,NA,NA,NA,NA,NA,NA,NA,NA,NA,NA,NA,NA,15,0.53,0.19,0.26,0.14,0.01,0.01,0,0.03,0.05,0.17,0.04,0.07,NA,NA,NA,NA,,NA,NA,NA,NA
C446,446,VL,Wild,Co,23,6,1,2,6,1,3,123,0,1,6,0,0,0,0,0,does not exist,NA,NA,NA,NA,NA,NA,NA,NA,NA,NA,NA,NA,NA,NA,NA,NA,NA,NA,NA,NA,NA,NA,NA,NA,NA,NA,NA,NA,NA,NA,NA,NA,NA,NA,NA,NA,4.132666667,infested by Ar as well,3,3
C447,447,VL,Wild,Co,23,7,1,2,7,5,1,161,0,1,7,1,0,1,0,1,,NA,NA,NA,NA,NA,NA,NA,NA,NA,NA,NA,NA,NA,NA,NA,NA,NA,NA,NA,NA,NA,NA,NA,NA,NA,NA,NA,NA,NA,NA,NA,NA,NA,NA,NA,NA,NA,NA,NA,NA
C448,448,VL,Wild,Co,23,8,1,2,8,2,2,174,0,1,8,1,0,1,0,0,,NA,NA,NA,NA,NA,NA,NA,NA,NA,NA,NA,NA,NA,NA,NA,NA,NA,NA,NA,NA,NA,NA,NA,NA,NA,NA,NA,NA,NA,NA,NA,NA,NA,NA,NA,NA,NA,NA,NA,NA
C449,449,VL,Wild,Co,23,9,1,2,9,1,4,196,0,1,9,1,0,1,0,0,,NA,NA,NA,NA,NA,NA,NA,NA,NA,NA,NA,NA,NA,NA,NA,NA,NA,NA,NA,NA,NA,NA,NA,NA,NA,NA,NA,NA,NA,NA,NA,NA,NA,NA,NA,NA,NA,NA,NA,NA
C450,450,VL,Wild,Co,23,10,1,2,10,3,1,225,0,1,10,1,1,0,0,0,,NA,NA,NA,NA,NA,NA,NA,NA,NA,NA,NA,NA,NA,NA,NA,NA,NA,NA,17.9,0.3,0.21,0.07,0.16,0,0.03,0,0.02,0.02,0.02,0.03,0.02,NA,NA,NA,NA,,NA,NA,NA,NA
C451,451,VL,Wild,Co,23,11,2,3,11,3,2,250,0,1,11,0,0,0,1,0,,6.5,0.99,0.97,0.02,0.05,0.02,0.88,0.02,0,0.02,0,0,0,NA,NA,NA,NA,,NA,NA,NA,NA,NA,NA,NA,NA,NA,NA,NA,NA,NA,NA,NA,NA,NA,NA,NA,NA,NA,NA
C452,452,VL,Wild,Co,23,12,2,3,12,3,4,276,0,1,12,0,0,0,1,0,,9.8,0.03,0.01,0.01,0.01,0,0,0,0,0,0,0.01,0,NA,NA,NA,NA,,NA,NA,NA,NA,NA,NA,NA,NA,NA,NA,NA,NA,NA,NA,NA,NA,NA,NA,NA,NA,NA,NA
C453,453,VL,Wild,Co,23,13,2,3,13,1,1,289,0,1,13,0,0,0,1,0,,8.4,0.07,0.01,0.05,0.01,0,0,0,0,0.04,0,0.01,0,NA,NA,NA,NA,,NA,NA,NA,NA,NA,NA,NA,NA,NA,NA,NA,NA,NA,NA,NA,NA,NA,NA,NA,NA,NA,NA
C454,454,VL,Wild,Co,23,14,2,3,14,6,2,334,0,1,14,0,0,0,0,1,,NA,NA,NA,NA,NA,NA,NA,NA,NA,NA,NA,NA,NA,NA,NA,NA,NA,NA,NA,NA,NA,NA,NA,NA,NA,NA,NA,NA,NA,NA,NA,NA,NA,NA,NA,NA,NA,NA,NA,NA
C455,455,VL,Wild,Co,23,15,2,3,15,4,2,350,0,1,15,1,0,0,0,1,,NA,NA,NA,NA,NA,NA,NA,NA,NA,NA,NA,NA,NA,NA,NA,NA,NA,NA,NA,NA,NA,NA,NA,NA,NA,NA,NA,NA,NA,NA,NA,NA,NA,NA,NA,NA,NA,NA,NA,NA
C456,456,VL,Wild,Co,23,16,2,4,16,2,1,365,0,1,16,1,0,1,0,0,,NA,NA,NA,NA,NA,NA,NA,NA,NA,NA,NA,NA,NA,NA,NA,NA,NA,NA,NA,NA,NA,NA,NA,NA,NA,NA,NA,NA,NA,NA,NA,NA,NA,NA,NA,NA,NA,NA,NA,NA
C457,457,VL,Wild,Co,23,17,2,4,17,4,3,399,0,1,17,1,0,1,0,0,,NA,NA,NA,NA,NA,NA,NA,NA,NA,NA,NA,NA,NA,NA,NA,NA,NA,NA,NA,NA,NA,NA,NA,NA,NA,NA,NA,NA,NA,NA,NA,NA,NA,NA,NA,NA,NA,NA,NA,NA
C458,458,VL,Wild,Co,23,18,2,4,18,5,4,428,0,1,18,1,1,0,0,0,,NA,NA,NA,NA,NA,NA,NA,NA,NA,NA,NA,NA,NA,NA,NA,NA,NA,NA,16.1,0.76,0.23,0.24,0.16,0.01,0,0,0.06,0.05,0.04,0.15,0.28,NA,NA,NA,NA,,NA,NA,NA,NA
C459,459,VL,Wild,Co,23,19,2,4,19,2,3,439,0,1,19,1,1,0,0,0,,NA,NA,NA,NA,NA,NA,NA,NA,NA,NA,NA,NA,NA,NA,NA,NA,NA,NA,18.5,0.53,0.09,0.35,0,0.01,0.01,0.01,0.06,0.09,0.14,0.12,0.1,NA,NA,NA,NA,,NA,NA,NA,NA
C460,460,VL,Wild,Co,23,20,2,4,20,6,3,479,0,1,20,1,1,0,0,0,,NA,NA,NA,NA,NA,NA,NA,NA,NA,NA,NA,NA,NA,NA,NA,NA,NA,NA,20,1.43,0.39,0.2,0.29,0.01,0.01,0.01,0.07,0.05,0.07,0.08,0.85,NA,NA,NA,NA,,NA,NA,NA,NA
C461,461,VL,Wild,Mb,24,1,1,1,1,3,3,11,3,1,1,0,0,0,1,0,,6.9,0.34,0.06,0.27,0,0,0.04,0,0.02,0.27,0,0,0,NA,NA,NA,NA,,NA,NA,NA,NA,NA,NA,NA,NA,NA,NA,NA,NA,NA,NA,NA,NA,NA,NA,5.662,,3,3
C462,462,VL,Wild,Mb,24,2,1,1,2,4,3,39,3,1,2,1,0,0,1,0,GSL leaves already analysed,11.45,40.99,8.41,30.66,8.19,NA,NA,0.22,NA,27.11,0.46,3.09,0.23,0.07,1.21,0.35,0.06,GSL leaves already analysed,NA,NA,NA,NA,NA,NA,NA,NA,NA,NA,NA,NA,NA,NA,NA,NA,NA,NA,5.334333333,,3,3
C463,463,VL,Wild,Mb,24,3,1,1,3,2,1,53,3,1,3,0,0,0,0,0,does not exist,NA,NA,NA,NA,NA,NA,NA,NA,NA,NA,NA,NA,NA,NA,NA,NA,NA,NA,NA,NA,NA,NA,NA,NA,NA,NA,NA,NA,NA,NA,NA,NA,NA,NA,NA,NA,4.929333333,infested by Ar as well,3,3
C464,464,VL,Wild,Mb,24,4,1,1,4,4,4,88,3,1,4,0,0,0,0,0,does not exist,NA,NA,NA,NA,NA,NA,NA,NA,NA,NA,NA,NA,NA,NA,NA,NA,NA,NA,NA,NA,NA,NA,NA,NA,NA,NA,NA,NA,NA,NA,NA,NA,NA,NA,NA,NA,6.095,infested by Ar as well,3,1
C465,465,VL,Wild,Mb,24,5,1,1,5,5,2,114,3,1,5,1,0,1,1,0,,10.5,0.07,0.01,0.02,0,0.01,0,0,0,0.02,0,0,0.04,NA,NA,NA,NA,,NA,NA,NA,NA,NA,NA,NA,NA,NA,NA,NA,NA,NA,NA,NA,NA,NA,NA,4.757,,3,3
C466,466,VL,Wild,Mb,24,6,1,2,6,2,2,126,3,1,6,1,0,1,1,0,GSL leaves already analysed,13.44,0.9,0.13,0.37,0,NA,NA,0.13,NA,0.25,0.05,0.07,0,0.38,0,0,0.02,GSL leaves already analysed,NA,NA,NA,NA,NA,NA,NA,NA,NA,NA,NA,NA,NA,NA,NA,NA,NA,NA,3.583,1 cat found during rhizosphere collection,3,3
C467,467,VL,Wild,Mb,24,7,1,2,7,3,1,153,3,1,7,1,0,1,0,1,,NA,NA,NA,NA,NA,NA,NA,NA,NA,NA,NA,NA,NA,NA,NA,NA,NA,NA,NA,NA,NA,NA,NA,NA,NA,NA,NA,NA,NA,NA,NA,NA,NA,NA,NA,NA,5.265,,3,2
C468,468,VL,Wild,Mb,24,8,1,2,8,1,3,171,3,1,8,1,0,1,0,0,,NA,NA,NA,NA,NA,NA,NA,NA,NA,NA,NA,NA,NA,NA,NA,NA,NA,NA,NA,NA,NA,NA,NA,NA,NA,NA,NA,NA,NA,NA,NA,NA,NA,NA,NA,NA,4.674666667,,3,3
C469,469,VL,Wild,Mb,24,9,1,2,9,6,3,215,3,1,9,0,0,0,0,0,does not exist,NA,NA,NA,NA,NA,NA,NA,NA,NA,NA,NA,NA,NA,NA,NA,NA,NA,NA,NA,NA,NA,NA,NA,NA,NA,NA,NA,NA,NA,NA,NA,NA,NA,NA,NA,NA,2.626666667,infested by Ar as well,3,3
C470,470,VL,Wild,Mb,24,10,1,2,10,4,1,229,3,1,10,1,0,1,0,0,,NA,NA,NA,NA,NA,NA,NA,NA,NA,NA,NA,NA,NA,NA,NA,NA,NA,NA,NA,NA,NA,NA,NA,NA,NA,NA,NA,NA,NA,NA,NA,NA,NA,NA,NA,NA,2.297,,3,2
C471,471,VL,Wild,Mb,24,11,2,3,11,4,2,254,3,1,11,0,0,0,1,0,,7,0.16,0.02,0.14,0,0,0.02,0,0,0.11,0.02,0.01,0,NA,NA,NA,NA,,NA,NA,NA,NA,NA,NA,NA,NA,NA,NA,NA,NA,NA,NA,NA,NA,NA,NA,6.403333333,,3,3
C472,472,VL,Wild,Mb,24,12,2,3,12,1,4,268,3,1,12,0,0,0,1,0,,11.4,0.03,0.01,0.02,0,0,0.01,0,0,0.02,0,0,0,NA,NA,NA,NA,,NA,NA,NA,NA,NA,NA,NA,NA,NA,NA,NA,NA,NA,NA,NA,NA,NA,NA,5.601666667,,3,3
C473,473,VL,Wild,Mb,24,13,2,3,13,6,2,310,3,1,13,0,0,0,1,0,,9.2,0.12,0.02,0.02,0,0.02,0,0,0,0.02,0,0,0.07,NA,NA,NA,NA,,NA,NA,NA,NA,NA,NA,NA,NA,NA,NA,NA,NA,NA,NA,NA,NA,NA,NA,2.0315,,3,2
C474,474,VL,Wild,Mb,24,14,2,3,14,1,2,314,3,1,14,0,0,0,1,0,GSL leaves already analysed,11.35,1.77,0.7,0.96,0.59,NA,NA,0.11,NA,0.9,0.02,0.04,0,0,0.06,0.03,0,GSL leaves already analysed,NA,NA,NA,NA,NA,NA,NA,NA,NA,NA,NA,NA,NA,NA,NA,NA,NA,NA,2.6235,,3,2
C475,475,VL,Wild,Mb,24,15,2,3,15,2,4,344,3,1,15,1,0,0,0,1,,NA,NA,NA,NA,NA,NA,NA,NA,NA,NA,NA,NA,NA,NA,NA,NA,NA,NA,NA,NA,NA,NA,NA,NA,NA,NA,NA,NA,NA,NA,NA,NA,NA,NA,NA,NA,3.988,,3,3
C476,476,VL,Wild,Mb,24,16,2,4,16,6,4,384,3,1,16,1,1,0,0,0,,NA,NA,NA,NA,NA,NA,NA,NA,NA,NA,NA,NA,NA,NA,NA,NA,NA,NA,12.8,2.23,0.41,1.28,0.26,0.02,0,0,0.13,0.35,0.39,0.54,0.55,NA,NA,NA,NA,,3.954333333,,3,3
C477,477,VL,Wild,Mb,24,17,2,4,17,3,4,396,3,1,17,1,1,0,0,0,,NA,NA,NA,NA,NA,NA,NA,NA,NA,NA,NA,NA,NA,NA,NA,NA,NA,NA,11.5,0.85,0.36,0.16,0.27,0.01,0.05,0,0.03,0.03,0.02,0.11,0.34,NA,NA,NA,NA,,4.156333333,,3,3
C478,478,VL,Wild,Mb,24,18,2,4,18,5,3,427,3,1,18,1,1,0,0,0,,NA,NA,NA,NA,NA,NA,NA,NA,NA,NA,NA,NA,NA,NA,NA,NA,NA,NA,15.6,0.63,0.24,0.2,0.1,0.01,0.07,0,0.06,0.05,0.07,0.08,0.18,NA,NA,NA,NA,,3.623,,3,3
C479,479,VL,Wild,Mb,24,19,2,4,19,5,4,452,3,1,19,1,1,0,0,0,,NA,NA,NA,NA,NA,NA,NA,NA,NA,NA,NA,NA,NA,NA,NA,NA,NA,NA,12.9,0.98,0.31,0.22,0.2,0.02,0.05,0,0.04,0.03,0.03,0.16,0.45,NA,NA,NA,NA,,3.740666667,,3,3
C480,480,VL,Wild,Mb,24,20,2,4,20,5,1,473,3,1,20,1,1,0,0,0,,NA,NA,NA,NA,NA,NA,NA,NA,NA,NA,NA,NA,NA,NA,NA,NA,NA,NA,11.1,1.45,0.27,0.36,0,0.03,0.15,0,0.09,0.06,0.1,0.2,0.82,NA,NA,NA,NA,,1.322,,3,1
CE133,E133,VL,Wild,Mb,24,NA,1,2,NA,NA,NA,NA,3,1,NA,NA,NA,NA,NA,NA,NA,NA,NA,NA,NA,NA,NA,NA,NA,NA,NA,NA,NA,NA,NA,NA,NA,NA,NA,NA,NA,NA,NA,NA,NA,NA,NA,NA,NA,NA,NA,NA,NA,NA,NA,NA,NA,3.969,infested by Ar as well,3,3
CE135,E135,VL,Wild,Mb,24,NA,1,2,NA,NA,NA,NA,3,1,NA,NA,NA,NA,NA,NA,NA,NA,NA,NA,NA,NA,NA,NA,NA,NA,NA,NA,NA,NA,NA,NA,NA,NA,NA,NA,NA,NA,NA,NA,NA,NA,NA,NA,NA,NA,NA,NA,NA,NA,NA,NA,NA,6.539,infested by Ar as well,3,2
CE142,E142,VL,Wild,Mb,24,NA,2,3,NA,NA,NA,NA,3,1,NA,NA,NA,NA,NA,NA,NA,NA,NA,NA,NA,NA,NA,NA,NA,NA,NA,NA,NA,NA,NA,NA,NA,NA,NA,NA,NA,NA,NA,NA,NA,NA,NA,NA,NA,NA,NA,NA,NA,NA,NA,NA,NA,3.932,,3,2
CE143,E143,VL,Wild,Mb,24,NA,2,3,NA,NA,NA,NA,3,1,NA,NA,NA,NA,NA,NA,NA,NA,NA,NA,NA,NA,NA,NA,NA,NA,NA,NA,NA,NA,NA,NA,NA,NA,NA,NA,NA,NA,NA,NA,NA,NA,NA,NA,NA,NA,NA,NA,NA,NA,NA,NA,NA,3.991,,3,3
