SampleName,SampleNr,Accession,Soil_conditioning,TreatmentNr,PlantNr,Batch,Table,Block_n,Block_g,Rows,Cols,plots,InductionNr_CP,InductionNr_FP,Caterpillar_biomass_Sample,Leaf_Damage_Sample,Leaf_Disk_GSL_Sample,C_N_Determination,Leftover_GSL_samples,Rhizosphere_Sample,Rhizoplane_Sample,Root_GSL_Sample,Root_biomass,Bulk_Soil_Sample,Top_Soil_Sample,Caterpillar_Microbe_Sample,Phylosphere_Sample,Glycerol_Stock,DNA_rhizosphere,DNA_rhizoplane,DNA_top_soil,DNA_Caterpillar,Note_FP,GSL_Leaf_weight_mg,Total_GSL,Total_Aliphatic,Total_Indol,Progoitrin,Glucoraphanin,Sinigrin,Gluconapin,Glucoerucin,Glucobrassicin,Methoxy_glucobrassicin,Gluconasturtiin ,Neoglucobrassicin,X3MSOP,X5MSOP,X4.Pent,X4OHI3M,Note_GSL,N_content,C_content,C_N_ratio,Note_C_N,Mean_Weight_Cat,Note_Cat_Weight,InductionNr,Survival,Dead,Survival_fraction,LnRR_Survival_PerBatch,LnRR,LnRR_Surv_Dom_PerBatch,LnRR_Surv_Dom,Root_Weight,Note_RootBiomass,Domestication
F001,1,CD,Co,1,1,1,1,1,1,4,3,15,0,2,0,0,0,0,0,0,0,0,1,0,0,0,0,0,0,0,0,0,Plant had (nearly) no damage,NA,NA,NA,NA,NA,NA,NA,NA,NA,NA,NA,NA,NA,NA,NA,NA,NA,NA,NA,NA,NA,NA,16.948,"Caterpillar weight is avaraged per plant, another file has weight per caterpillar; all weight are in mg",2,1,1,0.5,,,,,,,Cultivated
F021,21,CD,Mb,2,1,1,1,1,1,2,2,6,5,2,1,1,0,0,0,0,0,0,1,0,0,0,0,0,0,0,0,0,,NA,NA,NA,NA,NA,NA,NA,NA,NA,NA,NA,NA,NA,NA,NA,NA,NA,NA,NA,NA,NA,NA,17.46266667,,3,3,0,1,1.692307692,1.294117647,0.909370289,0.81729561,,,Cultivated
F041,41,DD,Co,3,1,1,1,1,1,2,1,5,0,2,1,1,0,0,1,0,0,0,1,0,0,0,0,1,0,0,0,0,,NA,NA,NA,NA,NA,NA,NA,NA,NA,NA,NA,NA,NA,NA,NA,NA,NA,NA,NA,NA,NA,NA,3.124,,2,2,0,1,,,,,0.4411,,Wild
F061,61,DD,Mb,4,1,1,1,1,1,1,3,3,8,2,1,1,0,0,1,0,0,0,1,0,0,0,0,1,0,0,0,0,,NA,NA,NA,NA,NA,NA,NA,NA,NA,NA,NA,NA,NA,NA,NA,NA,NA,NA,NA,NA,NA,NA,2.3265,,2,2,0,1,1.466666667,1.692307692,0.935817154,0.895013333,,,Wild
F081,81,GO1,Co,5,1,1,1,1,1,4,1,13,0,2,1,1,1,1,0,0,0,0,1,0,0,0,0,0,0,0,0,0,plant heavily damaged,5.2,0.03,0,0.03,0,0,0,0,0,0.03,0,0,0,NA,NA,NA,NA,plant heavily damaged,2.56,37.76,14.73,,20.42,,2,2,0,1,,,,,0.0938,,Cultivated
F101,101,GO1,Mb,6,1,1,1,1,1,1,4,4,4,2,1,1,0,0,0,0,0,0,1,0,0,0,0,0,0,0,0,0,"Switched around with E30 before herbivore infestation because plant was very small // plant heavily damaged, 1 cat was stuck in the net",NA,NA,NA,NA,NA,NA,NA,NA,NA,NA,NA,NA,NA,NA,NA,NA,NA,NA,NA,NA,NA,NA,12.235,,3,3,0,1,1.222222222,1.189189189,0.909370289,0.81729561,0.1063,,Cultivated
F121,121,HE,Co,7,1,1,1,1,1,1,1,1,0,2,1,1,0,0,0,0,0,0,1,0,0,0,0,0,0,0,0,0,,NA,NA,NA,NA,NA,NA,NA,NA,NA,NA,NA,NA,NA,NA,NA,NA,NA,NA,NA,NA,NA,NA,NA,NA,2,0,2,0,,,,,0.6115,,Wild
F141,141,HE,Mb,8,1,1,1,1,1,4,4,16,6,2,1,1,0,0,0,0,0,0,1,0,0,0,0,0,0,0,0,0,,NA,NA,NA,NA,NA,NA,NA,NA,NA,NA,NA,NA,NA,NA,NA,NA,NA,NA,NA,NA,NA,NA,NA,NA,2,0,2,0,0,0,0,0,0.4882,,Wild
F161,161,HM,Co,9,1,1,1,1,1,3,2,10,0,2,1,1,0,0,0,0,0,0,1,0,0,0,0,0,0,0,0,0,plant severely damaged,NA,NA,NA,NA,NA,NA,NA,NA,NA,NA,NA,NA,NA,NA,NA,NA,NA,NA,NA,NA,NA,NA,56.6595,,2,2,0,1,,,,,0.4593,,Cultivated
F181,181,HM,Mb,10,1,1,1,1,1,1,2,2,2,2,1,1,0,0,0,0,0,0,1,0,0,0,0,0,0,0,0,0,little bit of trips damage observed during caterpillar infestation // plant severely damaged,NA,NA,NA,NA,NA,NA,NA,NA,NA,NA,NA,NA,NA,NA,NA,NA,NA,NA,NA,NA,NA,NA,13.9645,,4,4,0,1,1.692307692,1.294117647,0.909370289,,0.6876,,Cultivated
F201,201,IT1,Co,11,1,1,1,1,1,6,1,21,0,2,1,1,0,0,1,0,0,0,1,0,0,0,0,0,0,0,0,0,,NA,NA,NA,NA,NA,NA,NA,NA,NA,NA,NA,NA,NA,NA,NA,NA,NA,NA,NA,NA,NA,NA,17.1345,,2,2,0,1,,,,,0.411,,Cultivated
F221,221,IT1,Mb,12,1,1,1,1,1,5,3,19,4,2,1,1,0,0,1,0,0,0,1,0,0,0,0,0,0,0,0,0,,NA,NA,NA,NA,NA,NA,NA,NA,NA,NA,NA,NA,NA,NA,NA,NA,NA,NA,NA,NA,NA,NA,20.49,,2,2,0,1,1.294117647,1.128205128,0.909370289,0.81729561,0.2787,,Cultivated
F241,241,KI,Co,13,1,1,1,1,1,3,1,9,0,2,1,1,0,0,0,0,0,0,1,0,0,0,0,0,0,0,0,0,,NA,NA,NA,NA,NA,NA,NA,NA,NA,NA,NA,NA,NA,NA,NA,NA,NA,NA,NA,NA,NA,NA,3.674,,2,2,0,1,,,,,0.4249,,Wild
F261,261,KI,Mb,14,1,1,1,1,1,3,4,12,4,2,1,1,0,0,0,0,0,0,1,0,0,0,0,0,0,0,0,0,,NA,NA,NA,NA,NA,NA,NA,NA,NA,NA,NA,NA,NA,NA,NA,NA,NA,NA,NA,NA,NA,NA,4.738,,2,2,0,1,1.692307692,1.466666667,0.935817154,0.895013333,0.5182,,Wild
F281,281,KT,Co,15,1,1,1,1,1,6,2,22,0,2,1,1,0,0,1,0,0,0,1,0,0,0,0,0,0,0,0,0,,NA,NA,NA,NA,NA,NA,NA,NA,NA,NA,NA,NA,NA,NA,NA,NA,NA,NA,NA,NA,NA,NA,18.305,,2,2,0,1,,,,,0.1179,,Cultivated
F301,301,KT,Mb,16,1,1,1,1,1,6,4,24,5,2,1,1,0,0,1,0,0,0,1,0,0,0,0,0,0,0,0,0,,NA,NA,NA,NA,NA,NA,NA,NA,NA,NA,NA,NA,NA,NA,NA,NA,NA,NA,NA,NA,NA,NA,11.6355,,2,2,0,1,1.222222222,1.157894737,0.909370289,0.81729561,0.1373,,Cultivated
F401,401,MC,Co,21,1,1,1,1,1,5,4,20,0,2,1,1,0,0,1,0,0,0,1,0,0,0,0,0,0,0,0,0,,NA,NA,NA,NA,NA,NA,NA,NA,NA,NA,NA,NA,NA,NA,NA,NA,NA,NA,NA,NA,NA,NA,13.619,,2,2,0,1,,,,,0.1516,,Cultivated
F421,421,MC,Mb,22,1,1,1,1,1,5,1,17,4,2,1,1,0,0,1,0,0,0,1,0,0,0,0,0,0,0,0,0,,NA,NA,NA,NA,NA,NA,NA,NA,NA,NA,NA,NA,NA,NA,NA,NA,NA,NA,NA,NA,NA,NA,6.1725,,2,2,0,1,1.428571429,1.235294118,0.909370289,0.81729561,0.1128,,Cultivated
F321,321,OH,Co,17,1,1,1,1,1,6,3,23,0,2,1,1,0,0,1,0,0,0,1,0,0,0,0,1,0,0,0,0,,NA,NA,NA,NA,NA,NA,NA,NA,NA,NA,NA,NA,NA,NA,NA,NA,NA,NA,NA,NA,NA,NA,1.344,,2,1,1,0.5,,,,,,,Wild
F341,341,OH,Mb,18,1,1,1,1,1,4,2,14,8,2,1,1,0,0,1,0,0,0,1,0,0,0,0,1,0,0,0,0,Switched around with E115 before herbivore infestation because plant was very small,NA,NA,NA,NA,NA,NA,NA,NA,NA,NA,NA,NA,NA,NA,NA,NA,NA,NA,NA,NA,NA,NA,14.835,,2,1,1,0.5,0.916666667,0.88,0.57360203,0.544463983,,,Wild
F361,361,RI,Co,19,1,1,1,1,1,2,3,7,0,2,0,0,0,0,0,0,0,0,1,0,0,0,0,0,0,0,0,0,Plant had (nearly) no damage,NA,NA,NA,NA,NA,NA,NA,NA,NA,NA,NA,NA,NA,NA,NA,NA,NA,NA,NA,NA,NA,NA,NA,NA,2,0,2,0,,,,,,,Cultivated
F371,371,RI,Co,19,11,1,1,1,1,5,5,NA,0,2,1,0,0,0,0,1,1,0,0,0,1,1,1,0,0,0,0,0,,NA,NA,NA,NA,NA,NA,NA,NA,NA,NA,NA,NA,NA,NA,NA,NA,NA,NA,NA,NA,NA,NA,NA,NA,2,0,2,0,,,,,,,Cultivated
F372,372,RI,Co,19,12,1,1,1,1,2,5,NA,0,2,1,0,0,0,0,1,1,0,0,0,1,1,1,0,0,0,0,0,,NA,NA,NA,NA,NA,NA,NA,NA,NA,NA,NA,NA,NA,NA,NA,NA,NA,NA,NA,NA,NA,NA,NA,NA,2,0,2,0,,,,,,,Cultivated
F381,381,RI,Mb,20,1,1,1,1,1,2,4,8,3,2,1,1,0,0,0,0,0,0,1,0,0,0,0,0,0,0,0,0,,NA,NA,NA,NA,NA,NA,NA,NA,NA,NA,NA,NA,NA,NA,NA,NA,NA,NA,NA,NA,NA,NA,78.469,,2,1,1,0.5,0.913043478,0.755555556,0.554677506,0.489918939,0.2675,,Cultivated
F391,391,RI,Mb,20,11,1,1,1,1,3,5,NA,3,2,1,0,0,0,0,1,1,0,0,0,1,1,1,0,0,0,0,0,star (1 cat was found lateron),NA,NA,NA,NA,NA,NA,NA,NA,NA,NA,NA,NA,NA,NA,NA,NA,NA,NA,NA,NA,NA,NA,28.763,,2,1,1,0.5,0.913043478,0.755555556,0.554677506,0.489918939,,,Cultivated
F392,392,RI,Mb,20,12,1,1,1,1,1,5,NA,3,2,1,0,0,0,0,1,1,0,0,0,1,1,1,0,0,0,0,0,soil was relatively wet duyring rhizosphere collection,NA,NA,NA,NA,NA,NA,NA,NA,NA,NA,NA,NA,NA,NA,NA,NA,NA,NA,NA,NA,NA,NA,55.713,,2,1,1,0.5,0.913043478,0.755555556,0.554677506,0.489918939,,,Cultivated
F481,481,RI,S,25,1,1,1,1,1,4,5,NA,NA,2,1,1,0,0,1,0,0,0,1,0,0,0,0,0,0,0,0,0,,NA,NA,NA,NA,NA,NA,NA,NA,NA,NA,NA,NA,NA,NA,NA,NA,NA,NA,NA,NA,NA,NA,NA,NA,2,0,2,0,,,,,0.3575,,Cultivated
CTRL1,U1,Un,S,26,1,1,1,1,1,6,5,NA,NA,0,0,0,0,0,0,0,0,0,0,1,0,0,0,0,0,0,0,0,,NA,NA,NA,NA,NA,NA,NA,NA,NA,NA,NA,NA,NA,NA,NA,NA,NA,NA,NA,NA,NA,NA,NA,NA,NA,NA,,,,,,,,,
F441,441,VL,Co,23,1,1,1,1,1,5,2,18,0,2,1,1,0,0,0,0,0,0,1,0,0,0,0,0,0,0,0,0,,NA,NA,NA,NA,NA,NA,NA,NA,NA,NA,NA,NA,NA,NA,NA,NA,NA,NA,NA,NA,NA,NA,96.924,,2,1,1,0.5,,,,,0.9206,,Wild
F461,461,VL,Mb,24,1,1,1,1,1,3,3,11,3,2,1,1,0,0,0,0,0,0,1,0,0,0,0,0,0,0,0,0,,NA,NA,NA,NA,NA,NA,NA,NA,NA,NA,NA,NA,NA,NA,NA,NA,NA,NA,NA,NA,NA,NA,70.73,,2,1,1,0.5,0.55,0.523809524,0.57360203,,1.0157,also labeled as E91,Wild
F002,2,CD,Co,1,2,1,1,2,1,1,3,27,0,2,1,1,0,0,0,0,0,0,1,0,0,0,0,0,0,0,0,0,"One caterpillar added because one caterpillar did not survive infestion the day before., Number of caterpillar found in tubes did not equal number of caterpillar written down.",NA,NA,NA,NA,NA,NA,NA,NA,NA,NA,NA,NA,NA,NA,NA,NA,NA,NA,NA,NA,NA,NA,NA,NA,2,0,2,0,,,,,0.8537,Root weight is in g,Cultivated
F022,22,CD,Mb,2,2,1,1,2,1,4,1,37,5,2,1,1,0,0,0,0,0,0,1,0,0,0,0,0,0,0,0,0,,NA,NA,NA,NA,NA,NA,NA,NA,NA,NA,NA,NA,NA,NA,NA,NA,NA,NA,NA,NA,NA,NA,50.058,,2,1,1,0.5,0.846153846,0.647058824,0.554677506,0.489918939,0.6064,,Cultivated
F042,42,DD,Co,3,2,1,1,2,1,3,1,33,0,2,1,1,0,0,0,0,0,0,1,0,0,0,0,0,0,0,0,0,,NA,NA,NA,NA,NA,NA,NA,NA,NA,NA,NA,NA,NA,NA,NA,NA,NA,NA,NA,NA,NA,NA,4.416,,2,2,0,1,,,,,0.671,,Wild
F062,62,DD,Mb,4,2,1,1,2,1,3,2,34,8,2,1,1,0,0,1,0,0,0,1,0,0,0,0,0,0,0,0,0,,NA,NA,NA,NA,NA,NA,NA,NA,NA,NA,NA,NA,NA,NA,NA,NA,NA,NA,NA,NA,NA,NA,1.018,,2,1,1,0.5,0.733333333,0.846153846,0.57360203,0.544463983,0.4699,,Wild
F082,82,GO1,Co,5,2,1,1,2,1,3,3,35,0,2,1,1,0,0,0,0,0,0,1,0,0,0,0,0,0,0,0,0,plant heavily damaged,NA,NA,NA,NA,NA,NA,NA,NA,NA,NA,NA,NA,NA,NA,NA,NA,NA,NA,NA,NA,NA,NA,20.2475,,2,2,0,1,,,,,0.1603,,Cultivated
F102,102,GO1,Mb,6,2,1,1,2,1,2,2,30,4,2,0,0,0,0,0,0,0,0,0,0,0,0,0,0,0,0,0,0,Plant had (nearly) no damage,NA,NA,NA,NA,NA,NA,NA,NA,NA,NA,NA,NA,NA,NA,NA,NA,NA,NA,NA,NA,NA,NA,NA,NA,2,0,2,0,0,0,0,0,,,Cultivated
F122,122,HE,Co,7,2,1,1,2,1,5,2,42,0,2,1,1,0,0,0,0,0,0,1,0,0,0,0,0,0,0,0,0,,NA,NA,NA,NA,NA,NA,NA,NA,NA,NA,NA,NA,NA,NA,NA,NA,NA,NA,NA,NA,NA,NA,30.188,,2,1,1,0.5,,,,,0.6467,,Wild
F142,142,HE,Mb,8,2,1,1,2,1,1,2,26,6,2,1,1,0,0,0,0,0,0,1,0,0,0,0,0,0,0,0,0,,NA,NA,NA,NA,NA,NA,NA,NA,NA,NA,NA,NA,NA,NA,NA,NA,NA,NA,NA,NA,NA,NA,14.8255,,2,2,0,1,2,1.517241379,0.935817154,0.895013333,0.5578,,Wild
F162,162,HM,Co,9,2,1,1,2,1,2,4,32,0,2,1,1,0,0,0,0,0,0,1,0,0,0,0,0,0,0,0,0,number of caterpillar found in tubes did not equal number of caterpillar written down.,NA,NA,NA,NA,NA,NA,NA,NA,NA,NA,NA,NA,NA,NA,NA,NA,NA,NA,NA,NA,NA,NA,NA,NA,2,0,2,0,,,,,0.7948,,Cultivated
F182,182,HM,Mb,10,2,1,1,2,1,6,3,47,2,2,1,1,0,0,0,0,0,0,1,0,0,0,0,0,0,0,0,0,,NA,NA,NA,NA,NA,NA,NA,NA,NA,NA,NA,NA,NA,NA,NA,NA,NA,NA,NA,NA,NA,NA,35.794,,2,1,1,0.5,0.846153846,0.647058824,0.554677506,,0.8807,,Cultivated
F202,202,IT1,Co,11,2,1,1,2,1,5,3,43,0,2,1,1,0,0,1,0,0,0,1,0,0,0,0,0,0,0,0,0,,NA,NA,NA,NA,NA,NA,NA,NA,NA,NA,NA,NA,NA,NA,NA,NA,NA,NA,NA,NA,NA,NA,17.089,,2,1,1,0.5,,,,,0.5373,,Cultivated
F222,222,IT1,Mb,12,2,1,1,2,1,5,4,44,4,2,1,1,0,0,1,0,0,0,1,0,0,0,0,0,0,0,0,0,,NA,NA,NA,NA,NA,NA,NA,NA,NA,NA,NA,NA,NA,NA,NA,NA,NA,NA,NA,NA,NA,NA,10.458,,2,2,0,1,1.294117647,1.128205128,0.909370289,0.81729561,0.2317,,Cultivated
F242,242,KI,Co,13,2,1,1,2,1,6,4,48,0,2,1,1,0,0,0,0,0,0,1,0,0,0,0,0,0,0,0,0,,NA,NA,NA,NA,NA,NA,NA,NA,NA,NA,NA,NA,NA,NA,NA,NA,NA,NA,NA,NA,NA,NA,4.384,,2,1,1,0.5,,,,,0.4261,,Wild
F262,262,KI,Mb,14,2,1,1,2,1,2,1,29,4,2,1,1,0,0,0,0,0,0,1,0,0,0,0,0,0,0,0,0,Switched around with E128 before herbivore infestation because plant was very small,NA,NA,NA,NA,NA,NA,NA,NA,NA,NA,NA,NA,NA,NA,NA,NA,NA,NA,NA,NA,NA,NA,16.625,,2,1,1,0.5,0.846153846,0.733333333,0.57360203,0.544463983,0.4562,,Wild
F282,282,KT,Co,15,2,1,1,2,1,2,3,31,0,2,1,1,0,0,1,0,0,0,1,0,0,0,0,0,0,0,0,0,"small plant, only received one caterpillar",NA,NA,NA,NA,NA,NA,NA,NA,NA,NA,NA,NA,NA,NA,NA,NA,NA,NA,NA,NA,NA,NA,5.082,,1,1,0,1,,,,,0.114,,Cultivated
F302,302,KT,Mb,16,2,1,1,2,1,4,2,38,5,2,1,1,0,0,1,0,0,0,1,0,0,0,0,0,0,0,0,0,,NA,NA,NA,NA,NA,NA,NA,NA,NA,NA,NA,NA,NA,NA,NA,NA,NA,NA,NA,NA,NA,NA,11.954,,2,2,0,1,1.222222222,1.157894737,0.909370289,0.81729561,0.1754,,Cultivated
F402,402,MC,Co,21,2,1,1,2,1,1,4,28,0,2,1,1,0,0,1,0,0,0,1,0,0,0,0,0,0,0,0,0,1 cat died during handeling,NA,NA,NA,NA,NA,NA,NA,NA,NA,NA,NA,NA,NA,NA,NA,NA,NA,NA,NA,NA,NA,NA,12.492,,2,2,0,1,,,,,0.172,,Cultivated
F422,422,MC,Mb,22,2,1,1,2,1,6,1,45,4,2,1,1,0,0,1,0,0,0,1,0,0,0,0,0,0,0,0,0,,NA,NA,NA,NA,NA,NA,NA,NA,NA,NA,NA,NA,NA,NA,NA,NA,NA,NA,NA,NA,NA,NA,8.742,,2,2,0,1,1.428571429,1.235294118,0.909370289,0.81729561,0.214,,Cultivated
F322,322,OH,Co,17,2,1,1,2,1,5,1,41,0,2,1,1,0,0,1,0,0,0,1,0,0,0,0,0,0,0,0,0,,NA,NA,NA,NA,NA,NA,NA,NA,NA,NA,NA,NA,NA,NA,NA,NA,NA,NA,NA,NA,NA,NA,4.52,,2,1,1,0.5,,,,,,,Wild
F342,342,OH,Mb,18,2,1,1,2,1,6,2,46,8,2,1,1,0,0,1,0,0,0,1,0,0,0,0,0,0,0,0,0,,NA,NA,NA,NA,NA,NA,NA,NA,NA,NA,NA,NA,NA,NA,NA,NA,NA,NA,NA,NA,NA,NA,2.851,,2,1,1,0.5,0.916666667,0.88,0.57360203,0.544463983,,,Wild
F362,362,RI,Co,19,2,1,1,2,1,3,4,36,0,2,1,1,0,0,0,0,0,0,1,0,0,0,0,0,0,0,0,0,,NA,NA,NA,NA,NA,NA,NA,NA,NA,NA,NA,NA,NA,NA,NA,NA,NA,NA,NA,NA,NA,NA,33.591,,2,2,0,1,,,,,0.3382,,Cultivated
F382,382,RI,Mb,20,2,1,1,2,1,1,1,25,3,2,1,1,0,0,0,0,0,0,1,0,0,0,0,0,0,0,0,0,,NA,NA,NA,NA,NA,NA,NA,NA,NA,NA,NA,NA,NA,NA,NA,NA,NA,NA,NA,NA,NA,NA,13.079,,2,2,0,1,1.826086957,1.511111111,0.909370289,0.81729561,0.534,,Cultivated
F442,442,VL,Co,23,2,1,1,2,1,4,4,40,0,2,1,1,0,0,0,0,0,0,1,0,0,0,0,0,0,0,0,0,,NA,NA,NA,NA,NA,NA,NA,NA,NA,NA,NA,NA,NA,NA,NA,NA,NA,NA,NA,NA,NA,NA,44.5875,,2,2,0,1,,,,,0.8157,,Wild
F462,462,VL,Mb,24,2,1,1,2,1,4,3,39,3,2,1,1,0,0,0,0,0,0,1,0,0,0,0,0,0,0,0,0,little bit of trips damage observed during caterpillar infestation,NA,NA,NA,NA,NA,NA,NA,NA,NA,NA,NA,NA,NA,NA,NA,NA,NA,NA,NA,NA,NA,NA,22.06,,2,1,1,0.5,0.55,0.523809524,0.57360203,,0.8912,,Wild
F003,3,CD,Co,1,3,1,1,3,1,6,3,71,0,2,1,1,0,0,0,0,0,0,1,0,0,0,0,0,0,0,0,0,,NA,NA,NA,NA,NA,NA,NA,NA,NA,NA,NA,NA,NA,NA,NA,NA,NA,NA,NA,NA,NA,NA,NA,NA,2,0,2,0,,,,,1.3708,,Cultivated
F023,23,CD,Mb,2,3,1,1,3,1,3,3,59,5,2,1,1,0,0,0,0,0,0,1,0,0,0,0,0,0,0,0,0,One caterpillar added because one caterpillar did not survive infestion the day before.,NA,NA,NA,NA,NA,NA,NA,NA,NA,NA,NA,NA,NA,NA,NA,NA,NA,NA,NA,NA,NA,NA,17.767,,2,1,1,0.5,0.846153846,0.647058824,0.554677506,0.489918939,0.9616,,Cultivated
F043,43,DD,Co,3,3,1,1,3,1,4,4,64,0,2,1,1,0,0,1,0,0,0,1,0,0,0,0,0,0,0,0,0,,NA,NA,NA,NA,NA,NA,NA,NA,NA,NA,NA,NA,NA,NA,NA,NA,NA,NA,NA,NA,NA,NA,1.609,,2,1,1,0.5,,,,,0.8617,,Wild
F063,63,DD,Mb,4,3,1,1,3,1,6,1,69,8,2,1,1,0,0,1,0,0,0,1,0,0,0,0,0,0,0,0,0,,NA,NA,NA,NA,NA,NA,NA,NA,NA,NA,NA,NA,NA,NA,NA,NA,NA,NA,NA,NA,NA,NA,NA,NA,2,0,2,0,0,0,0,0,0.4706,"sample was wet when wanted to weigh, put in the oven for 2 days and weighed after",Wild
F086,86,GO1,Co,5,3,1,1,3,1,2,2,54,0,2,1,1,0,0,0,1,1,1,0,0,0,0,0,0,0,0,0,0,number of caterpillar found in tubes did not equal number of caterpillar written down.,NA,NA,NA,NA,NA,NA,NA,NA,NA,NA,NA,NA,NA,NA,NA,NA,NA,NA,NA,NA,NA,NA,13.444,,2,1,1,0.5,,,,,,,Cultivated
F105,105,GO1,Mb,6,3,1,1,3,1,4,1,61,4,2,1,1,0,0,0,1,1,0,0,0,0,0,0,0,0,0,0,0,plant heavily damaged,NA,NA,NA,NA,NA,NA,NA,NA,NA,NA,NA,NA,NA,NA,NA,NA,NA,NA,NA,NA,NA,NA,20.3385,,2,2,0,1,1.222222222,1.189189189,0.909370289,0.81729561,,,Cultivated
F123,123,HE,Co,7,3,1,1,3,1,1,3,51,0,2,1,1,0,0,0,0,0,0,1,0,0,0,0,0,0,0,0,0,,NA,NA,NA,NA,NA,NA,NA,NA,NA,NA,NA,NA,NA,NA,NA,NA,NA,NA,NA,NA,NA,NA,22.813,,2,1,1,0.5,,,,,1.0718,,Wild
F143,143,HE,Mb,8,3,1,1,3,1,3,4,60,6,2,1,1,0,0,0,0,0,0,1,0,0,0,0,0,0,0,0,0,,NA,NA,NA,NA,NA,NA,NA,NA,NA,NA,NA,NA,NA,NA,NA,NA,NA,NA,NA,NA,NA,NA,33.456,,2,1,1,0.5,1,0.75862069,0.57360203,0.544463983,0.6381,,Wild
F163,163,HM,Co,9,3,1,1,3,1,4,3,63,0,2,1,1,0,0,0,0,0,0,1,0,0,0,0,0,0,0,0,0,"plant severely damaged, number of caterpillar found in tubes did not equal number of caterpillar written down.",NA,NA,NA,NA,NA,NA,NA,NA,NA,NA,NA,NA,NA,NA,NA,NA,NA,NA,NA,NA,NA,NA,85.359,,2,1,1,0.5,,,,,0.8082,,Cultivated
F183,183,HM,Mb,10,3,1,1,3,1,2,3,55,2,2,1,1,0,0,0,0,0,0,1,0,0,0,0,0,0,0,0,0,plant severely damaged,NA,NA,NA,NA,NA,NA,NA,NA,NA,NA,NA,NA,NA,NA,NA,NA,NA,NA,NA,NA,NA,NA,44.772,,2,2,0,1,1.692307692,1.294117647,0.909370289,,0.6375,,Cultivated
F206,206,IT1,Co,11,3,1,1,3,1,6,4,72,0,2,1,1,0,0,0,0,0,0,0,0,0,0,0,0,0,0,0,0,,NA,NA,NA,NA,NA,NA,NA,NA,NA,NA,NA,NA,NA,NA,NA,NA,NA,NA,NA,NA,NA,NA,21.594,,2,2,0,1,,,,,,,Cultivated
F226,226,IT1,Mb,12,3,1,1,3,1,3,1,57,4,2,1,1,0,0,0,0,0,0,0,0,0,0,0,0,0,0,0,0,One caterpillar added because one caterpillar did not survive infestion the day before.,NA,NA,NA,NA,NA,NA,NA,NA,NA,NA,NA,NA,NA,NA,NA,NA,NA,NA,NA,NA,NA,NA,11.3145,,2,2,0,1,1.294117647,1.128205128,0.909370289,0.81729561,,,Cultivated
F243,243,KI,Co,13,3,1,1,3,1,6,2,70,0,2,0,0,0,0,0,0,0,0,0,0,0,0,0,0,0,0,0,0,Plant had (nearly) no damage,NA,NA,NA,NA,NA,NA,NA,NA,NA,NA,NA,NA,NA,NA,NA,NA,NA,NA,NA,NA,NA,NA,NA,NA,2,0,2,0,,,,,,,Wild
F263,263,KI,Mb,14,3,1,1,3,1,5,3,67,4,2,0,0,0,0,0,0,0,0,0,0,0,0,0,0,0,0,0,0,Plant had (nearly) no damage // little bit of trips damage observed during caterpillar infestation and plant had curled leaves,NA,NA,NA,NA,NA,NA,NA,NA,NA,NA,NA,NA,NA,NA,NA,NA,NA,NA,NA,NA,NA,NA,NA,NA,2,0,2,0,0,0,0,0,,,Wild
F283,283,KT,Co,15,3,1,1,3,1,5,1,65,0,2,1,1,0,0,1,0,0,0,1,0,0,0,0,0,0,0,0,0,,NA,NA,NA,NA,NA,NA,NA,NA,NA,NA,NA,NA,NA,NA,NA,NA,NA,NA,NA,NA,NA,NA,16.88866667,,3,3,0,1,,,,,0.2379,"wet when wanted to weight, put in oven for one day. There was a bit of mld on.",Cultivated
F303,303,KT,Mb,16,3,1,1,3,1,5,2,66,5,2,1,1,0,0,1,0,0,0,1,0,0,0,0,0,0,0,0,0,,NA,NA,NA,NA,NA,NA,NA,NA,NA,NA,NA,NA,NA,NA,NA,NA,NA,NA,NA,NA,NA,NA,15.049,,2,2,0,1,1.222222222,1.157894737,0.909370289,0.81729561,0.1636,,Cultivated
F403,403,MC,Co,21,3,1,1,3,1,4,2,62,0,2,1,1,0,0,1,0,0,0,1,0,0,0,0,0,0,0,0,0,,NA,NA,NA,NA,NA,NA,NA,NA,NA,NA,NA,NA,NA,NA,NA,NA,NA,NA,NA,NA,NA,NA,11.4195,,2,2,0,1,,,,,0.2083,,Cultivated
F423,423,MC,Mb,22,3,1,1,3,1,1,1,49,4,2,1,1,0,0,1,0,0,0,1,0,0,0,0,0,0,0,0,0,,NA,NA,NA,NA,NA,NA,NA,NA,NA,NA,NA,NA,NA,NA,NA,NA,NA,NA,NA,NA,NA,NA,10.604,,2,2,0,1,1.428571429,1.235294118,0.909370289,0.81729561,0.3263,,Cultivated
F323,323,OH,Co,17,3,1,1,3,1,3,2,58,0,2,0,0,0,0,0,0,0,0,0,0,0,0,0,0,0,0,0,0,Plant had (nearly) no damage,NA,NA,NA,NA,NA,NA,NA,NA,NA,NA,NA,NA,NA,NA,NA,NA,NA,NA,NA,NA,NA,NA,NA,NA,2,0,2,0,,,,,,,Wild
F343,343,OH,Mb,18,3,1,1,3,1,5,4,68,8,2,1,1,0,0,1,0,0,0,1,0,0,0,0,0,0,0,0,0,,NA,NA,NA,NA,NA,NA,NA,NA,NA,NA,NA,NA,NA,NA,NA,NA,NA,NA,NA,NA,NA,NA,2.169,,2,2,0,1,1.833333333,1.76,0.935817154,0.895013333,,,Wild
F363,363,RI,Co,19,3,1,1,3,1,1,2,50,0,2,1,1,0,0,0,0,0,0,1,0,0,0,0,0,0,0,0,0,,NA,NA,NA,NA,NA,NA,NA,NA,NA,NA,NA,NA,NA,NA,NA,NA,NA,NA,NA,NA,NA,NA,47.465,,2,2,0,1,,,,,0.3389,,Cultivated
F373,373,RI,Co,19,13,1,1,3,1,5,5,NA,0,2,1,0,0,0,0,1,1,0,0,0,1,1,1,0,1,1,1,1,,NA,NA,NA,NA,NA,NA,NA,NA,NA,NA,NA,NA,NA,NA,NA,NA,NA,NA,NA,NA,NA,NA,18.764,,2,1,1,0.5,,,,,,,Cultivated
F374,374,RI,Co,19,14,1,1,3,1,2,5,NA,0,2,1,0,0,0,0,1,1,0,0,0,1,1,1,0,0,0,0,1,,NA,NA,NA,NA,NA,NA,NA,NA,NA,NA,NA,NA,NA,NA,NA,NA,NA,NA,NA,NA,NA,NA,26.753,,2,1,1,0.5,,,,,,,Cultivated
F383,383,RI,Mb,20,3,1,1,3,1,1,4,52,3,2,1,1,0,0,0,0,0,0,1,0,0,0,0,0,0,0,0,0,,NA,NA,NA,NA,NA,NA,NA,NA,NA,NA,NA,NA,NA,NA,NA,NA,NA,NA,NA,NA,NA,NA,17.396,,2,1,1,0.5,0.913043478,0.755555556,0.554677506,0.489918939,0.4402,,Cultivated
F393,393,RI,Mb,20,13,1,1,3,1,6,5,NA,3,2,1,0,0,0,0,1,1,0,0,0,1,1,1,0,0,1,0,0,soil very dry during rhizosphere collection,NA,NA,NA,NA,NA,NA,NA,NA,NA,NA,NA,NA,NA,NA,NA,NA,NA,NA,NA,NA,NA,NA,19.253,,2,1,1,0.5,0.913043478,0.755555556,0.554677506,0.489918939,,,Cultivated
F482,482,RI,S,25,2,1,1,3,1,1,5,NA,NA,2,1,1,0,0,1,0,0,0,1,0,0,0,0,0,0,0,0,0,,NA,NA,NA,NA,NA,NA,NA,NA,NA,NA,NA,NA,NA,NA,NA,NA,NA,NA,NA,NA,NA,NA,24.7415,,2,2,0,1,,,,,0.3566,,Cultivated
F483,483,RI,S,25,3,1,1,3,1,4,5,NA,NA,2,1,1,0,0,1,0,0,0,1,0,0,0,0,0,0,0,0,0,plant severely damaged,NA,NA,NA,NA,NA,NA,NA,NA,NA,NA,NA,NA,NA,NA,NA,NA,NA,NA,NA,NA,NA,NA,19.8955,,2,2,0,1,,,,,0.3697,,Cultivated
CTRL2,U2,Un,S,26,2,1,1,3,1,3,5,NA,NA,0,0,0,0,0,0,0,0,0,0,1,0,0,0,0,0,0,0,0,,NA,NA,NA,NA,NA,NA,NA,NA,NA,NA,NA,NA,NA,NA,NA,NA,NA,NA,NA,NA,NA,NA,NA,NA,NA,NA,,,,,,,,,
F443,443,VL,Co,23,3,1,1,3,1,2,4,56,0,2,1,1,0,0,0,0,0,0,1,0,0,0,0,0,0,0,0,0,,NA,NA,NA,NA,NA,NA,NA,NA,NA,NA,NA,NA,NA,NA,NA,NA,NA,NA,NA,NA,NA,NA,21.03133333,,3,3,0,1,,,,,0.6887,,Wild
F463,463,VL,Mb,24,3,1,1,3,1,2,1,53,3,2,1,1,0,0,0,0,0,0,1,0,0,0,0,0,0,0,0,0,,NA,NA,NA,NA,NA,NA,NA,NA,NA,NA,NA,NA,NA,NA,NA,NA,NA,NA,NA,NA,NA,NA,82.635,,2,1,1,0.5,0.55,0.523809524,0.57360203,,0.9438,,Wild
F004,4,CD,Co,1,4,1,1,4,2,2,3,79,0,2,1,1,0,0,0,0,0,0,1,0,0,0,0,0,0,0,0,0,,NA,NA,NA,NA,NA,NA,NA,NA,NA,NA,NA,NA,NA,NA,NA,NA,NA,NA,NA,NA,NA,NA,18.972,,2,1,1,0.5,,,,,0.9276,,Cultivated
F024,24,CD,Mb,2,4,1,1,4,2,5,2,90,5,2,1,1,0,0,0,0,0,0,1,0,0,0,0,0,0,0,0,0,,NA,NA,NA,NA,NA,NA,NA,NA,NA,NA,NA,NA,NA,NA,NA,NA,NA,NA,NA,NA,NA,NA,10.9675,,2,2,0,1,1.692307692,1.294117647,0.909370289,0.81729561,0.866,,Cultivated
F044,44,DD,Co,3,4,1,1,4,2,3,2,82,0,2,1,1,0,0,1,1,1,0,1,0,0,0,0,0,0,0,0,0,One caterpillar added because one caterpillar did not survive infestion the day before.,NA,NA,NA,NA,NA,NA,NA,NA,NA,NA,NA,NA,NA,NA,NA,NA,NA,NA,NA,NA,NA,NA,4.193,,2,1,1,0.5,,,,,,,Wild
F064,64,DD,Mb,4,4,1,1,4,2,4,2,86,8,2,1,1,0,0,1,0,0,0,1,0,0,0,0,0,0,0,0,0,,NA,NA,NA,NA,NA,NA,NA,NA,NA,NA,NA,NA,NA,NA,NA,NA,NA,NA,NA,NA,NA,NA,NA,NA,2,0,2,0,0,0,0,0,0.8261,,Wild
F087,87,GO1,Co,5,4,1,1,4,2,1,3,75,0,2,1,1,0,0,0,1,1,1,0,0,0,0,0,0,0,0,0,0,,NA,NA,NA,NA,NA,NA,NA,NA,NA,NA,NA,NA,NA,NA,NA,NA,NA,NA,NA,NA,NA,NA,11.2625,,2,2,0,1,,,,,,,Cultivated
F106,106,GO1,Mb,6,4,1,1,4,2,1,1,73,4,2,1,1,0,0,0,1,1,1,0,0,0,0,0,0,0,0,0,0,number of caterpillar found in tubes did not equal number of caterpillar written down.,NA,NA,NA,NA,NA,NA,NA,NA,NA,NA,NA,NA,NA,NA,NA,NA,NA,NA,NA,NA,NA,NA,12.004,,2,1,1,0.5,0.611111111,0.594594595,0.554677506,0.489918939,,,Cultivated
F124,124,HE,Co,7,4,1,1,4,2,5,1,89,0,2,1,1,0,0,0,0,0,0,1,0,0,0,0,0,0,0,0,0,,NA,NA,NA,NA,NA,NA,NA,NA,NA,NA,NA,NA,NA,NA,NA,NA,NA,NA,NA,NA,NA,NA,NA,NA,2,0,2,0,,,,,0.7109,,Wild
F144,144,HE,Mb,8,4,1,1,4,2,6,3,95,6,2,1,1,0,0,0,0,0,0,1,0,0,0,0,0,0,0,0,0,,NA,NA,NA,NA,NA,NA,NA,NA,NA,NA,NA,NA,NA,NA,NA,NA,NA,NA,NA,NA,NA,NA,3.311,,2,2,0,1,2,1.517241379,0.935817154,0.895013333,0.4229,,Wild
F164,164,HM,Co,9,4,1,1,4,2,6,4,96,0,2,1,1,0,0,0,0,0,0,1,0,0,0,0,0,0,0,0,0,,NA,NA,NA,NA,NA,NA,NA,NA,NA,NA,NA,NA,NA,NA,NA,NA,NA,NA,NA,NA,NA,NA,16.845,,2,1,1,0.5,,,,,1.0287,,Cultivated
F184,184,HM,Mb,10,4,1,1,4,2,5,4,92,2,2,1,1,0,0,0,0,0,0,1,0,0,0,0,0,0,0,0,0,,NA,NA,NA,NA,NA,NA,NA,NA,NA,NA,NA,NA,NA,NA,NA,NA,NA,NA,NA,NA,NA,NA,63.173,,2,1,1,0.5,0.846153846,0.647058824,0.554677506,,1.1792,,Cultivated
F207,207,IT1,Co,11,4,1,1,4,2,2,2,78,0,2,1,1,0,0,0,0,0,0,0,0,0,0,0,0,0,0,0,0,,NA,NA,NA,NA,NA,NA,NA,NA,NA,NA,NA,NA,NA,NA,NA,NA,NA,NA,NA,NA,NA,NA,5.641,,2,2,0,1,,,,,,,Cultivated
F227,227,IT1,Mb,12,4,1,1,4,2,3,4,84,4,2,1,1,0,0,0,0,0,0,0,0,0,0,0,0,0,0,0,0,,NA,NA,NA,NA,NA,NA,NA,NA,NA,NA,NA,NA,NA,NA,NA,NA,NA,NA,NA,NA,NA,NA,20.3445,,2,2,0,1,1.294117647,1.128205128,0.909370289,0.81729561,,,Cultivated
F244,244,KI,Co,13,4,1,1,4,2,5,3,91,0,2,1,1,0,0,0,0,0,0,1,0,0,0,0,0,0,0,0,0,,NA,NA,NA,NA,NA,NA,NA,NA,NA,NA,NA,NA,NA,NA,NA,NA,NA,NA,NA,NA,NA,NA,NA,NA,2,0,2,0,,,,,0.557,,Wild
F264,264,KI,Mb,14,4,1,1,4,2,2,4,80,4,2,0,0,0,0,0,0,0,0,0,0,0,0,0,0,0,0,0,0,Plant had (nearly) no damage,NA,NA,NA,NA,NA,NA,NA,NA,NA,NA,NA,NA,NA,NA,NA,NA,NA,NA,NA,NA,NA,NA,NA,NA,2,0,2,0,0,0,0,0,,,Wild
F284,284,KT,Co,15,4,1,1,4,2,3,1,81,0,2,1,1,0,0,1,0,0,0,1,0,0,0,0,0,0,0,0,0,,NA,NA,NA,NA,NA,NA,NA,NA,NA,NA,NA,NA,NA,NA,NA,NA,NA,NA,NA,NA,NA,NA,23.2525,,2,2,0,1,,,,,0.1743,,Cultivated
F304,304,KT,Mb,16,4,1,1,4,2,3,3,83,5,2,1,1,0,0,0,0,0,0,1,0,0,0,0,0,0,0,0,0,plant heavily damaged,NA,NA,NA,NA,NA,NA,NA,NA,NA,NA,NA,NA,NA,NA,NA,NA,NA,NA,NA,NA,NA,NA,13.34466667,,3,3,0,1,1.222222222,1.157894737,0.909370289,0.81729561,0.1705,,Cultivated
F404,404,MC,Co,21,4,1,1,4,2,4,1,85,0,2,1,1,0,0,1,0,0,0,1,0,0,0,0,0,0,0,0,0,,NA,NA,NA,NA,NA,NA,NA,NA,NA,NA,NA,NA,NA,NA,NA,NA,NA,NA,NA,NA,NA,NA,20.838,,2,1,1,0.5,,,,,0.3015,"molded a bit, may not affect weight much",Cultivated
F424,424,MC,Mb,22,4,1,1,4,2,1,4,76,4,2,1,1,0,0,1,0,0,0,1,0,0,0,0,0,0,0,0,0,One caterpillar added because one caterpillar did not survive infestion the day before.,NA,NA,NA,NA,NA,NA,NA,NA,NA,NA,NA,NA,NA,NA,NA,NA,NA,NA,NA,NA,NA,NA,13.353,,2,2,0,1,1.428571429,1.235294118,0.909370289,0.81729561,0.1994,,Cultivated
F324,324,OH,Co,17,4,1,1,4,2,4,3,87,0,2,1,1,0,0,1,0,0,0,1,0,0,0,0,0,0,0,0,0,,NA,NA,NA,NA,NA,NA,NA,NA,NA,NA,NA,NA,NA,NA,NA,NA,NA,NA,NA,NA,NA,NA,2.312,,2,2,0,1,,,,,,,Wild
F344,344,OH,Mb,18,4,1,1,4,2,2,1,77,8,2,1,1,0,0,1,0,0,0,1,0,0,0,0,0,0,0,0,0,1 cat found dead in net,NA,NA,NA,NA,NA,NA,NA,NA,NA,NA,NA,NA,NA,NA,NA,NA,NA,NA,NA,NA,NA,NA,NA,NA,2,1,1,0.5,0.916666667,0.88,0.57360203,0.544463983,0.8395,,Wild
F364,364,RI,Co,19,4,1,1,4,2,6,2,94,0,2,1,1,0,0,0,0,0,0,1,0,0,0,0,0,0,0,0,0,,NA,NA,NA,NA,NA,NA,NA,NA,NA,NA,NA,NA,NA,NA,NA,NA,NA,NA,NA,NA,NA,NA,46.924,,2,2,0,1,,,,,0.3984,,Cultivated
F384,384,RI,Mb,20,4,1,1,4,2,1,2,74,3,2,1,1,0,0,0,0,0,0,1,0,0,0,0,0,0,0,0,0,One caterpillar added because one caterpillar did not survive infestion the day before.,NA,NA,NA,NA,NA,NA,NA,NA,NA,NA,NA,NA,NA,NA,NA,NA,NA,NA,NA,NA,NA,NA,23.3875,,2,2,0,1,1.826086957,1.511111111,0.909370289,0.81729561,0.3701,,Cultivated
F444,444,VL,Co,23,4,1,1,4,2,6,1,93,0,2,1,1,0,0,0,0,0,0,1,0,0,0,0,0,0,0,0,0,,NA,NA,NA,NA,NA,NA,NA,NA,NA,NA,NA,NA,NA,NA,NA,NA,NA,NA,NA,NA,NA,NA,32.609,,2,2,0,1,,,,,1.1227,,Wild
F464,464,VL,Mb,24,4,1,1,4,2,4,4,88,3,2,1,1,0,0,0,0,0,0,1,0,0,0,0,0,0,0,0,0,plant severely damaged,NA,NA,NA,NA,NA,NA,NA,NA,NA,NA,NA,NA,NA,NA,NA,NA,NA,NA,NA,NA,NA,NA,53.82,,2,2,0,1,1.1,1.047619048,0.935817154,,0.7483,,Wild
F005,5,CD,Co,1,5,1,1,5,2,5,4,116,0,2,1,1,0,0,0,1,1,0,0,0,0,0,0,0,0,0,0,0,,NA,NA,NA,NA,NA,NA,NA,NA,NA,NA,NA,NA,NA,NA,NA,NA,NA,NA,NA,NA,NA,NA,15.2945,,2,2,0,1,,,,,,,Cultivated
F025,25,CD,Mb,2,5,1,1,5,2,1,1,97,5,2,1,1,0,0,0,1,1,0,0,0,0,0,0,0,0,0,0,0,,NA,NA,NA,NA,NA,NA,NA,NA,NA,NA,NA,NA,NA,NA,NA,NA,NA,NA,NA,NA,NA,NA,21.865,,2,1,1,0.5,0.846153846,0.647058824,0.554677506,0.489918939,,,Cultivated
FE7,E7,CD,Mb,2,E7,1,1,5,2,1,7,NA,5,2,1,1,0,0,0,0,0,0,1,0,0,0,0,0,0,0,0,0,leaf broke during herbivore infestation,NA,NA,NA,NA,NA,NA,NA,NA,NA,NA,NA,NA,NA,NA,NA,NA,NA,NA,NA,NA,NA,NA,34.288,,2,1,1,0.5,0.846153846,0.647058824,0.554677506,0.489918939,0.6968,,Cultivated
F045,45,DD,Co,3,5,1,1,5,2,2,2,102,0,2,1,1,0,0,1,0,0,0,0,0,0,0,0,0,0,0,0,0,,NA,NA,NA,NA,NA,NA,NA,NA,NA,NA,NA,NA,NA,NA,NA,NA,NA,NA,NA,NA,NA,NA,1.2455,,2,2,0,1,,,,,,,Wild
FE13,E13,DD,Co,3,E13,1,1,5,2,6,6,NA,0,2,1,1,0,0,0,0,0,0,1,0,0,0,0,0,0,0,0,0,,NA,NA,NA,NA,NA,NA,NA,NA,NA,NA,NA,NA,NA,NA,NA,NA,NA,NA,NA,NA,NA,NA,NA,NA,2,0,2,0,,,,,0.6583,,Wild
F065,65,DD,Mb,4,5,1,1,5,2,1,2,98,8,2,0,0,0,0,0,0,0,0,0,0,0,0,0,0,0,0,0,0,Plant had (nearly) no damage,NA,NA,NA,NA,NA,NA,NA,NA,NA,NA,NA,NA,NA,NA,NA,NA,NA,NA,NA,NA,NA,NA,NA,NA,2,0,2,0,0,0,0,0,,,Wild
FE19,E19,DD,Mb,4,E19,1,1,5,2,5,7,NA,0,2,1,1,0,0,0,0,0,0,1,0,0,0,0,0,0,0,0,0,,NA,NA,NA,NA,NA,NA,NA,NA,NA,NA,NA,NA,NA,NA,NA,NA,NA,NA,NA,NA,NA,NA,1.664,,2,1,1,0.5,0.733333333,0.846153846,0.57360203,0.544463983,0.5809,,Wild
F083,83,GO1,Co,5,5,1,1,5,2,3,1,105,0,2,1,1,1,1,0,0,0,0,1,0,0,0,0,0,0,0,0,0,number of caterpillar found in tubes did not equal number of caterpillar written down.,4.9,0.5,0.44,0.07,0.44,0,0,0,0,0.04,0.01,0,0.02,NA,NA,NA,NA,number of caterpillar found in tubes did not equal number of caterpillar written down.,3.18,38.66,12.14,,11.088,,2,2,0,1,,,,,0.1433,,Cultivated
FE25,E25,GO1,Co,5,E25,1,1,5,2,6,2,NA,0,2,1,1,0,0,0,0,0,0,1,0,0,0,0,0,0,0,0,0,,NA,NA,NA,NA,NA,NA,NA,NA,NA,NA,NA,NA,NA,NA,NA,NA,NA,NA,NA,NA,NA,NA,23.016,,2,1,1,0.5,,,,,0.1447,,Cultivated
F103,103,GO1,Mb,6,5,1,1,5,2,5,3,115,4,2,1,1,1,0,0,0,0,0,1,0,0,0,0,0,0,0,0,0,,7.7,0.15,0.09,0.07,0,0,0.09,0,0,0.02,0,0,0.05,NA,NA,NA,NA,,NA,NA,NA,NA,23.36,,2,1,1,0.5,0.611111111,0.594594595,0.554677506,0.489918939,0.1481,,Cultivated
FE31,E31,GO1,Mb,6,E31,1,1,5,2,1,6,NA,4,2,1,1,0,0,0,0,0,0,1,0,0,0,0,0,0,0,0,0,,NA,NA,NA,NA,NA,NA,NA,NA,NA,NA,NA,NA,NA,NA,NA,NA,NA,NA,NA,NA,NA,NA,21.3995,,2,2,0,1,1.222222222,1.189189189,0.909370289,0.81729561,,,Cultivated
F125,125,HE,Co,7,5,1,1,5,2,2,1,101,0,2,1,1,0,0,0,1,1,0,0,0,0,0,0,0,0,0,0,0,,NA,NA,NA,NA,NA,NA,NA,NA,NA,NA,NA,NA,NA,NA,NA,NA,NA,NA,NA,NA,NA,NA,22.723,,2,1,1,0.5,,,,,,,Wild
FE37,E37,HE,Co,7,E37,1,1,5,2,6,7,NA,0,2,1,1,0,0,0,0,0,0,1,0,0,0,0,0,0,0,0,0,,NA,NA,NA,NA,NA,NA,NA,NA,NA,NA,NA,NA,NA,NA,NA,NA,NA,NA,NA,NA,NA,NA,30.547,,2,1,1,0.5,,,,,0.6834,,Wild
F145,145,HE,Mb,8,5,1,1,5,2,2,3,103,6,2,1,1,0,0,0,1,1,0,0,0,0,0,0,0,0,0,0,0,,NA,NA,NA,NA,NA,NA,NA,NA,NA,NA,NA,NA,NA,NA,NA,NA,NA,NA,NA,NA,NA,NA,22.481,,2,1,1,0.5,1,0.75862069,0.57360203,0.544463983,,,Wild
F165,165,HM,Co,9,5,1,1,5,2,1,3,99,0,2,1,1,0,0,0,1,1,0,0,0,0,0,0,0,0,0,0,0,plant severely damaged,NA,NA,NA,NA,NA,NA,NA,NA,NA,NA,NA,NA,NA,NA,NA,NA,NA,NA,NA,NA,NA,NA,50.895,,2,2,0,1,,,,,,,Cultivated
FE49,E49,HM,Co,9,E49,1,1,5,2,3,6,NA,0,2,1,1,0,0,0,0,0,0,1,0,0,0,0,0,0,0,0,0,,NA,NA,NA,NA,NA,NA,NA,NA,NA,NA,NA,NA,NA,NA,NA,NA,NA,NA,NA,NA,NA,NA,41.881,,2,1,1,0.5,,,,,0.8032,,Cultivated
F185,185,HM,Mb,10,5,1,1,5,2,3,2,106,2,2,1,1,0,0,0,1,1,0,0,0,0,0,0,0,0,0,0,0,plant severely damaged,NA,NA,NA,NA,NA,NA,NA,NA,NA,NA,NA,NA,NA,NA,NA,NA,NA,NA,NA,NA,NA,NA,50.178,,2,2,0,1,1.692307692,1.294117647,0.909370289,,,,Cultivated
FE55,E55,HM,Mb,10,E55,1,1,5,2,2,7,NA,2,2,1,1,0,0,0,0,0,0,1,0,0,0,0,0,0,0,0,0,Some leaf damage/callus during herbivore infestation,NA,NA,NA,NA,NA,NA,NA,NA,NA,NA,NA,NA,NA,NA,NA,NA,NA,NA,NA,NA,NA,NA,64.9925,,2,2,0,1,1.692307692,1.294117647,0.909370289,,0.6529,,Cultivated
F203,203,IT1,Co,11,5,1,1,5,2,6,3,119,0,2,1,1,0,0,1,1,1,0,1,0,0,0,0,0,0,0,0,0,,NA,NA,NA,NA,NA,NA,NA,NA,NA,NA,NA,NA,NA,NA,NA,NA,NA,NA,NA,NA,NA,NA,14.952,,2,2,0,1,,,,,0.5526,,Cultivated
F223,223,IT1,Mb,12,5,1,1,5,2,6,4,120,4,2,1,1,0,0,1,1,1,0,1,0,0,0,0,0,0,0,0,0,,NA,NA,NA,NA,NA,NA,NA,NA,NA,NA,NA,NA,NA,NA,NA,NA,NA,NA,NA,NA,NA,NA,21.463,,2,1,1,0.5,0.647058824,0.564102564,0.554677506,0.489918939,0.4879,,Cultivated
F245,245,KI,Co,13,5,1,1,5,2,3,4,108,0,2,0,0,0,0,0,0,0,0,0,0,0,0,0,0,0,0,0,0,Plant had (nearly) no damage // little bit of trips damage observed during caterpillar infestation,NA,NA,NA,NA,NA,NA,NA,NA,NA,NA,NA,NA,NA,NA,NA,NA,NA,NA,NA,NA,NA,NA,NA,NA,2,0,2,0,,,,,,,Wild
FE121,E121,KI,Co,13,E121,1,1,5,2,3,7,NA,0,2,1,1,0,0,0,0,0,0,1,0,0,0,0,0,0,0,0,0,,NA,NA,NA,NA,NA,NA,NA,NA,NA,NA,NA,NA,NA,NA,NA,NA,NA,NA,NA,NA,NA,NA,4.6305,,2,2,0,1,,,,,0.2724,labeled as E21 Ki_C1,Wild
F265,265,KI,Mb,14,5,1,1,5,2,6,1,117,4,2,1,1,0,0,0,1,1,0,0,0,0,0,0,0,0,0,0,0,,NA,NA,NA,NA,NA,NA,NA,NA,NA,NA,NA,NA,NA,NA,NA,NA,NA,NA,NA,NA,NA,NA,6.2445,,2,2,0,1,1.692307692,1.466666667,0.935817154,0.895013333,,,Wild
FE127,E127,KI,Mb,14,E127,1,1,5,2,5,6,NA,4,2,1,1,0,0,0,0,0,0,1,0,0,0,0,0,0,0,0,0,hole in leaf (mechanical damage) before herbivore infestation,NA,NA,NA,NA,NA,NA,NA,NA,NA,NA,NA,NA,NA,NA,NA,NA,NA,NA,NA,NA,NA,NA,3.326,,2,1,1,0.5,0.846153846,0.733333333,0.57360203,0.544463983,0.6587,,Wild
F285,285,KT,Co,15,5,1,1,5,2,4,4,112,0,2,1,1,0,0,1,1,1,0,0,0,0,0,0,0,0,0,0,0,,NA,NA,NA,NA,NA,NA,NA,NA,NA,NA,NA,NA,NA,NA,NA,NA,NA,NA,NA,NA,NA,NA,10.063,,3,3,0,1,,,,,,,Cultivated
F305,305,KT,Mb,16,5,1,1,5,2,5,1,113,5,2,1,1,0,0,1,1,1,0,0,0,0,0,0,0,0,0,0,0,,NA,NA,NA,NA,NA,NA,NA,NA,NA,NA,NA,NA,NA,NA,NA,NA,NA,NA,NA,NA,NA,NA,18.0125,,2,2,0,1,1.222222222,1.157894737,0.909370289,0.81729561,,,Cultivated
F405,405,MC,Co,21,5,1,1,5,2,2,4,104,0,2,1,1,0,0,1,1,1,0,0,0,0,0,0,0,0,0,0,0,,NA,NA,NA,NA,NA,NA,NA,NA,NA,NA,NA,NA,NA,NA,NA,NA,NA,NA,NA,NA,NA,NA,12.71,,2,1,1,0.5,,,,,,,Cultivated
F425,425,MC,Mb,22,5,1,1,5,2,4,2,110,4,2,1,1,0,0,0,1,1,0,0,0,0,0,0,0,0,0,0,0,plant heavily damaged,NA,NA,NA,NA,NA,NA,NA,NA,NA,NA,NA,NA,NA,NA,NA,NA,NA,NA,NA,NA,NA,NA,15.6235,,2,2,0,1,1.428571429,1.235294118,0.909370289,0.81729561,,,Cultivated
FE139,E139,MC,Mb,22,E139,1,1,5,2,4,7,NA,4,2,1,1,0,0,0,0,0,0,1,0,0,0,0,0,0,0,0,0,,NA,NA,NA,NA,NA,NA,NA,NA,NA,NA,NA,NA,NA,NA,NA,NA,NA,NA,NA,NA,NA,NA,28.419,,2,1,1,0.5,0.714285714,0.617647059,0.554677506,0.489918939,0.2277,,Cultivated
F325,325,OH,Co,17,5,1,1,5,2,4,1,109,0,2,0,0,0,0,0,0,0,0,0,0,0,0,0,0,0,0,0,0,Plant had (nearly) no damage,NA,NA,NA,NA,NA,NA,NA,NA,NA,NA,NA,NA,NA,NA,NA,NA,NA,NA,NA,NA,NA,NA,NA,NA,2,0,2,0,,,,,,,Wild
F345,345,OH,Mb,18,5,1,1,5,2,1,4,100,8,2,0,0,0,0,0,0,0,0,0,0,0,0,0,0,0,0,0,0,Plant had (nearly) no damage,NA,NA,NA,NA,NA,NA,NA,NA,NA,NA,NA,NA,NA,NA,NA,NA,NA,NA,NA,NA,NA,NA,NA,NA,2,0,2,0,0,0,0,0,,,Wild
FE115,E115,OH,Mb,18,E115,1,1,5,2,2,6,NA,8,2,1,0,0,0,0,0,0,0,0,0,0,0,0,0,0,0,0,0,,NA,NA,NA,NA,NA,NA,NA,NA,NA,NA,NA,NA,NA,NA,NA,NA,NA,NA,NA,NA,NA,NA,0.915,,2,1,1,0.5,0.916666667,0.88,0.57360203,0.544463983,,NA,Wild
F365,365,RI,Co,19,5,1,1,5,2,4,3,111,0,2,1,1,0,0,0,0,0,0,1,0,0,0,0,0,0,0,0,0,plant severely damaged,NA,NA,NA,NA,NA,NA,NA,NA,NA,NA,NA,NA,NA,NA,NA,NA,NA,NA,NA,NA,NA,NA,59.283,,2,2,0,1,,,,,0.35,,Cultivated
F375,375,RI,Co,19,15,1,1,5,2,3,5,NA,0,2,1,0,0,0,0,1,1,0,0,0,1,1,1,0,1,1,1,1,soil very dry during rhizosphere collection,NA,NA,NA,NA,NA,NA,NA,NA,NA,NA,NA,NA,NA,NA,NA,NA,NA,NA,NA,NA,NA,NA,3.13,,2,1,1,0.5,,,,,,,Cultivated
F376,376,RI,Co,19,16,1,1,5,2,6,5,NA,0,2,1,0,0,0,0,1,1,0,0,0,1,1,1,0,1,1,1,1,soil very dry during rhizosphere collection,NA,NA,NA,NA,NA,NA,NA,NA,NA,NA,NA,NA,NA,NA,NA,NA,NA,NA,NA,NA,NA,NA,15.617,,2,2,0,1,,,,,,,Cultivated
FE97,E97,RI,Co,19,E97,1,2,5,2,4,5,NA,3,2,1,1,0,0,0,1,1,1,0,0,1,1,1,0,0,0,0,0,,NA,NA,NA,NA,NA,NA,NA,NA,NA,NA,NA,NA,NA,NA,NA,NA,NA,NA,NA,NA,NA,NA,60.886,,2,1,1,0.5,,,,,0.4584,,Cultivated
F385,385,RI,Mb,20,5,1,1,5,2,6,2,118,3,2,1,1,0,0,0,0,0,0,1,0,0,0,0,0,0,0,0,0,,NA,NA,NA,NA,NA,NA,NA,NA,NA,NA,NA,NA,NA,NA,NA,NA,NA,NA,NA,NA,NA,NA,12.467,,3,3,0,1,1.826086957,1.511111111,0.909370289,0.81729561,0.3891,,Cultivated
F394,394,RI,Mb,20,14,1,1,5,2,1,5,NA,3,2,1,0,0,0,0,1,1,0,0,0,1,1,1,0,1,1,1,1,soil very dry during rhizosphere collection,NA,NA,NA,NA,NA,NA,NA,NA,NA,NA,NA,NA,NA,NA,NA,NA,NA,NA,NA,NA,NA,NA,14.457,,2,1,1,0.5,0.913043478,0.755555556,0.554677506,0.489918939,,,Cultivated
F484,484,RI,S,25,4,1,1,5,2,2,5,NA,NA,2,1,1,0,0,1,0,0,0,1,0,0,0,0,0,0,0,0,0,,NA,NA,NA,NA,NA,NA,NA,NA,NA,NA,NA,NA,NA,NA,NA,NA,NA,NA,NA,NA,NA,NA,10.807,,2,2,0,1,,,,,0.5213,,Cultivated
F485,485,RI,S,25,5,1,1,5,2,4,5,NA,NA,2,1,1,0,0,1,1,1,0,0,0,0,0,0,0,1,0,0,0,soil very dry during rhizosphere collection,NA,NA,NA,NA,NA,NA,NA,NA,NA,NA,NA,NA,NA,NA,NA,NA,NA,NA,NA,NA,NA,NA,20.5535,,2,2,0,1,,,,,,,Cultivated
CTRL3,U3,Un,S,26,3,1,1,5,2,5,5,NA,NA,0,0,0,0,0,0,0,0,0,0,1,0,0,0,0,0,0,0,0,,NA,NA,NA,NA,NA,NA,NA,NA,NA,NA,NA,NA,NA,NA,NA,NA,NA,NA,NA,NA,NA,NA,NA,NA,NA,NA,,,,,,,,,
F445,445,VL,Co,23,5,1,1,5,2,3,3,107,0,2,1,1,0,0,0,1,1,0,0,0,0,0,0,0,0,0,0,0,plant severely damaged,NA,NA,NA,NA,NA,NA,NA,NA,NA,NA,NA,NA,NA,NA,NA,NA,NA,NA,NA,NA,NA,NA,66.1675,,2,2,0,1,,,,,,,Wild
F465,465,VL,Mb,24,5,1,1,5,2,5,2,114,3,2,1,1,0,0,0,1,1,0,0,0,0,0,0,0,0,0,0,0,,NA,NA,NA,NA,NA,NA,NA,NA,NA,NA,NA,NA,NA,NA,NA,NA,NA,NA,NA,NA,NA,NA,37.801,,2,1,1,0.5,0.55,0.523809524,0.57360203,,,,Wild
F006,6,CD,Co,1,6,1,2,6,3,5,1,137,0,2,1,1,0,0,0,1,1,1,0,0,0,0,0,0,0,0,0,0,,NA,NA,NA,NA,NA,NA,NA,NA,NA,NA,NA,NA,NA,NA,NA,NA,NA,NA,NA,NA,NA,NA,71.404,,2,1,1,0.5,,,,,,,Cultivated
F026,26,CD,Mb,2,6,1,2,6,3,5,3,139,5,2,1,1,0,0,0,1,1,1,0,0,0,0,0,0,0,0,0,0,,NA,NA,NA,NA,NA,NA,NA,NA,NA,NA,NA,NA,NA,NA,NA,NA,NA,NA,NA,NA,NA,NA,13.076,,2,2,0,1,1.692307692,1.294117647,0.909370289,0.81729561,,,Cultivated
F046,46,DD,Co,3,6,1,2,6,3,6,3,143,0,2,1,1,0,0,1,1,1,1,0,0,0,0,0,0,0,0,0,0,,NA,NA,NA,NA,NA,NA,NA,NA,NA,NA,NA,NA,NA,NA,NA,NA,NA,NA,NA,NA,NA,NA,0.283,,2,1,1,0.5,,,,,,,Wild
F066,66,DD,Mb,4,6,1,2,6,3,5,2,138,8,2,1,1,0,0,1,1,1,1,0,0,0,0,0,0,0,0,0,0,,NA,NA,NA,NA,NA,NA,NA,NA,NA,NA,NA,NA,NA,NA,NA,NA,NA,NA,NA,NA,NA,NA,0.48,,2,1,1,0.5,0.733333333,0.846153846,0.57360203,0.544463983,,,Wild
F084,84,GO1,Co,5,6,1,2,6,3,1,2,122,0,2,1,1,0,0,0,0,0,0,1,0,0,0,0,0,0,0,0,0,plant heavily damaged,NA,NA,NA,NA,NA,NA,NA,NA,NA,NA,NA,NA,NA,NA,NA,NA,NA,NA,NA,NA,NA,NA,22.2855,,2,2,0,1,,,,,0.2032,,Cultivated
F104,104,GO1,Mb,6,6,1,2,6,3,3,3,131,4,2,1,1,1,0,0,0,0,0,1,0,0,0,0,0,0,0,0,0,,7.6,0.07,0,0.06,0,0,0,0,0,0.06,0,0,0,NA,NA,NA,NA,,NA,NA,NA,NA,8.8535,,2,2,0,1,1.222222222,1.189189189,0.909370289,0.81729561,0.2249,,Cultivated
F126,126,HE,Co,7,6,1,2,6,3,6,1,141,0,2,1,1,0,0,0,1,1,1,0,0,0,0,0,0,0,0,0,0,,NA,NA,NA,NA,NA,NA,NA,NA,NA,NA,NA,NA,NA,NA,NA,NA,NA,NA,NA,NA,NA,NA,9.3865,,2,2,0,1,,,,,,,Wild
F146,146,HE,Mb,8,6,1,2,6,3,3,1,129,6,2,1,1,0,0,0,1,1,1,0,0,0,0,0,0,0,0,0,0,,NA,NA,NA,NA,NA,NA,NA,NA,NA,NA,NA,NA,NA,NA,NA,NA,NA,NA,NA,NA,NA,NA,21.58,,2,1,1,0.5,1,0.75862069,0.57360203,0.544463983,,,Wild
F166,166,HM,Co,9,6,1,2,6,3,4,2,134,0,2,1,1,0,0,0,1,1,1,0,0,0,0,0,0,0,0,0,0,plant severely damaged,NA,NA,NA,NA,NA,NA,NA,NA,NA,NA,NA,NA,NA,NA,NA,NA,NA,NA,NA,NA,NA,NA,60.9695,,2,2,0,1,,,,,,,Cultivated
F186,186,HM,Mb,10,6,1,2,6,3,4,1,133,2,2,1,1,0,0,0,1,1,1,0,0,0,0,0,0,0,0,0,0,,NA,NA,NA,NA,NA,NA,NA,NA,NA,NA,NA,NA,NA,NA,NA,NA,NA,NA,NA,NA,NA,NA,NA,NA,2,0,2,0,0,0,0,,,,Cultivated
F204,204,IT1,Co,11,6,1,2,6,3,3,4,132,0,2,1,1,0,0,1,1,1,1,1,0,0,0,0,0,0,0,0,0,,NA,NA,NA,NA,NA,NA,NA,NA,NA,NA,NA,NA,NA,NA,NA,NA,NA,NA,NA,NA,NA,NA,11.018,,2,1,1,0.5,,,,,0.4863,,Cultivated
F224,224,IT1,Mb,12,6,1,2,6,3,4,3,135,4,2,1,1,0,0,1,1,1,1,1,0,0,0,0,0,0,0,0,0,,NA,NA,NA,NA,NA,NA,NA,NA,NA,NA,NA,NA,NA,NA,NA,NA,NA,NA,NA,NA,NA,NA,27.132,,2,1,1,0.5,0.647058824,0.564102564,0.554677506,0.489918939,0.2566,,Cultivated
F246,246,KI,Co,13,6,1,2,6,3,2,4,128,0,2,1,1,0,0,0,1,1,1,0,0,0,0,0,0,0,0,0,0,,NA,NA,NA,NA,NA,NA,NA,NA,NA,NA,NA,NA,NA,NA,NA,NA,NA,NA,NA,NA,NA,NA,6.668,,2,2,0,1,,,,,,,Wild
F266,266,KI,Mb,14,6,1,2,6,3,6,2,142,4,2,1,1,0,0,0,1,1,1,0,0,0,0,0,0,0,0,0,0,,NA,NA,NA,NA,NA,NA,NA,NA,NA,NA,NA,NA,NA,NA,NA,NA,NA,NA,NA,NA,NA,NA,16.7315,,2,2,0,1,1.692307692,1.466666667,0.935817154,0.895013333,,,Wild
F286,286,KT,Co,15,6,1,2,6,3,6,4,144,0,2,1,1,0,0,0,1,1,1,0,0,0,0,0,0,0,0,0,0,One caterpillar added because one caterpillar did not survive infestion the day before.,NA,NA,NA,NA,NA,NA,NA,NA,NA,NA,NA,NA,NA,NA,NA,NA,NA,NA,NA,NA,NA,NA,13.2605,,2,2,0,1,,,,,,,Cultivated
F306,306,KT,Mb,16,6,1,2,6,3,1,4,124,5,2,1,1,0,0,0,1,1,1,0,0,0,0,0,0,0,0,0,0,,NA,NA,NA,NA,NA,NA,NA,NA,NA,NA,NA,NA,NA,NA,NA,NA,NA,NA,NA,NA,NA,NA,10.5075,,2,2,0,1,1.222222222,1.157894737,0.909370289,0.81729561,,,Cultivated
F406,406,MC,Co,21,6,1,2,6,3,1,1,121,0,2,1,1,0,0,0,1,1,1,0,0,0,0,0,0,0,0,0,0,Could also have been in row 4,NA,NA,NA,NA,NA,NA,NA,NA,NA,NA,NA,NA,NA,NA,NA,NA,NA,NA,NA,NA,NA,NA,7.968,,2,2,0,1,,,,,,,Cultivated
F426,426,MC,Mb,22,6,1,2,6,3,5,4,140,4,2,1,1,0,0,0,1,1,1,0,0,0,0,0,0,0,0,0,0,,NA,NA,NA,NA,NA,NA,NA,NA,NA,NA,NA,NA,NA,NA,NA,NA,NA,NA,NA,NA,NA,NA,13.8365,,2,2,0,1,1.428571429,1.235294118,0.909370289,0.81729561,,,Cultivated
F326,326,OH,Co,17,6,1,2,6,3,2,3,127,0,2,1,1,0,0,0,1,1,1,0,0,0,0,0,0,0,0,0,0,,NA,NA,NA,NA,NA,NA,NA,NA,NA,NA,NA,NA,NA,NA,NA,NA,NA,NA,NA,NA,NA,NA,5.4395,,2,2,0,1,,,,,,,Wild
F346,346,OH,Mb,18,6,1,2,6,3,3,2,130,8,2,1,1,0,0,1,1,1,1,0,0,0,0,0,0,0,0,0,0,,NA,NA,NA,NA,NA,NA,NA,NA,NA,NA,NA,NA,NA,NA,NA,NA,NA,NA,NA,NA,NA,NA,1.4255,,2,2,0,1,1.833333333,1.76,0.935817154,0.895013333,,,Wild
F366,366,RI,Co,19,6,1,2,6,3,2,1,125,0,2,1,1,0,0,0,0,0,0,1,0,0,0,0,0,0,0,0,0,,NA,NA,NA,NA,NA,NA,NA,NA,NA,NA,NA,NA,NA,NA,NA,NA,NA,NA,NA,NA,NA,NA,33.474,,2,2,0,1,,,,,0.4642,,Cultivated
F377,377,RI,Co,19,17,1,2,6,3,2,5,NA,0,2,1,0,0,0,0,1,1,1,0,0,1,1,1,0,1,1,1,1,soil was relatively wet duyring rhizosphere collection,NA,NA,NA,NA,NA,NA,NA,NA,NA,NA,NA,NA,NA,NA,NA,NA,NA,NA,NA,NA,NA,NA,30.557,,2,1,1,0.5,,,,,,,Cultivated
F378,378,RI,Co,19,18,1,2,6,3,4,5,NA,0,2,1,0,0,0,0,1,1,1,0,0,1,1,1,0,1,1,1,1,,NA,NA,NA,NA,NA,NA,NA,NA,NA,NA,NA,NA,NA,NA,NA,NA,NA,NA,NA,NA,NA,NA,NA,NA,2,0,2,0,,,,,,,Cultivated
F386,386,RI,Mb,20,6,1,2,6,3,4,4,136,3,2,1,1,0,0,0,0,0,0,1,0,0,0,0,0,0,0,0,0,,NA,NA,NA,NA,NA,NA,NA,NA,NA,NA,NA,NA,NA,NA,NA,NA,NA,NA,NA,NA,NA,NA,33.281,,2,2,0,1,1.826086957,1.511111111,0.909370289,0.81729561,0.3721,,Cultivated
F395,395,RI,Mb,20,15,1,2,6,3,1,5,NA,3,2,1,0,0,0,0,1,1,0,0,0,1,1,1,0,1,0,1,1,soil was relatively wet duyring rhizosphere collection,NA,NA,NA,NA,NA,NA,NA,NA,NA,NA,NA,NA,NA,NA,NA,NA,NA,NA,NA,NA,NA,NA,33.334,,2,1,1,0.5,0.913043478,0.755555556,0.554677506,0.489918939,,,Cultivated
F396,396,RI,Mb,20,16,1,2,6,3,5,5,NA,3,2,1,0,0,0,0,1,1,1,0,0,1,1,1,0,1,1,1,0,,NA,NA,NA,NA,NA,NA,NA,NA,NA,NA,NA,NA,NA,NA,NA,NA,NA,NA,NA,NA,NA,NA,NA,NA,2,0,2,0,0,0,0,0,,,Cultivated
F486,486,RI,S,25,6,1,2,6,3,6,5,NA,NA,2,1,1,0,0,0,1,1,1,0,0,0,0,0,0,1,1,0,0,,NA,NA,NA,NA,NA,NA,NA,NA,NA,NA,NA,NA,NA,NA,NA,NA,NA,NA,NA,NA,NA,NA,13.7185,,2,2,0,1,,,,,,,Cultivated
CTRL4,U4,Un,S,26,4,1,2,6,3,3,5,NA,NA,0,0,0,0,0,0,0,0,0,0,1,0,0,0,0,0,0,0,0,,NA,NA,NA,NA,NA,NA,NA,NA,NA,NA,NA,NA,NA,NA,NA,NA,NA,NA,NA,NA,NA,NA,NA,NA,NA,NA,,,,,,,,,
F446,446,VL,Co,23,6,1,2,6,3,1,3,123,0,2,1,1,0,0,0,1,1,1,0,0,0,0,0,0,0,0,0,0,plant severely damaged,NA,NA,NA,NA,NA,NA,NA,NA,NA,NA,NA,NA,NA,NA,NA,NA,NA,NA,NA,NA,NA,NA,59.233,,2,2,0,1,,,,,,,Wild
F466,466,VL,Mb,24,6,1,2,6,3,2,2,126,3,2,1,1,0,0,0,1,1,1,0,0,0,0,0,0,0,0,0,0,plant severely damaged,NA,NA,NA,NA,NA,NA,NA,NA,NA,NA,NA,NA,NA,NA,NA,NA,NA,NA,NA,NA,NA,NA,44.479,,2,2,0,1,1.1,1.047619048,0.935817154,,,,Wild
F007,7,CD,Co,1,7,1,2,7,3,3,4,156,0,2,1,1,0,0,0,1,1,1,0,0,0,0,0,0,0,0,0,0,,NA,NA,NA,NA,NA,NA,NA,NA,NA,NA,NA,NA,NA,NA,NA,NA,NA,NA,NA,NA,NA,NA,42.7415,,2,2,0,1,,,,,,,Cultivated
F027,27,CD,Mb,2,7,1,2,7,3,2,1,149,5,2,1,1,0,0,0,1,1,1,0,0,0,0,0,0,0,0,0,0,One caterpillar added because one caterpillar did not survive infestion the day before.,NA,NA,NA,NA,NA,NA,NA,NA,NA,NA,NA,NA,NA,NA,NA,NA,NA,NA,NA,NA,NA,NA,24.998,,2,2,0,1,1.692307692,1.294117647,0.909370289,0.81729561,,,Cultivated
F047,47,DD,Co,3,7,1,2,7,3,5,4,164,0,2,1,1,0,0,0,1,1,1,0,0,0,0,0,0,0,0,0,0,,NA,NA,NA,NA,NA,NA,NA,NA,NA,NA,NA,NA,NA,NA,NA,NA,NA,NA,NA,NA,NA,NA,2.5255,,2,2,0,1,,,,,,,Wild
F067,67,DD,Mb,4,7,1,2,7,3,4,1,157,8,2,1,1,0,0,0,1,1,1,0,0,0,0,0,0,0,0,0,0,,NA,NA,NA,NA,NA,NA,NA,NA,NA,NA,NA,NA,NA,NA,NA,NA,NA,NA,NA,NA,NA,NA,2.036,,2,2,0,1,1.466666667,1.692307692,0.935817154,0.895013333,,,Wild
F085,85,GO1,Co,5,7,1,2,7,3,2,4,152,0,2,1,1,1,1,0,1,1,0,0,0,0,0,0,0,0,0,0,0,number of caterpillar found in tubes did not equal number of caterpillar written down.,5.2,0.05,0,0.04,0,0,0,0,0,0.02,0.01,0,0.01,NA,NA,NA,NA,number of caterpillar found in tubes did not equal number of caterpillar written down.,3.68,40.23,10.94,,12.807,,2,1,1,0.5,,,,,,,Cultivated
F107,107,GO1,Mb,6,7,1,2,7,3,6,3,167,4,2,1,1,0,0,0,1,1,1,0,0,0,0,0,0,0,0,0,0,number of caterpillar found in tubes did not equal number of caterpillar written down.,NA,NA,NA,NA,NA,NA,NA,NA,NA,NA,NA,NA,NA,NA,NA,NA,NA,NA,NA,NA,NA,NA,18.454,,2,2,0,1,1.222222222,1.189189189,0.909370289,0.81729561,,NA,Cultivated
F127,127,HE,Co,7,7,1,2,7,3,6,2,166,0,2,1,1,0,0,0,1,1,1,0,0,0,0,0,0,0,0,0,0,,NA,NA,NA,NA,NA,NA,NA,NA,NA,NA,NA,NA,NA,NA,NA,NA,NA,NA,NA,NA,NA,NA,18.353,,2,1,1,0.5,,,,,,,Wild
F147,147,HE,Mb,8,7,1,2,7,3,6,1,165,6,2,1,1,0,0,0,1,1,1,0,0,0,0,0,0,0,0,0,0,,NA,NA,NA,NA,NA,NA,NA,NA,NA,NA,NA,NA,NA,NA,NA,NA,NA,NA,NA,NA,NA,NA,NA,NA,2,0,2,0,0,0,0,0,,,Wild
F167,167,HM,Co,9,7,1,2,7,3,1,4,148,0,2,1,1,0,0,0,1,1,1,0,0,0,0,0,0,0,0,0,0,star (2 cat were found later on),NA,NA,NA,NA,NA,NA,NA,NA,NA,NA,NA,NA,NA,NA,NA,NA,NA,NA,NA,NA,NA,NA,36.06266667,,3,3,0,1,,,,,,,Cultivated
F187,187,HM,Mb,10,7,1,2,7,3,4,3,159,2,2,1,1,0,0,0,1,1,1,0,0,0,0,0,0,0,0,0,0,,NA,NA,NA,NA,NA,NA,NA,NA,NA,NA,NA,NA,NA,NA,NA,NA,NA,NA,NA,NA,NA,NA,56.4265,,2,2,0,1,1.692307692,1.294117647,0.909370289,,,,Cultivated
F205,205,IT1,Co,11,7,1,2,7,3,1,1,145,0,2,1,1,0,0,1,1,1,1,0,0,0,0,0,0,0,0,0,0,,NA,NA,NA,NA,NA,NA,NA,NA,NA,NA,NA,NA,NA,NA,NA,NA,NA,NA,NA,NA,NA,NA,10.4295,,2,2,0,1,,,,,,,Cultivated
F225,225,IT1,Mb,12,7,1,2,7,3,2,2,150,4,2,1,1,0,0,1,1,1,1,0,0,0,0,0,0,0,0,0,0,,NA,NA,NA,NA,NA,NA,NA,NA,NA,NA,NA,NA,NA,NA,NA,NA,NA,NA,NA,NA,NA,NA,10.0425,,2,2,0,1,1.294117647,1.128205128,0.909370289,0.81729561,,,Cultivated
F247,247,KI,Co,13,7,1,2,7,3,3,3,155,0,2,1,1,0,0,0,1,1,1,0,0,0,0,0,0,0,0,0,0,,NA,NA,NA,NA,NA,NA,NA,NA,NA,NA,NA,NA,NA,NA,NA,NA,NA,NA,NA,NA,NA,NA,17.793,,2,2,0,1,,,,,,,Wild
F267,267,KI,Mb,14,7,1,2,7,3,2,3,151,4,2,1,1,0,0,0,1,1,1,0,0,0,0,0,0,0,0,0,0,,NA,NA,NA,NA,NA,NA,NA,NA,NA,NA,NA,NA,NA,NA,NA,NA,NA,NA,NA,NA,NA,NA,7.7325,,2,2,0,1,1.692307692,1.466666667,0.935817154,0.895013333,,,Wild
F287,287,KT,Co,15,7,1,2,7,3,3,2,154,0,2,1,1,0,0,0,1,1,1,0,0,0,0,0,0,0,0,0,0,,NA,NA,NA,NA,NA,NA,NA,NA,NA,NA,NA,NA,NA,NA,NA,NA,NA,NA,NA,NA,NA,NA,14.936,,2,1,1,0.5,,,,,,,Cultivated
F307,307,KT,Mb,16,7,1,2,7,3,1,2,146,5,2,1,1,0,0,0,1,1,1,0,0,0,0,0,0,0,0,0,0,,NA,NA,NA,NA,NA,NA,NA,NA,NA,NA,NA,NA,NA,NA,NA,NA,NA,NA,NA,NA,NA,NA,9.886,,2,2,0,1,1.222222222,1.157894737,0.909370289,0.81729561,,,Cultivated
F407,407,MC,Co,21,7,1,2,7,3,4,4,160,0,2,1,1,0,0,0,1,1,1,0,0,0,0,0,0,0,0,0,0,,NA,NA,NA,NA,NA,NA,NA,NA,NA,NA,NA,NA,NA,NA,NA,NA,NA,NA,NA,NA,NA,NA,7.374,,2,2,0,1,,,,,,,Cultivated
F427,427,MC,Mb,22,7,1,2,7,3,6,4,168,4,2,1,1,0,0,0,1,1,1,0,0,0,0,0,0,0,0,0,0,leaf broke when putting sand in pots,NA,NA,NA,NA,NA,NA,NA,NA,NA,NA,NA,NA,NA,NA,NA,NA,NA,NA,NA,NA,NA,NA,18.271,,2,2,0,1,1.428571429,1.235294118,0.909370289,0.81729561,,,Cultivated
F327,327,OH,Co,17,7,1,2,7,3,4,2,158,0,2,1,1,0,0,0,1,1,1,0,0,0,0,0,0,0,0,0,0,,NA,NA,NA,NA,NA,NA,NA,NA,NA,NA,NA,NA,NA,NA,NA,NA,NA,NA,NA,NA,NA,NA,4.888,,2,2,0,1,,,,,,,Wild
F347,347,OH,Mb,18,7,1,2,7,3,5,3,163,8,2,1,1,0,0,0,1,1,1,0,0,0,0,0,0,0,0,0,0,,NA,NA,NA,NA,NA,NA,NA,NA,NA,NA,NA,NA,NA,NA,NA,NA,NA,NA,NA,NA,NA,NA,NA,NA,2,0,2,0,0,0,0,0,,,Wild
F367,367,RI,Co,19,7,1,2,7,3,1,3,147,0,2,1,1,0,0,0,0,0,0,1,0,0,0,0,0,0,0,0,0,,NA,NA,NA,NA,NA,NA,NA,NA,NA,NA,NA,NA,NA,NA,NA,NA,NA,NA,NA,NA,NA,NA,83.029,,2,1,1,0.5,,,,,0.4445,,Cultivated
F387,387,RI,Mb,20,7,1,2,7,3,5,2,162,3,2,1,1,0,0,0,0,0,0,1,0,0,0,0,0,0,0,0,0,plant severely damaged,NA,NA,NA,NA,NA,NA,NA,NA,NA,NA,NA,NA,NA,NA,NA,NA,NA,NA,NA,NA,NA,NA,24.025,,2,1,1,0.5,0.913043478,0.755555556,0.554677506,0.489918939,0.2661,,Cultivated
F447,447,VL,Co,23,7,1,2,7,3,5,1,161,0,2,1,1,0,0,0,1,1,1,0,0,0,0,0,0,0,0,0,0,,NA,NA,NA,NA,NA,NA,NA,NA,NA,NA,NA,NA,NA,NA,NA,NA,NA,NA,NA,NA,NA,NA,37.0115,,2,2,0,1,,,,,,,Wild
F467,467,VL,Mb,24,7,1,2,7,3,3,1,153,3,2,1,1,0,0,0,1,1,1,0,0,0,0,0,0,0,0,0,0,plant severely damaged,NA,NA,NA,NA,NA,NA,NA,NA,NA,NA,NA,NA,NA,NA,NA,NA,NA,NA,NA,NA,NA,NA,54.92,,2,2,0,1,1.1,1.047619048,0.935817154,,,,Wild
F008,8,CD,Co,1,8,1,2,8,3,5,3,187,0,2,1,1,0,0,0,1,1,1,0,0,0,0,0,0,0,0,0,0,,NA,NA,NA,NA,NA,NA,NA,NA,NA,NA,NA,NA,NA,NA,NA,NA,NA,NA,NA,NA,NA,NA,17.6935,,2,2,0,1,,,,,,,Cultivated
F028,28,CD,Mb,2,8,1,2,8,3,4,2,182,5,2,0,0,0,0,0,0,0,0,0,0,0,0,0,0,0,0,0,0,Plant had (nearly) no damage // little bit of trips damage observed during caterpillar infestation,NA,NA,NA,NA,NA,NA,NA,NA,NA,NA,NA,NA,NA,NA,NA,NA,NA,NA,NA,NA,NA,NA,NA,NA,2,0,2,0,0,0,0,0,,,Cultivated
F048,48,DD,Co,3,8,1,2,8,3,4,3,183,0,2,1,1,0,0,0,1,1,1,0,0,0,0,0,0,0,0,0,0,,NA,NA,NA,NA,NA,NA,NA,NA,NA,NA,NA,NA,NA,NA,NA,NA,NA,NA,NA,NA,NA,NA,NA,NA,2,0,2,0,,,,,,,Wild
F068,68,DD,Mb,4,8,1,2,8,3,1,4,172,8,2,1,1,0,0,0,1,1,1,0,0,0,0,0,0,0,0,0,0,,NA,NA,NA,NA,NA,NA,NA,NA,NA,NA,NA,NA,NA,NA,NA,NA,NA,NA,NA,NA,NA,NA,2.2775,,2,2,0,1,1.466666667,1.692307692,0.935817154,0.895013333,,,Wild
F088,88,GO1,Co,5,8,1,2,8,3,6,1,189,0,2,1,1,0,0,0,1,1,1,0,0,0,0,0,0,0,0,0,0,,NA,NA,NA,NA,NA,NA,NA,NA,NA,NA,NA,NA,NA,NA,NA,NA,NA,NA,NA,NA,NA,NA,6.966,,2,1,1,0.5,,,,,,,Cultivated
F108,108,GO1,Mb,6,8,1,2,8,3,5,2,186,4,2,1,1,0,0,0,1,1,1,0,0,0,0,0,0,0,0,0,0,,NA,NA,NA,NA,NA,NA,NA,NA,NA,NA,NA,NA,NA,NA,NA,NA,NA,NA,NA,NA,NA,NA,13.5585,,2,2,0,1,1.222222222,1.189189189,0.909370289,0.81729561,,,Cultivated
F128,128,HE,Co,7,8,1,2,8,3,3,3,179,0,2,1,1,0,0,0,1,1,1,0,0,0,0,0,0,0,0,0,0,,NA,NA,NA,NA,NA,NA,NA,NA,NA,NA,NA,NA,NA,NA,NA,NA,NA,NA,NA,NA,NA,NA,8.9635,,2,2,0,1,,,,,,,Wild
F148,148,HE,Mb,8,8,1,2,8,3,1,1,169,6,2,1,1,0,0,0,1,1,1,0,0,0,0,0,0,0,0,0,0,,NA,NA,NA,NA,NA,NA,NA,NA,NA,NA,NA,NA,NA,NA,NA,NA,NA,NA,NA,NA,NA,NA,3.631,,2,1,1,0.5,1,0.75862069,0.57360203,0.544463983,,,Wild
F168,168,HM,Co,9,8,1,2,8,3,2,3,175,0,2,1,1,0,0,0,1,1,1,0,0,0,0,0,0,0,0,0,0,,NA,NA,NA,NA,NA,NA,NA,NA,NA,NA,NA,NA,NA,NA,NA,NA,NA,NA,NA,NA,NA,NA,NA,NA,2,0,2,0,,,,,,,Cultivated
F188,188,HM,Mb,10,8,1,2,8,3,6,2,190,2,2,1,1,0,0,0,1,1,1,0,0,0,0,0,0,0,0,0,0,,NA,NA,NA,NA,NA,NA,NA,NA,NA,NA,NA,NA,NA,NA,NA,NA,NA,NA,NA,NA,NA,NA,83.207,,2,1,1,0.5,0.846153846,0.647058824,0.554677506,,,,Cultivated
F208,208,IT1,Co,11,8,1,2,8,3,4,1,181,0,2,1,1,0,0,0,1,1,1,0,0,0,0,0,0,0,0,0,0,pland had dark and light green patches on leaves during herbivore infestation,NA,NA,NA,NA,NA,NA,NA,NA,NA,NA,NA,NA,NA,NA,NA,NA,NA,NA,NA,NA,NA,NA,20.382,,2,1,1,0.5,,,,,,,Cultivated
F228,228,IT1,Mb,12,8,1,2,8,3,4,4,184,4,2,1,1,0,0,0,1,1,1,0,0,0,0,0,0,0,0,0,0,,NA,NA,NA,NA,NA,NA,NA,NA,NA,NA,NA,NA,NA,NA,NA,NA,NA,NA,NA,NA,NA,NA,13.998,,2,2,0,1,1.294117647,1.128205128,0.909370289,0.81729561,,,Cultivated
F248,248,KI,Co,13,8,1,2,8,3,2,1,173,0,2,1,1,0,0,0,1,1,1,0,0,0,0,0,0,0,0,0,0,,NA,NA,NA,NA,NA,NA,NA,NA,NA,NA,NA,NA,NA,NA,NA,NA,NA,NA,NA,NA,NA,NA,7.425,,2,1,1,0.5,,,,,,,Wild
F268,268,KI,Mb,14,8,1,2,8,3,3,2,178,4,2,1,1,0,0,0,1,1,1,0,0,0,0,0,0,0,0,0,0,,NA,NA,NA,NA,NA,NA,NA,NA,NA,NA,NA,NA,NA,NA,NA,NA,NA,NA,NA,NA,NA,NA,13.201,,2,2,0,1,1.692307692,1.466666667,0.935817154,0.895013333,,,Wild
F288,288,KT,Co,15,8,1,2,8,3,5,4,188,0,2,1,1,0,0,0,1,1,1,0,0,0,0,0,0,0,0,0,0,,NA,NA,NA,NA,NA,NA,NA,NA,NA,NA,NA,NA,NA,NA,NA,NA,NA,NA,NA,NA,NA,NA,15.999,,2,2,0,1,,,,,,,Cultivated
F308,308,KT,Mb,16,8,1,2,8,3,3,1,177,5,2,1,1,0,0,0,1,1,1,0,0,0,0,0,0,0,0,0,0,,NA,NA,NA,NA,NA,NA,NA,NA,NA,NA,NA,NA,NA,NA,NA,NA,NA,NA,NA,NA,NA,NA,11.3295,,2,2,0,1,1.222222222,1.157894737,0.909370289,0.81729561,,,Cultivated
F408,408,MC,Co,21,8,1,2,8,3,5,1,185,0,2,1,1,0,0,0,1,1,1,0,0,0,0,0,0,0,0,0,0,,NA,NA,NA,NA,NA,NA,NA,NA,NA,NA,NA,NA,NA,NA,NA,NA,NA,NA,NA,NA,NA,NA,10.148,,2,1,1,0.5,,,,,,,Cultivated
F428,428,MC,Mb,22,8,1,2,8,3,1,2,170,4,2,1,1,0,0,0,1,1,1,0,0,0,0,0,0,0,0,0,0,,NA,NA,NA,NA,NA,NA,NA,NA,NA,NA,NA,NA,NA,NA,NA,NA,NA,NA,NA,NA,NA,NA,6.3065,,2,2,0,1,1.428571429,1.235294118,0.909370289,0.81729561,,,Cultivated
F328,328,OH,Co,17,8,1,2,8,3,2,4,176,0,2,1,1,0,0,1,1,1,1,0,0,0,0,0,0,0,0,0,0,,NA,NA,NA,NA,NA,NA,NA,NA,NA,NA,NA,NA,NA,NA,NA,NA,NA,NA,NA,NA,NA,NA,0.553,,2,1,1,0.5,,,,,,,Wild
F348,348,OH,Mb,18,8,1,2,8,3,6,3,191,8,2,1,1,0,0,0,1,1,1,0,0,0,0,0,0,0,0,0,0,,NA,NA,NA,NA,NA,NA,NA,NA,NA,NA,NA,NA,NA,NA,NA,NA,NA,NA,NA,NA,NA,NA,7.376,,2,1,1,0.5,0.916666667,0.88,0.57360203,0.544463983,,,Wild
F368,368,RI,Co,19,8,1,2,8,3,6,4,192,0,2,1,1,0,0,0,0,0,0,1,0,0,0,0,0,0,0,0,0,plant severely damaged,NA,NA,NA,NA,NA,NA,NA,NA,NA,NA,NA,NA,NA,NA,NA,NA,NA,NA,NA,NA,NA,NA,44.799,,2,2,0,1,,,,,0.2034,,Cultivated
F379,379,RI,Co,19,19,1,2,8,3,4,5,NA,0,2,1,0,0,0,0,1,1,1,0,0,1,1,1,0,1,1,1,1,,NA,NA,NA,NA,NA,NA,NA,NA,NA,NA,NA,NA,NA,NA,NA,NA,NA,NA,NA,NA,NA,NA,NA,NA,2,0,2,0,,,,,,,Cultivated
F380,380,RI,Co,19,20,1,2,8,3,5,5,NA,0,2,1,0,0,0,0,1,1,1,0,0,1,1,1,0,1,1,1,0,,NA,NA,NA,NA,NA,NA,NA,NA,NA,NA,NA,NA,NA,NA,NA,NA,NA,NA,NA,NA,NA,NA,24.598,,2,1,1,0.5,,,,,,,Cultivated
F388,388,RI,Mb,20,8,1,2,8,3,3,4,180,3,2,1,1,0,0,0,0,0,0,1,0,0,0,0,0,0,0,0,0,,NA,NA,NA,NA,NA,NA,NA,NA,NA,NA,NA,NA,NA,NA,NA,NA,NA,NA,NA,NA,NA,NA,16.012,,2,2,0,1,1.826086957,1.511111111,0.909370289,0.81729561,0.444,,Cultivated
F397,397,RI,Mb,20,17,1,2,8,3,3,5,NA,3,2,1,0,0,0,0,1,1,1,0,0,1,1,1,0,0,0,0,1,,NA,NA,NA,NA,NA,NA,NA,NA,NA,NA,NA,NA,NA,NA,NA,NA,NA,NA,NA,NA,NA,NA,21.729,,2,1,1,0.5,0.913043478,0.755555556,0.554677506,0.489918939,,,Cultivated
F487,487,RI,S,25,7,1,2,8,3,1,5,NA,NA,2,1,1,0,0,0,1,1,1,0,0,0,0,0,0,1,1,0,0,,NA,NA,NA,NA,NA,NA,NA,NA,NA,NA,NA,NA,NA,NA,NA,NA,NA,NA,NA,NA,NA,NA,17.99,,2,1,1,0.5,,,,,,,Cultivated
F488,488,RI,S,25,8,1,2,8,3,6,5,NA,NA,2,1,1,0,0,0,1,1,1,0,0,0,0,0,0,1,1,0,0,,NA,NA,NA,NA,NA,NA,NA,NA,NA,NA,NA,NA,NA,NA,NA,NA,NA,NA,NA,NA,NA,NA,13.413,,2,2,0,1,,,,,,,Cultivated
CTRL5,U5,Un,S,26,5,1,2,8,3,2,5,NA,NA,0,0,0,0,0,0,0,0,0,0,1,0,0,0,0,0,0,0,0,,NA,NA,NA,NA,NA,NA,NA,NA,NA,NA,NA,NA,NA,NA,NA,NA,NA,NA,NA,NA,NA,NA,NA,NA,NA,NA,,,,,,,,,
F448,448,VL,Co,23,8,1,2,8,3,2,2,174,0,2,1,1,0,0,0,1,1,1,0,0,0,0,0,0,0,0,0,0,plant severely damaged,NA,NA,NA,NA,NA,NA,NA,NA,NA,NA,NA,NA,NA,NA,NA,NA,NA,NA,NA,NA,NA,NA,58.1735,,2,2,0,1,,,,,,,Wild
F468,468,VL,Mb,24,8,1,2,8,3,1,3,171,3,2,1,1,0,0,0,1,1,1,0,0,0,0,0,0,0,0,0,0,,NA,NA,NA,NA,NA,NA,NA,NA,NA,NA,NA,NA,NA,NA,NA,NA,NA,NA,NA,NA,NA,NA,20.725,,2,2,0,1,1.1,1.047619048,0.935817154,,,,Wild
F009,9,CD,Co,1,9,1,2,9,4,2,2,198,0,2,1,1,0,0,0,1,1,1,0,0,0,0,0,0,0,0,0,0,"One caterpillar added because one caterpillar did not survive infestion the day before., Number of caterpillar found in tubes did not equal number of caterpillar written down.",NA,NA,NA,NA,NA,NA,NA,NA,NA,NA,NA,NA,NA,NA,NA,NA,NA,NA,NA,NA,NA,NA,19,,2,2,0,1,,,,,,,Cultivated
F029,29,CD,Mb,2,9,1,2,9,4,6,4,216,5,2,1,1,0,0,0,1,1,1,0,0,0,0,0,0,0,0,0,0,little bit of trips damage observed during caterpillar infestation,NA,NA,NA,NA,NA,NA,NA,NA,NA,NA,NA,NA,NA,NA,NA,NA,NA,NA,NA,NA,NA,NA,4.036,,2,1,1,0.5,0.846153846,0.647058824,0.554677506,0.489918939,,,Cultivated
F049,49,DD,Co,3,9,1,2,9,4,4,2,206,0,2,1,1,0,0,0,1,1,1,0,0,0,0,0,0,0,0,0,0,,NA,NA,NA,NA,NA,NA,NA,NA,NA,NA,NA,NA,NA,NA,NA,NA,NA,NA,NA,NA,NA,NA,0.9285,,2,2,0,1,,,,,,,Wild
F069,69,DD,Mb,4,9,1,2,9,4,5,4,212,8,2,1,1,0,0,0,1,1,1,0,0,0,0,0,0,0,0,0,0,,NA,NA,NA,NA,NA,NA,NA,NA,NA,NA,NA,NA,NA,NA,NA,NA,NA,NA,NA,NA,NA,NA,0.854,,2,1,1,0.5,0.733333333,0.846153846,0.57360203,0.544463983,,,Wild
F089,89,GO1,Co,5,9,1,2,9,4,2,3,199,0,2,1,1,0,0,0,1,1,1,0,0,0,0,0,0,0,0,0,0,,NA,NA,NA,NA,NA,NA,NA,NA,NA,NA,NA,NA,NA,NA,NA,NA,NA,NA,NA,NA,NA,NA,21.1985,,2,2,0,1,,,,,,,Cultivated
F109,109,GO1,Mb,6,9,1,2,9,4,2,4,200,4,2,1,1,0,0,0,1,1,1,0,0,0,0,0,0,0,0,0,0,,NA,NA,NA,NA,NA,NA,NA,NA,NA,NA,NA,NA,NA,NA,NA,NA,NA,NA,NA,NA,NA,NA,19.9475,,2,2,0,1,1.222222222,1.189189189,0.909370289,0.81729561,,,Cultivated
F129,129,HE,Co,7,9,1,2,9,4,3,4,204,0,2,1,1,0,0,0,1,1,1,0,0,0,0,0,0,0,0,0,0,,NA,NA,NA,NA,NA,NA,NA,NA,NA,NA,NA,NA,NA,NA,NA,NA,NA,NA,NA,NA,NA,NA,NA,NA,2,0,2,0,,,,,,,Wild
F149,149,HE,Mb,8,9,1,2,9,4,6,2,214,6,2,1,1,0,0,0,1,1,1,0,0,0,0,0,0,0,0,0,0,,NA,NA,NA,NA,NA,NA,NA,NA,NA,NA,NA,NA,NA,NA,NA,NA,NA,NA,NA,NA,NA,NA,1.75,,2,2,0,1,2,1.517241379,0.935817154,0.895013333,,,Wild
F169,169,HM,Co,9,9,1,2,9,4,4,1,205,0,2,1,1,0,0,0,1,1,1,0,0,0,0,0,0,0,0,0,0,,NA,NA,NA,NA,NA,NA,NA,NA,NA,NA,NA,NA,NA,NA,NA,NA,NA,NA,NA,NA,NA,NA,NA,NA,2,0,2,0,,,,,,,Cultivated
F189,189,HM,Mb,10,9,1,2,9,4,6,1,213,2,2,1,1,0,0,0,1,1,1,0,0,0,0,0,0,0,0,0,0,plant severely damaged,NA,NA,NA,NA,NA,NA,NA,NA,NA,NA,NA,NA,NA,NA,NA,NA,NA,NA,NA,NA,NA,NA,53.8625,,2,2,0,1,1.692307692,1.294117647,0.909370289,,,,Cultivated
F209,209,IT1,Co,11,9,1,2,9,4,5,1,209,0,2,1,1,0,0,0,1,1,1,0,0,0,0,0,0,0,0,0,0,,NA,NA,NA,NA,NA,NA,NA,NA,NA,NA,NA,NA,NA,NA,NA,NA,NA,NA,NA,NA,NA,NA,25.148,,2,2,0,1,,,,,,,Cultivated
F229,229,IT1,Mb,12,9,1,2,9,4,1,3,195,4,2,1,1,0,0,0,1,1,1,0,0,0,0,0,0,0,0,0,0,,NA,NA,NA,NA,NA,NA,NA,NA,NA,NA,NA,NA,NA,NA,NA,NA,NA,NA,NA,NA,NA,NA,14.668,,2,1,1,0.5,0.647058824,0.564102564,0.554677506,0.489918939,,,Cultivated
F249,249,KI,Co,13,9,1,2,9,4,5,2,210,0,2,1,1,0,0,0,1,1,1,0,0,0,0,0,0,0,0,0,0,,NA,NA,NA,NA,NA,NA,NA,NA,NA,NA,NA,NA,NA,NA,NA,NA,NA,NA,NA,NA,NA,NA,6.1365,,2,2,0,1,,,,,,,Wild
F269,269,KI,Mb,14,9,1,2,9,4,3,1,201,4,2,1,1,0,0,0,1,1,1,0,0,0,0,0,0,0,0,0,0,,NA,NA,NA,NA,NA,NA,NA,NA,NA,NA,NA,NA,NA,NA,NA,NA,NA,NA,NA,NA,NA,NA,11.741,,2,2,0,1,1.692307692,1.466666667,0.935817154,0.895013333,,,Wild
F289,289,KT,Co,15,9,1,2,9,4,1,2,194,0,2,1,1,0,0,0,1,1,1,0,0,0,0,0,0,0,0,0,0,,NA,NA,NA,NA,NA,NA,NA,NA,NA,NA,NA,NA,NA,NA,NA,NA,NA,NA,NA,NA,NA,NA,10.993,,2,1,1,0.5,,,,,,,Cultivated
F309,309,KT,Mb,16,9,1,2,9,4,4,4,208,5,2,1,1,0,0,0,1,1,1,0,0,0,0,0,0,0,0,0,0,,NA,NA,NA,NA,NA,NA,NA,NA,NA,NA,NA,NA,NA,NA,NA,NA,NA,NA,NA,NA,NA,NA,15.067,,2,1,1,0.5,0.611111111,0.578947368,0.554677506,0.489918939,,,Cultivated
F409,409,MC,Co,21,9,1,2,9,4,3,2,202,0,2,0,0,0,0,0,0,0,0,0,0,0,0,0,0,0,0,0,0,Plant had (nearly) no damage,NA,NA,NA,NA,NA,NA,NA,NA,NA,NA,NA,NA,NA,NA,NA,NA,NA,NA,NA,NA,NA,NA,NA,NA,2,0,2,0,,,,,,,Cultivated
F429,429,MC,Mb,22,9,1,2,9,4,4,3,207,4,2,1,1,0,0,0,1,1,1,0,0,0,0,0,0,0,0,0,0,,NA,NA,NA,NA,NA,NA,NA,NA,NA,NA,NA,NA,NA,NA,NA,NA,NA,NA,NA,NA,NA,NA,9.0945,,2,2,0,1,1.428571429,1.235294118,0.909370289,0.81729561,,,Cultivated
F329,329,OH,Co,17,9,1,2,9,4,2,1,197,0,2,1,1,0,0,1,1,1,1,0,0,0,0,0,0,0,0,0,0,,NA,NA,NA,NA,NA,NA,NA,NA,NA,NA,NA,NA,NA,NA,NA,NA,NA,NA,NA,NA,NA,NA,0.5435,,2,2,0,1,,,,,,,Wild
F349,349,OH,Mb,18,9,1,2,9,4,3,3,203,8,2,1,1,0,0,0,1,1,1,0,0,0,0,0,0,0,0,0,0,,NA,NA,NA,NA,NA,NA,NA,NA,NA,NA,NA,NA,NA,NA,NA,NA,NA,NA,NA,NA,NA,NA,1.849,,2,1,1,0.5,0.916666667,0.88,0.57360203,0.544463983,,,Wild
F369,369,RI,Co,19,9,1,2,9,4,1,1,193,0,2,1,1,0,0,0,0,0,0,1,0,0,0,0,0,0,0,0,0,,NA,NA,NA,NA,NA,NA,NA,NA,NA,NA,NA,NA,NA,NA,NA,NA,NA,NA,NA,NA,NA,NA,19.244,,2,1,1,0.5,,,,,0.4428,,Cultivated
F389,389,RI,Mb,20,9,1,2,9,4,5,3,211,3,2,1,1,0,0,0,0,0,0,1,0,0,0,0,0,0,0,0,0,,NA,NA,NA,NA,NA,NA,NA,NA,NA,NA,NA,NA,NA,NA,NA,NA,NA,NA,NA,NA,NA,NA,26.5705,,2,2,0,1,1.826086957,1.511111111,0.909370289,0.81729561,0.3082,,Cultivated
F449,449,VL,Co,23,9,1,2,9,4,1,4,196,0,2,1,1,0,0,0,1,1,1,0,0,0,0,0,0,0,0,0,0,,NA,NA,NA,NA,NA,NA,NA,NA,NA,NA,NA,NA,NA,NA,NA,NA,NA,NA,NA,NA,NA,NA,44.128,,2,2,0,1,,,,,,,Wild
F469,469,VL,Mb,24,9,1,2,9,4,6,3,215,3,2,1,1,0,0,0,1,1,1,0,0,0,0,0,0,0,0,0,0,,NA,NA,NA,NA,NA,NA,NA,NA,NA,NA,NA,NA,NA,NA,NA,NA,NA,NA,NA,NA,NA,NA,99.835,,2,1,1,0.5,0.55,0.523809524,0.57360203,,,,Wild
F010,10,CD,Co,1,10,1,2,10,4,1,1,217,0,2,1,1,0,0,0,1,1,1,0,0,0,0,0,0,0,0,0,0,,NA,NA,NA,NA,NA,NA,NA,NA,NA,NA,NA,NA,NA,NA,NA,NA,NA,NA,NA,NA,NA,NA,37.153,,2,1,1,0.5,,,,,,,Cultivated
FE1,E1,CD,Co,1,E1,1,2,10,4,4,7,NA,0,2,1,1,0,0,0,0,0,0,1,0,0,0,0,0,0,0,0,0,,NA,NA,NA,NA,NA,NA,NA,NA,NA,NA,NA,NA,NA,NA,NA,NA,NA,NA,NA,NA,NA,NA,44.938,,2,1,1,0.5,,,,,0.9739,,Cultivated
F030,30,CD,Mb,2,10,1,2,10,4,2,4,224,5,2,1,1,0,0,0,1,1,1,0,0,0,0,0,0,0,0,0,0,plant severely damaged,NA,NA,NA,NA,NA,NA,NA,NA,NA,NA,NA,NA,NA,NA,NA,NA,NA,NA,NA,NA,NA,NA,26.8115,,2,2,0,1,1.692307692,1.294117647,0.909370289,0.81729561,,,Cultivated
F050,50,DD,Co,3,10,1,2,10,4,6,2,238,0,2,1,1,0,0,0,1,1,1,0,0,0,0,0,0,0,0,0,0,,NA,NA,NA,NA,NA,NA,NA,NA,NA,NA,NA,NA,NA,NA,NA,NA,NA,NA,NA,NA,NA,NA,0.8835,,2,2,0,1,,,,,,,Wild
F070,70,DD,Mb,4,10,1,2,10,4,5,1,233,8,2,1,1,0,0,0,1,1,1,0,0,0,0,0,0,0,0,0,0,,NA,NA,NA,NA,NA,NA,NA,NA,NA,NA,NA,NA,NA,NA,NA,NA,NA,NA,NA,NA,NA,NA,1.121,,2,1,1,0.5,0.733333333,0.846153846,0.57360203,0.544463983,,,Wild
F090,90,GO1,Co,5,10,1,2,10,4,5,4,236,0,2,1,1,0,0,0,1,1,1,0,0,0,0,0,0,0,0,0,0,,NA,NA,NA,NA,NA,NA,NA,NA,NA,NA,NA,NA,NA,NA,NA,NA,NA,NA,NA,NA,NA,NA,15.7995,,2,2,0,1,,,,,,,Cultivated
F110,110,GO1,Mb,6,10,1,2,10,4,3,2,226,4,2,1,1,0,0,0,1,1,1,0,0,0,0,0,0,0,0,0,0,,NA,NA,NA,NA,NA,NA,NA,NA,NA,NA,NA,NA,NA,NA,NA,NA,NA,NA,NA,NA,NA,NA,18.809,,2,1,1,0.5,0.611111111,0.594594595,0.554677506,0.489918939,,,Cultivated
F130,130,HE,Co,7,10,1,2,10,4,4,4,232,0,2,1,1,0,0,0,1,1,1,0,0,0,0,0,0,0,0,0,0,,NA,NA,NA,NA,NA,NA,NA,NA,NA,NA,NA,NA,NA,NA,NA,NA,NA,NA,NA,NA,NA,NA,5.701,,2,2,0,1,,,,,,,Wild
F150,150,HE,Mb,8,10,1,2,10,4,6,4,240,6,2,1,1,0,0,0,1,1,1,0,0,0,0,0,0,0,0,0,0,,NA,NA,NA,NA,NA,NA,NA,NA,NA,NA,NA,NA,NA,NA,NA,NA,NA,NA,NA,NA,NA,NA,NA,NA,2,0,2,0,0,0,0,0,,,Wild
FE43,E43,HE,Mb,8,E43,1,2,10,4,1,7,NA,6,2,1,1,0,0,0,0,0,0,1,0,0,0,0,0,0,0,0,0,,NA,NA,NA,NA,NA,NA,NA,NA,NA,NA,NA,NA,NA,NA,NA,NA,NA,NA,NA,NA,NA,NA,9.589,,2,2,0,1,2,1.517241379,0.935817154,0.895013333,0.4831,,Wild
F170,170,HM,Co,9,10,1,2,10,4,6,1,237,0,2,1,1,0,0,0,1,1,1,0,0,0,0,0,0,0,0,0,0,plant severely damaged,NA,NA,NA,NA,NA,NA,NA,NA,NA,NA,NA,NA,NA,NA,NA,NA,NA,NA,NA,NA,NA,NA,55.77,,2,2,0,1,,,,,,,Cultivated
F190,190,HM,Mb,10,10,1,2,10,4,1,4,220,2,2,1,1,0,0,0,1,1,1,0,0,0,0,0,0,0,0,0,0,little bit of trips damage observed during caterpillar infestation,NA,NA,NA,NA,NA,NA,NA,NA,NA,NA,NA,NA,NA,NA,NA,NA,NA,NA,NA,NA,NA,NA,NA,NA,2,0,2,0,0,0,0,,,,Cultivated
F210,210,IT1,Co,11,10,1,2,10,4,4,3,231,0,2,1,1,0,0,0,1,1,1,0,0,0,0,0,0,0,0,0,0,,NA,NA,NA,NA,NA,NA,NA,NA,NA,NA,NA,NA,NA,NA,NA,NA,NA,NA,NA,NA,NA,NA,22.022,,2,1,1,0.5,,,,,,,Cultivated
FE61,E61,IT1,Co,11,E61,1,2,10,4,6,3,NA,0,2,1,1,0,0,0,0,0,0,1,0,0,0,0,0,0,0,0,0,,NA,NA,NA,NA,NA,NA,NA,NA,NA,NA,NA,NA,NA,NA,NA,NA,NA,NA,NA,NA,NA,NA,15.909,,2,1,1,0.5,,,,,0.5208,,Cultivated
F230,230,IT1,Mb,12,10,1,2,10,4,1,2,218,4,2,1,1,0,0,0,1,1,1,0,0,0,0,0,0,0,0,0,0,,NA,NA,NA,NA,NA,NA,NA,NA,NA,NA,NA,NA,NA,NA,NA,NA,NA,NA,NA,NA,NA,NA,14.7335,,2,2,0,1,1.294117647,1.128205128,0.909370289,0.81729561,,,Cultivated
FE67,E67,IT1,Mb,12,E67,1,2,10,4,7,5,NA,4,2,1,1,0,0,0,0,0,0,1,0,0,0,0,0,0,0,0,0,,NA,NA,NA,NA,NA,NA,NA,NA,NA,NA,NA,NA,NA,NA,NA,NA,NA,NA,NA,NA,NA,NA,20.733,,2,1,1,0.5,0.647058824,0.564102564,0.554677506,0.489918939,0.524,,Cultivated
F250,250,KI,Co,13,10,1,2,10,4,2,3,223,0,2,1,1,0,0,0,1,1,1,0,0,0,0,0,0,0,0,0,0,,NA,NA,NA,NA,NA,NA,NA,NA,NA,NA,NA,NA,NA,NA,NA,NA,NA,NA,NA,NA,NA,NA,10.91,,2,1,1,0.5,,,,,,,Wild
F270,270,KI,Mb,14,10,1,2,10,4,3,3,227,4,2,1,1,0,0,0,1,1,1,0,0,0,0,0,0,0,0,0,0,,NA,NA,NA,NA,NA,NA,NA,NA,NA,NA,NA,NA,NA,NA,NA,NA,NA,NA,NA,NA,NA,NA,19.621,,2,1,1,0.5,0.846153846,0.733333333,0.57360203,0.544463983,,,Wild
F290,290,KT,Co,15,10,1,2,10,4,6,3,239,0,2,1,1,0,0,0,1,1,1,0,0,0,0,0,0,0,0,0,0,,NA,NA,NA,NA,NA,NA,NA,NA,NA,NA,NA,NA,NA,NA,NA,NA,NA,NA,NA,NA,NA,NA,7.274,,2,1,1,0.5,,,,,,,Cultivated
FE73,E73,KT,Co,15,E73,1,2,10,4,2,7,NA,0,2,1,1,0,0,0,0,0,0,1,0,0,0,0,0,0,0,0,0,,NA,NA,NA,NA,NA,NA,NA,NA,NA,NA,NA,NA,NA,NA,NA,NA,NA,NA,NA,NA,NA,NA,5.848,,2,1,1,0.5,,,,,0.1738,,Cultivated
F310,310,KT,Mb,16,10,1,2,10,4,5,3,235,5,2,1,1,0,0,0,1,1,1,0,0,0,0,0,0,0,0,0,0,,NA,NA,NA,NA,NA,NA,NA,NA,NA,NA,NA,NA,NA,NA,NA,NA,NA,NA,NA,NA,NA,NA,6.273,,2,2,0,1,1.222222222,1.157894737,0.909370289,0.81729561,,,Cultivated
FE79,E79,KT,Mb,16,E79,1,2,10,4,5,7,NA,5,2,1,1,0,0,0,0,0,0,1,0,0,0,0,0,0,0,0,0,,NA,NA,NA,NA,NA,NA,NA,NA,NA,NA,NA,NA,NA,NA,NA,NA,NA,NA,NA,NA,NA,NA,17.2915,,2,2,0,1,1.222222222,1.157894737,0.909370289,0.81729561,0.2483,,Cultivated
F410,410,MC,Co,21,10,1,2,10,4,2,2,222,0,2,1,1,0,0,0,1,1,1,0,0,0,0,0,0,0,0,0,0,,NA,NA,NA,NA,NA,NA,NA,NA,NA,NA,NA,NA,NA,NA,NA,NA,NA,NA,NA,NA,NA,NA,12.314,,2,1,1,0.5,,,,,,,Cultivated
F430,430,MC,Mb,22,10,1,2,10,4,2,1,221,4,2,1,1,0,0,0,1,1,1,0,0,0,0,0,0,0,0,0,0,,NA,NA,NA,NA,NA,NA,NA,NA,NA,NA,NA,NA,NA,NA,NA,NA,NA,NA,NA,NA,NA,NA,18.357,,2,2,0,1,1.428571429,1.235294118,0.909370289,0.81729561,,,Cultivated
F330,330,OH,Co,17,10,1,2,10,4,3,4,228,0,2,0,0,0,0,0,0,0,0,0,0,0,0,0,0,0,0,0,0,Plant had (nearly) no damage,NA,NA,NA,NA,NA,NA,NA,NA,NA,NA,NA,NA,NA,NA,NA,NA,NA,NA,NA,NA,NA,NA,NA,NA,2,0,2,0,,,,,,,Wild
FE109,E109,OH,Co,17,E109,1,2,10,4,3,7,NA,0,2,1,1,0,0,0,0,0,0,1,0,0,0,0,0,0,0,0,0,,NA,NA,NA,NA,NA,NA,NA,NA,NA,NA,NA,NA,NA,NA,NA,NA,NA,NA,NA,NA,NA,NA,2.447,,2,1,1,0.5,,,,,0.7698,,Wild
F350,350,OH,Mb,18,10,1,2,10,4,1,3,219,8,2,0,0,0,0,0,0,0,0,0,0,0,0,0,0,0,0,0,0,,NA,NA,NA,NA,NA,NA,NA,NA,NA,NA,NA,NA,NA,NA,NA,NA,NA,NA,NA,NA,NA,NA,NA,NA,2,0,2,0,0,0,0,0,,,Wild
F370,370,RI,Co,19,10,1,2,10,4,5,2,234,0,2,1,1,0,0,0,0,0,0,1,0,0,0,0,0,0,0,0,0,,NA,NA,NA,NA,NA,NA,NA,NA,NA,NA,NA,NA,NA,NA,NA,NA,NA,NA,NA,NA,NA,NA,63.817,,2,1,1,0.5,,,,,0.4405,,Cultivated
F390,390,RI,Mb,20,10,1,2,10,4,4,2,230,3,2,1,1,0,0,0,0,0,0,1,0,0,0,0,0,0,0,0,0,,NA,NA,NA,NA,NA,NA,NA,NA,NA,NA,NA,NA,NA,NA,NA,NA,NA,NA,NA,NA,NA,NA,37.0225,,2,2,0,1,1.826086957,1.511111111,0.909370289,0.81729561,0.294,,Cultivated
F398,398,RI,Mb,20,18,1,2,10,4,2,5,NA,3,2,1,0,0,0,0,1,1,1,0,0,1,1,1,0,1,1,1,1,,NA,NA,NA,NA,NA,NA,NA,NA,NA,NA,NA,NA,NA,NA,NA,NA,NA,NA,NA,NA,NA,NA,NA,NA,2,0,2,0,0,0,0,0,,,Cultivated
F399,399,RI,Mb,20,19,1,2,10,4,3,5,NA,3,2,1,0,0,0,0,1,1,1,0,0,1,1,1,0,1,1,1,1,soil very dry during rhizosphere collection,NA,NA,NA,NA,NA,NA,NA,NA,NA,NA,NA,NA,NA,NA,NA,NA,NA,NA,NA,NA,NA,NA,NA,NA,2,0,2,0,0,0,0,0,,,Cultivated
F400,400,RI,Mb,20,20,1,2,10,4,6,5,NA,3,2,1,0,0,0,0,1,1,1,0,0,1,1,1,0,1,1,1,1,,NA,NA,NA,NA,NA,NA,NA,NA,NA,NA,NA,NA,NA,NA,NA,NA,NA,NA,NA,NA,NA,NA,59.702,,2,1,1,0.5,0.913043478,0.755555556,0.554677506,0.489918939,,,Cultivated
FE103,E103,RI,Mb,20,E103,1,2,10,4,5,6,NA,3,2,1,1,0,0,0,1,1,1,0,0,1,1,1,0,0,0,0,0,One caterpillar added because one caterpillar did not survive infestion the day before.,NA,NA,NA,NA,NA,NA,NA,NA,NA,NA,NA,NA,NA,NA,NA,NA,NA,NA,NA,NA,NA,NA,30.335,,2,2,0,1,1.826086957,1.511111111,0.909370289,0.81729561,0.2359,,Cultivated
F489,489,RI,S,25,9,1,2,10,4,1,5,NA,NA,2,1,1,0,0,0,1,1,1,0,0,0,0,0,0,1,1,0,0,,NA,NA,NA,NA,NA,NA,NA,NA,NA,NA,NA,NA,NA,NA,NA,NA,NA,NA,NA,NA,NA,NA,7.408,,2,1,1,0.5,,,,,,,Cultivated
F490,490,RI,S,25,10,1,2,10,4,5,5,NA,NA,2,1,1,0,0,0,1,1,1,0,0,0,0,0,0,0,1,0,0,,NA,NA,NA,NA,NA,NA,NA,NA,NA,NA,NA,NA,NA,NA,NA,NA,NA,NA,NA,NA,NA,NA,15.817,,2,2,0,1,,,,,,,Cultivated
FE145,E145,RI,S,25,E145,1,2,10,4,6,6,NA,NA,2,1,1,0,0,0,0,0,0,1,0,0,0,0,0,0,0,0,0,,NA,NA,NA,NA,NA,NA,NA,NA,NA,NA,NA,NA,NA,NA,NA,NA,NA,NA,NA,NA,NA,NA,NA,NA,2,0,2,0,,,,,,,Cultivated
F450,450,VL,Co,23,10,1,2,10,4,3,1,225,0,2,1,1,0,0,0,1,1,1,0,0,0,0,0,0,0,0,0,0,plant severely damaged,NA,NA,NA,NA,NA,NA,NA,NA,NA,NA,NA,NA,NA,NA,NA,NA,NA,NA,NA,NA,NA,NA,26.9185,,2,2,0,1,,,,,,,Wild
FE85,E85,VL,Co,23,E85,1,2,10,4,1,7,NA,0,2,1,1,0,0,0,0,0,0,1,0,0,0,0,0,0,0,0,0,,NA,NA,NA,NA,NA,NA,NA,NA,NA,NA,NA,NA,NA,NA,NA,NA,NA,NA,NA,NA,NA,NA,58.946,,2,1,1,0.5,,,,,,,Wild
F470,470,VL,Mb,24,10,1,2,10,4,4,1,229,3,2,1,1,0,0,0,1,1,1,0,0,0,0,0,0,0,0,0,0,,NA,NA,NA,NA,NA,NA,NA,NA,NA,NA,NA,NA,NA,NA,NA,NA,NA,NA,NA,NA,NA,NA,59.775,,2,1,1,0.5,0.55,0.523809524,0.57360203,,,,Wild
FE91,E91,VL,Mb,24,E91,1,2,10,4,6,7,NA,3,2,1,0,0,0,0,0,0,0,0,0,0,0,0,0,0,0,0,0,Not fully sure about col and row indication,NA,NA,NA,NA,NA,NA,NA,NA,NA,NA,NA,NA,NA,NA,NA,NA,NA,NA,NA,NA,NA,NA,42.257,,2,1,1,0.5,0.55,0.523809524,0.57360203,,,,Wild
F011,11,CD,Co,1,11,2,3,11,5,2,1,245,0,2,1,1,0,1,0,0,0,0,1,0,0,0,0,1,0,0,0,0,number of caterpillar found in tubes did not equal number of caterpillar written down.,NA,NA,NA,NA,NA,NA,NA,NA,NA,NA,NA,NA,NA,NA,NA,NA,NA,NA,1.65,39.38,23.94,N and C are percentages,5.5335,,2,2,0,1,,,,,,,Cultivated
F031,31,CD,Mb,2,11,2,3,11,5,3,1,249,5,2,1,1,0,1,0,0,0,0,1,0,0,0,0,1,0,0,0,0,number of caterpillar found in tubes did not equal number of caterpillar written down.,NA,NA,NA,NA,NA,NA,NA,NA,NA,NA,NA,NA,NA,NA,NA,NA,NA,NA,1.18,39.44,33.44,,3.933,,2,1,1,0.5,0.523809524,0.647058824,0.434912309,0.489918939,,,Cultivated
F051,51,DD,Co,3,11,2,3,11,5,1,1,241,0,2,1,1,0,0,1,0,0,0,1,0,0,0,0,0,0,0,0,0,,NA,NA,NA,NA,NA,NA,NA,NA,NA,NA,NA,NA,NA,NA,NA,NA,NA,NA,NA,NA,NA,NA,6.4705,,2,2,0,1,,,,,0.679,,Wild
F071,71,DD,Mb,4,11,2,3,11,5,3,4,252,8,2,1,1,0,0,1,0,0,0,1,0,0,0,0,0,0,0,0,0,,NA,NA,NA,NA,NA,NA,NA,NA,NA,NA,NA,NA,NA,NA,NA,NA,NA,NA,NA,NA,NA,NA,0.667,,2,1,1,0.5,1,0.846153846,0.518205731,0.544463983,0.8558,,Wild
F091,91,GO1,Co,5,11,2,3,11,5,4,3,255,0,2,1,1,0,0,0,0,0,0,1,0,0,0,0,1,0,0,0,0,small plant,NA,NA,NA,NA,NA,NA,NA,NA,NA,NA,NA,NA,NA,NA,NA,NA,NA,NA,NA,NA,NA,NA,24.3455,,2,2,0,1,,,,,,,Cultivated
F111,111,GO1,Mb,6,11,2,3,11,5,5,1,257,4,1,1,1,0,1,0,0,0,0,1,0,0,0,0,1,0,0,0,0,plant was small and only infested with 1 caterpillar,NA,NA,NA,NA,NA,NA,NA,NA,NA,NA,NA,NA,NA,NA,NA,NA,NA,NA,2.92,38.48,13.18,,NA,NA,1,0,1,0,0,0,0,0,,,Cultivated
F131,131,HE,Co,7,11,2,3,11,5,2,3,247,0,2,1,1,0,0,1,0,0,0,1,0,0,0,0,1,0,0,0,0,,NA,NA,NA,NA,NA,NA,NA,NA,NA,NA,NA,NA,NA,NA,NA,NA,NA,NA,NA,NA,NA,NA,4.6795,,2,2,0,1,,,,,,,Wild
F151,151,HE,Mb,8,11,2,3,11,5,5,2,258,6,2,1,1,0,0,0,0,0,0,1,0,0,0,0,1,0,0,0,0,,NA,NA,NA,NA,NA,NA,NA,NA,NA,NA,NA,NA,NA,NA,NA,NA,NA,NA,NA,NA,NA,NA,15.596,,2,2,0,1,1.222222222,1.517241379,0.857824273,0.895013333,0.5176,,Wild
F171,171,HM,Co,9,11,2,3,11,5,2,2,246,0,2,1,1,1,0,0,0,0,0,1,0,0,0,0,1,0,0,0,0,,6.2,0.14,0.06,0.08,0,0,0.06,0,0,0.08,0,0,0,NA,NA,NA,NA,,NA,NA,NA,NA,13.8735,,2,2,0,1,,,,,,,Cultivated
F191,191,HM,Mb,10,11,2,3,11,5,5,3,259,2,2,1,1,1,0,0,0,0,0,1,0,0,0,0,1,0,0,0,0,,7.7,0.2,0.09,0.11,0,0,0.09,0,0,0.03,0.08,0,0,NA,NA,NA,NA,,NA,NA,NA,NA,7.292333333,,3,3,0,1,1.047619048,1.294117647,0.736999063,0.81729561,0.6654,,Cultivated
F211,211,IT1,Co,11,11,2,3,11,5,4,4,256,0,2,1,1,0,0,1,0,0,0,1,0,0,0,0,1,0,0,0,0,,NA,NA,NA,NA,NA,NA,NA,NA,NA,NA,NA,NA,NA,NA,NA,NA,NA,NA,NA,NA,NA,NA,23.307,,2,2,0,1,,,,,,,Cultivated
F231,231,IT1,Mb,12,11,2,3,11,5,2,4,248,4,2,1,1,0,0,1,0,0,0,1,0,0,0,0,1,0,0,0,0,,NA,NA,NA,NA,NA,NA,NA,NA,NA,NA,NA,NA,NA,NA,NA,NA,NA,NA,NA,NA,NA,NA,10.1855,,2,2,0,1,1,1.128205128,0.736999063,0.81729561,,,Cultivated
F251,251,KI,Co,13,11,2,3,11,5,1,2,242,0,2,1,1,0,0,1,0,0,0,1,0,0,0,0,1,0,0,0,0,,NA,NA,NA,NA,NA,NA,NA,NA,NA,NA,NA,NA,NA,NA,NA,NA,NA,NA,NA,NA,NA,NA,3.7505,,2,2,0,1,,,,,,,Wild
F271,271,KI,Mb,14,11,2,3,11,5,1,3,243,4,2,1,1,0,0,1,0,0,0,1,0,0,0,0,1,0,0,0,0,,NA,NA,NA,NA,NA,NA,NA,NA,NA,NA,NA,NA,NA,NA,NA,NA,NA,NA,NA,NA,NA,NA,6.9845,,2,2,0,1,1.294117647,1.466666667,0.857824273,0.895013333,,,Wild
F291,291,KT,Co,15,11,2,3,11,5,4,1,253,0,2,1,1,0,0,1,0,0,0,1,0,0,0,0,1,0,0,0,0,,NA,NA,NA,NA,NA,NA,NA,NA,NA,NA,NA,NA,NA,NA,NA,NA,NA,NA,NA,NA,NA,NA,11.6605,,2,2,0,1,,,,,,,Cultivated
F311,311,KT,Mb,16,11,2,3,11,5,6,3,263,5,2,1,1,0,0,1,0,0,0,1,0,0,0,0,1,0,0,0,0,small plant,NA,NA,NA,NA,NA,NA,NA,NA,NA,NA,NA,NA,NA,NA,NA,NA,NA,NA,NA,NA,NA,NA,8.72,,2,1,1,0.5,0.55,0.578947368,0.434912309,0.489918939,,,Cultivated
F411,411,MC,Co,21,11,2,3,11,5,6,4,264,0,2,1,1,0,0,1,0,0,0,1,0,0,0,0,1,0,0,0,0,,NA,NA,NA,NA,NA,NA,NA,NA,NA,NA,NA,NA,NA,NA,NA,NA,NA,NA,NA,NA,NA,NA,22.0425,,2,2,0,1,,,,,,,Cultivated
F431,431,MC,Mb,22,11,2,3,11,5,6,2,262,4,2,1,1,0,0,1,0,0,0,1,0,0,0,0,1,0,0,0,0,,NA,NA,NA,NA,NA,NA,NA,NA,NA,NA,NA,NA,NA,NA,NA,NA,NA,NA,NA,NA,NA,NA,10.116,,2,2,0,1,1.1,1.235294118,0.736999063,0.81729561,,,Cultivated
F331,331,OH,Co,17,11,2,3,11,5,1,4,244,0,2,1,1,0,0,1,0,0,0,1,0,0,0,0,0,0,0,0,0,,NA,NA,NA,NA,NA,NA,NA,NA,NA,NA,NA,NA,NA,NA,NA,NA,NA,NA,NA,NA,NA,NA,2.069,,2,1,1,0.5,,,,,0.8477,,Wild
F351,351,OH,Mb,18,11,2,3,11,5,6,1,261,8,2,1,1,0,0,1,0,0,0,1,0,0,0,0,0,0,0,0,0,,NA,NA,NA,NA,NA,NA,NA,NA,NA,NA,NA,NA,NA,NA,NA,NA,NA,NA,NA,NA,NA,NA,NA,NA,2,0,2,0,0,0,0,0,0.5609,,Wild
F501,501,RI,Co,19,21,2,3,11,5,5,4,260,0,2,1,1,1,0,0,0,0,0,1,0,0,0,0,0,0,0,0,0,,15.9,0.04,0.02,0.03,0,0,0.02,0,0,0.01,0.02,0,0,NA,NA,NA,NA,,NA,NA,NA,NA,12.0165,,2,2,0,1,,,,,0.745,,Cultivated
F531,531,RI,Co,19,31,2,3,11,5,1,5,NA,3,2,1,0,0,0,0,0,0,0,0,0,1,1,1,1,0,0,0,0,,NA,NA,NA,NA,NA,NA,NA,NA,NA,NA,NA,NA,NA,NA,NA,NA,NA,NA,NA,NA,NA,NA,4.31,,2,1,1,0.5,,,,,,,Cultivated
F532,532,RI,Co,19,32,2,3,11,5,5,5,NA,3,0,1,0,0,0,0,1,1,1,0,0,1,0,1,0,1,1,1,0,,NA,NA,NA,NA,NA,NA,NA,NA,NA,NA,NA,NA,NA,NA,NA,NA,NA,NA,NA,NA,NA,NA,NA,NA,NA,,,,,,,,,,Cultivated
F511,511,RI,Mb,20,21,2,3,11,5,3,3,251,3,2,1,1,1,0,0,0,0,0,1,0,0,0,0,0,0,0,0,0,,18.5,0.24,0.11,0.14,0,0.02,0.08,0,0.01,0.1,0.04,0,0,NA,NA,NA,NA,,NA,NA,NA,NA,4.359,,2,2,0,1,1.181818182,1.511111111,0.736999063,0.81729561,0.4504,,Cultivated
F521,521,RI,Mb,20,31,2,3,11,5,3,5,NA,3,2,1,0,0,0,0,1,1,1,0,0,1,1,1,1,0,0,0,1,,NA,NA,NA,NA,NA,NA,NA,NA,NA,NA,NA,NA,NA,NA,NA,NA,NA,NA,NA,NA,NA,NA,6.391,,2,1,1,0.5,0.590909091,0.755555556,0.434912309,0.489918939,,,Cultivated
F522,522,RI,Mb,20,32,2,3,11,5,4,5,NA,3,0,1,0,0,0,0,1,1,1,0,0,1,0,1,0,1,1,1,0,,NA,NA,NA,NA,NA,NA,NA,NA,NA,NA,NA,NA,NA,NA,NA,NA,NA,NA,NA,NA,NA,NA,NA,NA,NA,,,,,,,,,,Cultivated
F491,491,RI,S,25,11,2,3,11,5,2,5,NA,NA,2,1,1,0,0,1,0,0,0,1,0,0,0,0,1,0,0,0,0,,NA,NA,NA,NA,NA,NA,NA,NA,NA,NA,NA,NA,NA,NA,NA,NA,NA,NA,NA,NA,NA,NA,14.3775,,2,2,0,1,,,,,,,Cultivated
CTRL6,U6,Un,S,26,6,2,3,11,5,6,5,NA,NA,0,0,0,0,0,0,0,0,0,0,1,0,0,0,0,0,0,0,0,,NA,NA,NA,NA,NA,NA,NA,NA,NA,NA,NA,NA,NA,NA,NA,NA,NA,NA,NA,NA,NA,NA,NA,NA,NA,NA,,,,,,,,,
F451,451,VL,Co,23,11,2,3,11,5,3,2,250,0,2,1,1,0,1,0,0,0,0,1,0,0,0,0,0,0,0,0,0,soil very dry during rhizosphere collection,NA,NA,NA,NA,NA,NA,NA,NA,NA,NA,NA,NA,NA,NA,NA,NA,NA,NA,2.18,40.91,18.78,,9.822,,2,2,0,1,,,,,,,Wild
F471,471,VL,Mb,24,11,2,3,11,5,4,2,254,3,2,1,1,0,1,0,0,0,0,1,0,0,0,0,0,0,0,0,0,,NA,NA,NA,NA,NA,NA,NA,NA,NA,NA,NA,NA,NA,NA,NA,NA,NA,NA,1.82,40.62,22.33,,12.918,,2,1,1,0.5,0.5,0.523809524,0.518205731,0.544463983,,,Wild
F012,12,CD,Co,1,12,2,3,12,5,3,1,273,0,2,1,1,0,1,0,0,0,0,1,0,0,0,0,0,0,0,0,0,,NA,NA,NA,NA,NA,NA,NA,NA,NA,NA,NA,NA,NA,NA,NA,NA,NA,NA,1.35,39.65,29.42,,7.4175,,2,2,0,1,,,,,0.5937,,Cultivated
F032,32,CD,Mb,2,12,2,3,12,5,6,3,287,5,2,1,1,0,1,0,0,0,0,1,0,0,0,0,0,0,0,0,0,,NA,NA,NA,NA,NA,NA,NA,NA,NA,NA,NA,NA,NA,NA,NA,NA,NA,NA,1.55,39.14,25.25,,4.172,,2,2,0,1,1.047619048,1.294117647,0.736999063,0.81729561,0.4914,,Cultivated
F052,52,DD,Co,3,12,2,3,12,5,6,1,285,0,2,1,1,0,0,1,0,0,0,1,0,0,0,0,0,0,0,0,0,,NA,NA,NA,NA,NA,NA,NA,NA,NA,NA,NA,NA,NA,NA,NA,NA,NA,NA,NA,NA,NA,NA,0.994,,2,2,0,1,,,,,0.7948,,Wild
F072,72,DD,Mb,4,12,2,3,12,5,2,1,269,8,2,1,1,0,0,1,0,0,0,1,0,0,0,0,0,0,0,0,0,,NA,NA,NA,NA,NA,NA,NA,NA,NA,NA,NA,NA,NA,NA,NA,NA,NA,NA,NA,NA,NA,NA,3.515,,2,2,0,1,2,1.692307692,0.857824273,0.895013333,0.8283,,Wild
F092,92,GO1,Co,5,12,2,3,12,5,6,2,286,0,2,1,1,0,1,0,0,0,0,1,0,0,0,0,0,0,0,0,0,,NA,NA,NA,NA,NA,NA,NA,NA,NA,NA,NA,NA,NA,NA,NA,NA,NA,NA,2.08,39.35,18.87,,19.4205,,2,2,0,1,,,,,0.3754,,Cultivated
F112,112,GO1,Mb,6,12,2,3,12,5,4,3,279,4,2,1,1,0,0,1,0,0,0,1,0,0,0,0,0,0,0,0,0,small plant,NA,NA,NA,NA,NA,NA,NA,NA,NA,NA,NA,NA,NA,NA,NA,NA,NA,NA,NA,NA,NA,NA,8.138,,2,1,1,0.5,0.578947368,0.594594595,0.434912309,0.489918939,0.3724,,Cultivated
F132,132,HE,Co,7,12,2,3,12,5,6,4,288,0,2,1,1,0,0,1,0,0,0,1,0,0,0,0,0,0,0,0,0,,NA,NA,NA,NA,NA,NA,NA,NA,NA,NA,NA,NA,NA,NA,NA,NA,NA,NA,NA,NA,NA,NA,7.243,,2,2,0,1,,,,,0.6537,,Wild
F152,152,HE,Mb,8,12,2,3,12,5,2,4,272,6,2,1,1,0,0,1,0,0,0,1,0,0,0,0,0,0,0,0,0,,NA,NA,NA,NA,NA,NA,NA,NA,NA,NA,NA,NA,NA,NA,NA,NA,NA,NA,NA,NA,NA,NA,3.681666667,,3,3,0,1,1.222222222,1.517241379,0.857824273,0.895013333,0.4828,,Wild
F172,172,HM,Co,9,12,2,3,12,5,4,4,280,0,2,1,1,1,1,0,0,0,0,1,0,0,0,0,0,0,0,0,0,,5.5,0.06,0.06,0,0,0,0.06,0,0,0,0,0,0,NA,NA,NA,NA,,1.64,37.8,22.99,,13.7165,,2,2,0,1,,,,,0.5966,,Cultivated
F192,192,HM,Mb,10,12,2,3,12,5,5,1,281,2,2,1,1,1,1,0,0,0,0,1,0,0,0,0,0,0,0,0,0,,4.9,0.06,0.02,0.04,0,0,0.02,0,0,0.03,0,0,0.01,NA,NA,NA,NA,,1.27,36.24,28.56,,9.987,,2,1,1,0.5,0.523809524,0.647058824,0.434912309,0.489918939,0.6863,,Cultivated
F212,212,IT1,Co,11,12,2,3,12,5,3,3,275,0,2,1,1,0,0,1,0,0,0,1,0,0,0,0,0,0,0,0,0,,NA,NA,NA,NA,NA,NA,NA,NA,NA,NA,NA,NA,NA,NA,NA,NA,NA,NA,NA,NA,NA,NA,14.2725,,2,2,0,1,,,,,0.4838,,Cultivated
F232,232,IT1,Mb,12,12,2,3,12,5,2,3,271,4,2,1,1,0,0,1,0,0,0,1,0,0,0,0,0,0,0,0,0,,NA,NA,NA,NA,NA,NA,NA,NA,NA,NA,NA,NA,NA,NA,NA,NA,NA,NA,NA,NA,NA,NA,19.2375,,2,2,0,1,1,1.128205128,0.736999063,0.81729561,0.6799,,Cultivated
F252,252,KI,Co,13,12,2,3,12,5,4,2,278,0,2,1,1,0,0,1,0,0,0,1,0,0,0,0,0,0,0,0,0,,NA,NA,NA,NA,NA,NA,NA,NA,NA,NA,NA,NA,NA,NA,NA,NA,NA,NA,NA,NA,NA,NA,5.811,,2,1,1,0.5,,,,,0.5612,,Wild
F272,272,KI,Mb,14,12,2,3,12,5,1,1,265,4,2,1,1,0,0,1,0,0,0,1,0,0,0,0,0,0,0,0,0,,NA,NA,NA,NA,NA,NA,NA,NA,NA,NA,NA,NA,NA,NA,NA,NA,NA,NA,NA,NA,NA,NA,3.922,,2,1,1,0.5,0.647058824,0.733333333,0.518205731,0.544463983,0.2854,labeled as KI_Mb (nummer unkown),Wild
F292,292,KT,Co,15,12,2,3,12,5,2,2,270,0,2,1,1,0,0,1,0,0,0,1,0,0,0,0,0,0,0,0,0,,NA,NA,NA,NA,NA,NA,NA,NA,NA,NA,NA,NA,NA,NA,NA,NA,NA,NA,NA,NA,NA,NA,8.0275,,2,2,0,1,,,,,0.2506,,Cultivated
F312,312,KT,Mb,16,12,2,3,12,5,4,1,277,5,2,1,1,0,0,1,0,0,0,1,0,0,0,0,0,0,0,0,0,,NA,NA,NA,NA,NA,NA,NA,NA,NA,NA,NA,NA,NA,NA,NA,NA,NA,NA,NA,NA,NA,NA,9.4545,,2,2,0,1,1.1,1.157894737,0.736999063,0.81729561,0.3719,,Cultivated
F412,412,MC,Co,21,12,2,3,12,5,1,3,267,0,2,1,1,0,0,1,0,0,0,1,0,0,0,0,0,0,0,0,0,,NA,NA,NA,NA,NA,NA,NA,NA,NA,NA,NA,NA,NA,NA,NA,NA,NA,NA,NA,NA,NA,NA,6.8465,,2,2,0,1,,,,,0.2485,,Cultivated
F432,432,MC,Mb,22,12,2,3,12,5,5,3,283,4,2,1,1,0,0,1,0,0,0,1,0,0,0,0,0,0,0,0,0,,NA,NA,NA,NA,NA,NA,NA,NA,NA,NA,NA,NA,NA,NA,NA,NA,NA,NA,NA,NA,NA,NA,13.678,,2,1,1,0.5,0.55,0.617647059,0.434912309,0.489918939,0.1728,,Cultivated
F332,332,OH,Co,17,12,2,3,12,5,5,4,284,0,2,1,1,0,0,1,0,0,0,1,0,0,0,0,0,0,0,0,0,,NA,NA,NA,NA,NA,NA,NA,NA,NA,NA,NA,NA,NA,NA,NA,NA,NA,NA,NA,NA,NA,NA,4.157,,2,1,1,0.5,,,,,0.6363,,Wild
F352,352,OH,Mb,18,12,2,3,12,5,5,2,282,8,2,1,1,0,0,1,0,0,0,1,0,0,0,0,0,0,0,0,0,Plant had (nearly) no damage,NA,NA,NA,NA,NA,NA,NA,NA,NA,NA,NA,NA,NA,NA,NA,NA,NA,NA,NA,NA,NA,NA,NA,NA,2,0,2,0,0,0,0,0,,,Wild
F502,502,RI,Co,19,22,2,3,12,5,3,2,274,0,2,1,1,1,0,0,0,0,0,1,0,0,0,0,0,0,0,0,0,,16.6,0.05,0.01,0.04,0,0,0.01,0,0,0.01,0.03,0,0,NA,NA,NA,NA,,NA,NA,NA,NA,12.1225,,2,2,0,1,,,,,0.4776,,Cultivated
F512,512,RI,Mb,20,22,2,3,12,5,1,2,266,3,2,1,1,1,0,0,0,0,0,1,0,0,0,0,0,0,0,0,0,,15.8,0.2,0.13,0.07,0,0,0.11,0,0.02,0.02,0.04,0,0.01,NA,NA,NA,NA,,NA,NA,NA,NA,10.457,,2,2,0,1,1.181818182,1.511111111,0.736999063,0.81729561,0.3867,,Cultivated
F452,452,VL,Co,23,12,2,3,12,5,3,4,276,0,2,1,1,0,1,0,0,0,0,1,0,0,0,0,0,0,0,0,0,,NA,NA,NA,NA,NA,NA,NA,NA,NA,NA,NA,NA,NA,NA,NA,NA,NA,NA,2.01,39.81,19.76,,11.30966667,,2,2,0,1,,,,,0.8416,,Wild
F472,472,VL,Mb,24,12,2,3,12,5,1,4,268,3,2,1,1,0,1,0,0,0,0,1,0,0,0,0,0,0,0,0,0,,NA,NA,NA,NA,NA,NA,NA,NA,NA,NA,NA,NA,NA,NA,NA,NA,NA,NA,1.93,40.59,20.98,,5.788,,2,2,0,1,1,1.047619048,0.857824273,0.895013333,0.9787,,Wild
F013,13,CD,Co,1,13,2,3,13,5,3,2,298,0,2,1,1,0,1,0,0,0,0,1,0,0,0,0,0,0,0,0,0,,NA,NA,NA,NA,NA,NA,NA,NA,NA,NA,NA,NA,NA,NA,NA,NA,NA,NA,1.25,39.37,31.39,,1.261666667,,3,3,0,1,,,,,0.5561,,Cultivated
F033,33,CD,Mb,2,13,2,3,13,5,3,4,300,5,2,1,1,0,1,0,0,0,0,1,0,0,0,0,0,0,0,0,0,,NA,NA,NA,NA,NA,NA,NA,NA,NA,NA,NA,NA,NA,NA,NA,NA,NA,NA,1.27,39.63,31.18,,6.246,,2,2,0,1,1.047619048,1.294117647,0.736999063,0.81729561,0.4401,,Cultivated
F053,53,DD,Co,3,13,2,3,13,5,2,4,296,0,2,1,1,0,0,1,0,0,0,1,0,0,0,0,0,0,0,0,0,,NA,NA,NA,NA,NA,NA,NA,NA,NA,NA,NA,NA,NA,NA,NA,NA,NA,NA,NA,NA,NA,NA,NA,NA,2,0,2,0,,,,,0.7607,,Wild
F073,73,DD,Mb,4,13,2,3,13,5,4,3,303,8,2,1,1,0,0,1,0,0,0,1,0,0,0,0,0,0,0,0,0,,NA,NA,NA,NA,NA,NA,NA,NA,NA,NA,NA,NA,NA,NA,NA,NA,NA,NA,NA,NA,NA,NA,2.3145,,2,2,0,1,2,1.692307692,0.857824273,0.895013333,0.7802,,Wild
F093,93,GO1,Co,5,13,2,3,13,5,5,3,307,0,1,1,1,0,1,0,0,0,0,1,0,0,0,0,0,0,0,0,0,plant was small and only infested with 1 caterpillar,NA,NA,NA,NA,NA,NA,NA,NA,NA,NA,NA,NA,NA,NA,NA,NA,NA,NA,3.32,39.8,11.98,,6.205,,1,1,0,1,,,,,0.2484,,Cultivated
F113,113,GO1,Mb,6,13,2,3,13,5,6,4,312,4,2,1,1,1,1,0,0,0,0,1,0,0,0,0,0,0,0,0,0,,5.6,0.1,0.03,0.06,0,0,0.03,0,0,0.02,0.02,0,0.02,NA,NA,NA,NA,,2.8,38.83,13.87,,8.2375,,2,2,0,1,1.157894737,1.189189189,0.736999063,0.81729561,0.4952,,Cultivated
F133,133,HE,Co,7,13,2,3,13,5,3,1,297,0,2,1,1,0,0,1,0,0,0,1,0,0,0,0,0,0,0,0,0,,NA,NA,NA,NA,NA,NA,NA,NA,NA,NA,NA,NA,NA,NA,NA,NA,NA,NA,NA,NA,NA,NA,5.5925,,2,2,0,1,,,,,0.4725,,Wild
F153,153,HE,Mb,8,13,2,3,13,5,4,1,301,6,2,1,1,0,0,1,0,0,0,1,0,0,0,0,0,0,0,0,0,,NA,NA,NA,NA,NA,NA,NA,NA,NA,NA,NA,NA,NA,NA,NA,NA,NA,NA,NA,NA,NA,NA,3.9175,,2,2,0,1,1.222222222,1.517241379,0.857824273,0.895013333,0.5288,,Wild
F173,173,HM,Co,9,13,2,3,13,5,5,4,308,0,2,1,1,1,1,0,0,0,0,1,0,0,0,0,0,0,0,0,0,,5.6,0.19,0.18,0.01,0,0,0.18,0,0,0,0.01,0,0,NA,NA,NA,NA,,1.6,38.39,23.97,,4.214,,2,2,0,1,,,,,0.7645,,Cultivated
F193,193,HM,Mb,10,13,2,3,13,5,2,2,294,2,2,1,1,1,1,0,1,1,1,1,0,0,0,0,0,0,0,0,0,,7.7,0.2,0.18,0.01,0.11,0,0.07,0,0,0,0,0,0.01,NA,NA,NA,NA,,1.41,38.54,27.36,,7.1235,,2,2,0,1,1.047619048,1.294117647,0.736999063,0.81729561,,,Cultivated
F213,213,IT1,Co,11,13,2,3,13,5,4,2,302,0,2,1,1,0,0,1,0,0,0,1,0,0,0,0,0,0,0,0,0,,NA,NA,NA,NA,NA,NA,NA,NA,NA,NA,NA,NA,NA,NA,NA,NA,NA,NA,NA,NA,NA,NA,16.7935,,2,2,0,1,,,,,0.5611,,Cultivated
F233,233,IT1,Mb,12,13,2,3,13,5,6,1,309,4,2,1,1,0,0,1,0,0,0,1,0,0,0,0,0,0,0,0,0,,NA,NA,NA,NA,NA,NA,NA,NA,NA,NA,NA,NA,NA,NA,NA,NA,NA,NA,NA,NA,NA,NA,9.058,,2,2,0,1,1,1.128205128,0.736999063,0.81729561,0.5572,,Cultivated
F253,253,KI,Co,13,13,2,3,13,5,1,4,292,0,2,1,1,0,0,1,0,0,0,1,0,0,0,0,0,0,0,0,0,,NA,NA,NA,NA,NA,NA,NA,NA,NA,NA,NA,NA,NA,NA,NA,NA,NA,NA,NA,NA,NA,NA,4.6125,,2,2,0,1,,,,,0.4668,,Wild
F273,273,KI,Mb,14,13,2,3,13,5,4,4,304,4,2,1,1,0,0,1,0,0,0,1,0,0,0,0,0,0,0,0,0,,NA,NA,NA,NA,NA,NA,NA,NA,NA,NA,NA,NA,NA,NA,NA,NA,NA,NA,NA,NA,NA,NA,3.7,,2,2,0,1,1.294117647,1.466666667,0.857824273,0.895013333,0.2799,labeled as KI_Mb (nummer unkown),Wild
F293,293,KT,Co,15,13,2,3,13,5,1,3,291,0,2,1,1,0,0,1,0,0,0,1,0,0,0,0,0,0,0,0,0,,NA,NA,NA,NA,NA,NA,NA,NA,NA,NA,NA,NA,NA,NA,NA,NA,NA,NA,NA,NA,NA,NA,6.048,,2,1,1,0.5,,,,,0.3545,,Cultivated
F313,313,KT,Mb,16,13,2,3,13,5,2,1,293,5,2,1,1,0,0,1,0,0,0,1,0,0,0,0,0,0,0,0,0,,NA,NA,NA,NA,NA,NA,NA,NA,NA,NA,NA,NA,NA,NA,NA,NA,NA,NA,NA,NA,NA,NA,17.5325,,2,2,0,1,1.1,1.157894737,0.736999063,0.81729561,0.354,,Cultivated
F413,413,MC,Co,21,13,2,3,13,5,2,3,295,0,2,1,1,0,0,1,0,0,0,1,0,0,0,0,0,0,0,0,0,,NA,NA,NA,NA,NA,NA,NA,NA,NA,NA,NA,NA,NA,NA,NA,NA,NA,NA,NA,NA,NA,NA,7.718,,2,1,1,0.5,,,,,0.1853,,Cultivated
F433,433,MC,Mb,22,13,2,3,13,5,3,3,299,4,2,1,1,0,0,1,0,0,0,1,0,0,0,0,0,0,0,0,0,,NA,NA,NA,NA,NA,NA,NA,NA,NA,NA,NA,NA,NA,NA,NA,NA,NA,NA,NA,NA,NA,NA,11.2475,,2,2,0,1,1.1,1.235294118,0.736999063,0.81729561,0.2423,,Cultivated
F333,333,OH,Co,17,13,2,3,13,5,5,2,306,0,2,1,1,0,0,1,0,0,0,1,0,0,0,0,0,0,0,0,0,,NA,NA,NA,NA,NA,NA,NA,NA,NA,NA,NA,NA,NA,NA,NA,NA,NA,NA,NA,NA,NA,NA,1.744,,2,2,0,1,,,,,0.9314,,Wild
F353,353,OH,Mb,18,13,2,3,13,5,1,2,290,8,2,1,1,0,0,1,0,0,0,1,0,0,0,0,0,0,0,0,0,,NA,NA,NA,NA,NA,NA,NA,NA,NA,NA,NA,NA,NA,NA,NA,NA,NA,NA,NA,NA,NA,NA,2.654,,2,1,1,0.5,0.846153846,0.88,0.518205731,0.544463983,0.477,,Wild
F503,503,RI,Co,19,23,2,3,13,5,6,3,311,0,2,1,1,1,0,0,0,0,0,1,0,0,0,0,0,0,0,0,0,Leaf broke during herbivore infestation,20,0.04,0.01,0.02,0,0,0.01,0,0,0,0.02,0,0,NA,NA,NA,NA,Leaf broke during herbivore infestation,NA,NA,NA,NA,3.4915,,2,2,0,1,,,,,0.5485,,Cultivated
F533,533,RI,Co,19,33,2,3,13,5,5,5,NA,3,0,1,0,0,0,0,1,1,1,0,0,1,0,1,0,1,1,1,0,Leaf broke during herbivore infestation,NA,NA,NA,NA,NA,NA,NA,NA,NA,NA,NA,NA,NA,NA,NA,NA,NA,NA,NA,NA,NA,NA,NA,NA,NA,,,,,,,,,,Cultivated
F534,534,RI,Co,19,34,2,3,13,5,6,5,NA,3,2,1,0,0,0,0,1,1,1,0,0,1,1,1,0,1,1,1,1,,NA,NA,NA,NA,NA,NA,NA,NA,NA,NA,NA,NA,NA,NA,NA,NA,NA,NA,NA,NA,NA,NA,NA,NA,NA,,,,,,,,,,Cultivated
F513,513,RI,Mb,20,23,2,3,13,5,5,1,305,3,2,1,1,1,0,0,0,0,0,1,0,0,0,0,0,0,0,0,0,,16.5,1.12,0.22,0.89,0,0.08,0.14,0,0,0.87,0.02,0,0,NA,NA,NA,NA,,NA,NA,NA,NA,4.833,,2,2,0,1,1.181818182,1.511111111,0.736999063,0.81729561,0.3649,,Cultivated
F523,523,RI,Mb,20,33,2,3,13,5,2,5,NA,3,0,1,0,0,0,0,1,1,1,0,0,1,0,1,0,1,1,1,0,plant has not much roots during rhizosphere collection,NA,NA,NA,NA,NA,NA,NA,NA,NA,NA,NA,NA,NA,NA,NA,NA,NA,NA,NA,NA,NA,NA,NA,NA,NA,,,,,,,,,,Cultivated
F492,492,RI,S,25,12,2,3,13,5,1,5,NA,NA,2,1,1,0,0,1,0,0,0,1,0,0,0,0,0,0,0,0,0,,NA,NA,NA,NA,NA,NA,NA,NA,NA,NA,NA,NA,NA,NA,NA,NA,NA,NA,NA,NA,NA,NA,5.47,,2,1,1,0.5,,,,,0.6314,,Cultivated
CTRL7,U7,Un,S,26,7,2,3,13,5,3,5,NA,NA,0,0,0,0,0,0,0,0,0,0,1,0,0,0,0,0,0,0,0,,NA,NA,NA,NA,NA,NA,NA,NA,NA,NA,NA,NA,NA,NA,NA,NA,NA,NA,NA,NA,NA,NA,NA,NA,NA,NA,,,,,,,,,
F453,453,VL,Co,23,13,2,3,13,5,1,1,289,0,2,1,1,0,1,0,0,0,0,1,0,0,0,0,0,0,0,0,0,,NA,NA,NA,NA,NA,NA,NA,NA,NA,NA,NA,NA,NA,NA,NA,NA,NA,NA,1.92,39.59,20.66,,19.90633333,,3,3,0,1,,,,,0.713,,Wild
F473,473,VL,Mb,24,13,2,3,13,5,6,2,310,3,2,1,1,0,1,0,0,0,0,1,0,0,0,0,0,0,0,0,0,,NA,NA,NA,NA,NA,NA,NA,NA,NA,NA,NA,NA,NA,NA,NA,NA,NA,NA,1.6,38.09,23.84,,7.22,,2,2,0,1,1,1.047619048,0.857824273,0.895013333,0.7494,,Wild
F014,14,CD,Co,1,14,2,3,14,6,4,2,326,0,2,1,1,0,1,0,0,0,0,1,0,0,0,0,0,0,0,0,0,,NA,NA,NA,NA,NA,NA,NA,NA,NA,NA,NA,NA,NA,NA,NA,NA,NA,NA,1.68,39.99,23.76,,6.2855,,2,2,0,1,,,,,0.6416,,Cultivated
F034,34,CD,Mb,2,14,2,3,14,6,6,1,333,5,2,1,1,0,1,0,0,0,0,1,0,0,0,0,0,0,0,0,0,,NA,NA,NA,NA,NA,NA,NA,NA,NA,NA,NA,NA,NA,NA,NA,NA,NA,NA,1.65,39.44,23.86,,6.587,,3,3,0,1,1.047619048,1.294117647,0.736999063,0.81729561,0.3954,,Cultivated
F054,54,DD,Co,3,14,2,3,14,6,1,4,316,0,2,1,1,0,0,1,0,0,0,1,0,0,0,0,0,0,0,0,0,,NA,NA,NA,NA,NA,NA,NA,NA,NA,NA,NA,NA,NA,NA,NA,NA,NA,NA,NA,NA,NA,NA,NA,NA,2,0,2,0,,,,,0.6833,second sample labeld as 54 DD Co14: 0.8681,Wild
F074,74,DD,Mb,4,14,2,3,14,6,2,3,319,8,2,1,1,0,0,1,0,0,0,1,0,0,0,0,0,0,0,0,0,,NA,NA,NA,NA,NA,NA,NA,NA,NA,NA,NA,NA,NA,NA,NA,NA,NA,NA,NA,NA,NA,NA,8.815,,2,1,1,0.5,1,0.846153846,0.518205731,0.544463983,0.989,,Wild
F094,94,GO1,Co,5,14,2,3,14,6,3,2,322,0,2,1,1,0,0,1,0,0,0,1,0,0,0,0,0,0,0,0,0,small plant,NA,NA,NA,NA,NA,NA,NA,NA,NA,NA,NA,NA,NA,NA,NA,NA,NA,NA,NA,NA,NA,NA,4.7275,,2,2,0,1,,,,,0.303,,Cultivated
F114,114,GO1,Mb,6,14,2,3,14,6,1,3,315,4,2,1,1,1,1,0,0,0,0,1,0,0,0,0,0,0,0,0,0,small plant,4.2,0.11,0.05,0.06,0,0,0.05,0,0,0.04,0.02,0,0,NA,NA,NA,NA,small plant,2.93,39.81,13.6,,8.854,,2,2,0,1,1.157894737,1.189189189,0.736999063,0.81729561,0.2245,,Cultivated
F134,134,HE,Co,7,14,2,3,14,6,2,2,318,0,2,1,1,0,0,1,0,0,0,1,0,0,0,0,0,0,0,0,0,,NA,NA,NA,NA,NA,NA,NA,NA,NA,NA,NA,NA,NA,NA,NA,NA,NA,NA,NA,NA,NA,NA,5.542,,2,1,1,0.5,,,,,0.5297,,Wild
F154,154,HE,Mb,8,14,2,3,14,6,5,3,331,6,2,1,1,0,0,1,0,0,0,1,0,0,0,0,0,0,0,0,0,,NA,NA,NA,NA,NA,NA,NA,NA,NA,NA,NA,NA,NA,NA,NA,NA,NA,NA,NA,NA,NA,NA,3.8745,,2,2,0,1,1.222222222,1.517241379,0.857824273,0.895013333,,,Wild
F174,174,HM,Co,9,14,2,3,14,6,3,4,324,0,2,1,1,1,1,0,0,0,0,1,0,0,0,0,0,0,0,0,0,,6.2,0.13,0.07,0.06,0,0,0.07,0,0,0,0.01,0,0.05,NA,NA,NA,NA,,1.87,39.96,21.34,,8.967,,2,2,0,1,,,,,0.5513,,Cultivated
F194,194,HM,Mb,10,14,2,3,14,6,2,4,320,2,2,1,1,1,1,0,1,1,1,1,0,0,0,0,0,0,0,0,0,,7.8,0.06,0.04,0.02,0,0,0.04,0,0,0.01,0.01,0,0,NA,NA,NA,NA,,1.37,39.4,28.84,,3.129,,2,2,0,1,1.047619048,1.294117647,0.736999063,0.81729561,,,Cultivated
F214,214,IT1,Co,11,14,2,3,14,6,3,1,321,0,2,1,1,0,0,1,0,0,0,1,0,0,0,0,0,0,0,0,0,,NA,NA,NA,NA,NA,NA,NA,NA,NA,NA,NA,NA,NA,NA,NA,NA,NA,NA,NA,NA,NA,NA,20.027,,2,2,0,1,,,,,0.6172,,Cultivated
F234,234,IT1,Mb,12,14,2,3,14,6,5,2,330,4,2,1,1,0,0,1,0,0,0,1,0,0,0,0,0,0,0,0,0,,NA,NA,NA,NA,NA,NA,NA,NA,NA,NA,NA,NA,NA,NA,NA,NA,NA,NA,NA,NA,NA,NA,11.4495,,2,2,0,1,1,1.128205128,0.736999063,0.81729561,0.6569,,Cultivated
F254,254,KI,Co,13,14,2,3,14,6,5,1,329,0,2,1,1,0,0,1,0,0,0,1,0,0,0,0,0,0,0,0,0,,NA,NA,NA,NA,NA,NA,NA,NA,NA,NA,NA,NA,NA,NA,NA,NA,NA,NA,NA,NA,NA,NA,3.6125,,2,2,0,1,,,,,0.4007,,Wild
F274,274,KI,Mb,14,14,2,3,14,6,4,3,327,4,2,1,1,0,0,1,0,0,0,1,0,0,0,0,0,0,0,0,0,,NA,NA,NA,NA,NA,NA,NA,NA,NA,NA,NA,NA,NA,NA,NA,NA,NA,NA,NA,NA,NA,NA,2.4685,,2,2,0,1,1.294117647,1.466666667,0.857824273,0.895013333,0.1052,labeled as KI_Mb (nummer unkown); root seem to be degraded in pot,Wild
F294,294,KT,Co,15,14,2,3,14,6,2,1,317,0,2,1,1,0,0,1,0,0,0,1,0,0,0,0,0,0,0,0,0,,NA,NA,NA,NA,NA,NA,NA,NA,NA,NA,NA,NA,NA,NA,NA,NA,NA,NA,NA,NA,NA,NA,9.101,,2,2,0,1,,,,,0.3785,,Cultivated
F314,314,KT,Mb,16,14,2,3,14,6,5,4,332,5,2,1,1,0,0,1,0,0,0,1,0,0,0,0,0,0,0,0,0,,NA,NA,NA,NA,NA,NA,NA,NA,NA,NA,NA,NA,NA,NA,NA,NA,NA,NA,NA,NA,NA,NA,7.731666667,,3,3,0,1,1.1,1.157894737,0.736999063,0.81729561,0.3064,,Cultivated
F414,414,MC,Co,21,14,2,3,14,6,3,3,323,0,2,1,1,0,0,1,0,0,0,1,0,0,0,0,0,0,0,0,0,,NA,NA,NA,NA,NA,NA,NA,NA,NA,NA,NA,NA,NA,NA,NA,NA,NA,NA,NA,NA,NA,NA,8.1375,,2,2,0,1,,,,,0.156,,Cultivated
F434,434,MC,Mb,22,14,2,3,14,6,4,4,328,4,2,1,1,0,0,1,0,0,0,1,0,0,0,0,0,0,0,0,0,,NA,NA,NA,NA,NA,NA,NA,NA,NA,NA,NA,NA,NA,NA,NA,NA,NA,NA,NA,NA,NA,NA,12.9115,,2,2,0,1,1.1,1.235294118,0.736999063,0.81729561,0.1911,,Cultivated
F334,334,OH,Co,17,14,2,3,14,6,6,4,336,0,2,1,1,0,0,1,0,0,0,1,0,0,0,0,0,0,0,0,0,,NA,NA,NA,NA,NA,NA,NA,NA,NA,NA,NA,NA,NA,NA,NA,NA,NA,NA,NA,NA,NA,NA,1.309,,2,1,1,0.5,,,,,0.8209,,Wild
F354,354,OH,Mb,18,14,2,3,14,6,1,1,313,8,2,1,1,0,0,1,0,0,0,1,0,0,0,0,0,0,0,0,0,Plant had (nearly) no damage,NA,NA,NA,NA,NA,NA,NA,NA,NA,NA,NA,NA,NA,NA,NA,NA,NA,NA,NA,NA,NA,NA,NA,NA,2,0,2,0,0,0,0,0,0.9178,,Wild
F504,504,RI,Co,19,24,2,3,14,6,4,1,325,0,2,1,1,1,0,0,0,0,0,1,0,0,0,0,0,0,0,0,0,,15.4,0.12,0.07,0.05,0.06,0,0.01,0,0,0.02,0.03,0,0,NA,NA,NA,NA,,NA,NA,NA,NA,7.4025,,2,2,0,1,,,,,0.5802,,Cultivated
F514,514,RI,Mb,20,24,2,3,14,6,6,3,335,3,2,1,1,1,0,0,0,0,0,1,0,0,0,0,0,0,0,0,0,,20.1,0.04,0,0.04,0,0,0,0,0,0,0.03,0,0.01,NA,NA,NA,NA,,NA,NA,NA,NA,3.329,,2,1,1,0.5,0.590909091,0.755555556,0.434912309,0.489918939,0.5892,,Cultivated
F493,493,RI,S,25,13,2,3,14,6,4,5,NA,NA,2,1,1,0,0,1,0,0,0,1,0,0,0,0,0,0,0,0,0,,NA,NA,NA,NA,NA,NA,NA,NA,NA,NA,NA,NA,NA,NA,NA,NA,NA,NA,NA,NA,NA,NA,5.989,,2,2,0,1,,,,,0.3628,,Cultivated
F454,454,VL,Co,23,14,2,3,14,6,6,2,334,0,2,1,1,0,1,0,0,0,0,1,0,0,0,0,0,0,0,0,0,Switched around with E86 before herbivore infestation because leaf broke,NA,NA,NA,NA,NA,NA,NA,NA,NA,NA,NA,NA,NA,NA,NA,NA,NA,NA,1.76,40.74,23.11,,11.1045,,2,2,0,1,,,,,0.7565,,Wild
F474,474,VL,Mb,24,14,2,3,14,6,1,2,314,3,2,1,1,0,1,0,0,0,0,1,0,0,0,0,0,0,0,0,0,,NA,NA,NA,NA,NA,NA,NA,NA,NA,NA,NA,NA,NA,NA,NA,NA,NA,NA,1.93,40.21,20.84,,6.2975,,2,2,0,1,1,1.047619048,0.857824273,0.895013333,0.8784,,Wild
F015,15,CD,Co,1,15,2,3,15,6,4,4,352,0,2,1,1,0,1,0,1,1,0,0,0,0,0,0,0,0,0,0,0,,NA,NA,NA,NA,NA,NA,NA,NA,NA,NA,NA,NA,NA,NA,NA,NA,NA,NA,1.47,39.65,27.02,,4.9065,,2,2,0,1,,,,,,,Cultivated
FE2,E2,CD,Co,1,E2,2,3,15,6,2,7,NA,0,2,1,1,0,0,0,0,0,0,1,0,0,0,0,0,0,0,0,0,One leaf broke,NA,NA,NA,NA,NA,NA,NA,NA,NA,NA,NA,NA,NA,NA,NA,NA,NA,NA,NA,NA,NA,NA,2.8985,,2,2,0,1,,,,,0.729,,Cultivated
F035,35,CD,Mb,2,15,2,3,15,6,1,3,339,5,2,1,1,1,0,0,1,1,0,0,0,0,0,0,0,0,0,0,0,,11.8,0.48,0.22,0.26,0,0.07,0.15,0,0,0.24,0.02,0,0,NA,NA,NA,NA,,NA,NA,NA,NA,4.733,,2,1,1,0.5,0.523809524,0.647058824,0.434912309,0.489918939,,,Cultivated
FE8,E8,CD,Mb,2,E8,2,3,15,6,1,7,NA,5,2,1,1,0,1,0,0,0,0,1,0,0,0,0,0,0,0,0,0,One leaf broke,NA,NA,NA,NA,NA,NA,NA,NA,NA,NA,NA,NA,NA,NA,NA,NA,NA,NA,2.16,38.72,17.92,,4.5935,,2,2,0,1,1.047619048,1.294117647,0.736999063,0.81729561,0.2381,,Cultivated
F055,55,DD,Co,3,15,2,3,15,6,3,3,347,0,2,1,1,0,0,1,0,0,0,0,0,0,0,0,0,0,0,0,0,AG biomass cut off before rhizosphere collection. No clue whch plant is which,NA,NA,NA,NA,NA,NA,NA,NA,NA,NA,NA,NA,NA,NA,NA,NA,NA,NA,NA,NA,NA,NA,0.638,,2,1,1,0.5,,,,,,,Wild
F075,75,DD,Mb,4,15,2,3,15,6,6,4,360,8,2,1,1,0,0,1,0,0,0,0,0,0,0,0,0,0,0,0,0,AG biomass cut off before rhizosphere collection. No clue whch plant is which,NA,NA,NA,NA,NA,NA,NA,NA,NA,NA,NA,NA,NA,NA,NA,NA,NA,NA,NA,NA,NA,NA,NA,NA,2,0,2,0,0,0,0,0,,,Wild
FE20,E20,DD,Mb,4,E20,2,3,15,6,6,7,NA,0,2,1,1,0,0,0,0,0,0,0,0,0,0,0,0,0,0,0,0,,NA,NA,NA,NA,NA,NA,NA,NA,NA,NA,NA,NA,NA,NA,NA,NA,NA,NA,NA,NA,NA,NA,5.663,,2,1,1,0.5,1,0.846153846,0.518205731,0.544463983,,,Wild
F095,95,GO1,Co,5,15,2,3,15,6,6,3,359,0,1,1,1,1,0,0,1,1,0,0,0,0,0,0,0,0,0,0,0,plant was small and only infested with 1 caterpillar,9,0.19,0.17,0.02,0,0,0.13,0,0.04,0,0.01,0,0.01,NA,NA,NA,NA,plant was small and only infested with 1 caterpillar,NA,NA,NA,NA,8.81,,1,1,0,1,,,,,,,Cultivated
FE26,E26,GO1,Co,5,E26,2,3,15,6,1,6,NA,0,1,1,1,0,0,0,0,0,0,1,0,0,0,0,0,0,0,0,0,plant was small and only infested with 1 caterpillar,NA,NA,NA,NA,NA,NA,NA,NA,NA,NA,NA,NA,NA,NA,NA,NA,NA,NA,NA,NA,NA,NA,12.312,,1,1,0,1,,,,,0.035,,Cultivated
F115,115,GO1,Mb,6,15,2,3,15,6,6,1,357,4,2,1,1,1,0,0,1,1,0,0,0,0,0,0,0,0,0,0,0,,7.5,0.22,0.15,0.07,0.13,0,0.02,0,0,0.05,0.01,0,0.01,NA,NA,NA,NA,,NA,NA,NA,NA,12.8485,,2,2,0,1,1.157894737,1.189189189,0.736999063,0.81729561,,,Cultivated
F135,135,HE,Co,7,15,2,3,15,6,4,1,349,0,2,1,1,0,0,1,1,1,0,0,0,0,0,0,0,0,0,0,0,,NA,NA,NA,NA,NA,NA,NA,NA,NA,NA,NA,NA,NA,NA,NA,NA,NA,NA,NA,NA,NA,NA,5.215,,2,1,1,0.5,,,,,,,Wild
FE38,E38,HE,Co,7,E38,2,3,15,6,5,7,NA,0,2,1,1,0,0,1,0,0,0,1,0,0,0,0,0,0,0,0,0,,NA,NA,NA,NA,NA,NA,NA,NA,NA,NA,NA,NA,NA,NA,NA,NA,NA,NA,NA,NA,NA,NA,5.485,,2,1,1,0.5,,,,,0.5452,,Wild
F155,155,HE,Mb,8,15,2,3,15,6,5,1,353,6,2,1,1,0,0,1,1,1,0,0,0,0,0,0,0,0,0,0,0,,NA,NA,NA,NA,NA,NA,NA,NA,NA,NA,NA,NA,NA,NA,NA,NA,NA,NA,NA,NA,NA,NA,4.1765,,2,2,0,1,1.222222222,1.517241379,0.857824273,0.895013333,,,Wild
FE44,E44,HE,Mb,8,E44,2,3,15,6,6,6,NA,6,2,1,1,0,0,1,0,0,0,1,0,0,0,0,0,0,0,0,0,,NA,NA,NA,NA,NA,NA,NA,NA,NA,NA,NA,NA,NA,NA,NA,NA,NA,NA,NA,NA,NA,NA,5.511,,2,1,1,0.5,0.611111111,0.75862069,0.518205731,0.544463983,0.4263,,Wild
F175,175,HM,Co,9,15,2,3,15,6,5,2,354,0,2,1,1,1,0,0,1,1,0,0,0,0,0,0,0,0,0,0,0,,6.8,0.13,0.11,0.03,0,0,0.09,0.02,0,0.02,0,0,0.01,NA,NA,NA,NA,,NA,NA,NA,NA,12.701,,2,2,0,1,,,,,,,Cultivated
FE50,E50,HM,Co,9,E50,2,3,15,6,2,6,NA,0,2,1,1,0,0,0,0,0,0,1,0,0,0,0,0,0,0,0,0,,NA,NA,NA,NA,NA,NA,NA,NA,NA,NA,NA,NA,NA,NA,NA,NA,NA,NA,NA,NA,NA,NA,6.214,,2,2,0,1,,,,,0.4099,,Cultivated
F195,195,HM,Mb,10,15,2,3,15,6,3,1,345,2,2,1,1,1,0,0,1,1,0,0,0,0,0,0,0,0,0,0,0,Switched around with E56 before herbivore infestation because stem was very thin and plant may die soon,6.7,0.17,0.16,0.01,0,0,0.13,0,0.03,0,0.01,0,0,NA,NA,NA,NA,Switched around with E56 before herbivore infestation because stem was very thin and plant may die soon,NA,NA,NA,NA,3.8925,,2,2,0,1,1.047619048,1.294117647,0.736999063,0.81729561,,,Cultivated
F215,215,IT1,Co,11,15,2,3,15,6,3,2,346,0,2,1,1,0,0,1,1,1,0,0,0,0,0,0,0,0,0,0,0,,NA,NA,NA,NA,NA,NA,NA,NA,NA,NA,NA,NA,NA,NA,NA,NA,NA,NA,NA,NA,NA,NA,22.313,,2,2,0,1,,,,,,,Cultivated
F235,235,IT1,Mb,12,15,2,3,15,6,2,1,341,4,2,1,1,0,0,1,1,1,0,0,0,0,0,0,0,0,0,0,0,,NA,NA,NA,NA,NA,NA,NA,NA,NA,NA,NA,NA,NA,NA,NA,NA,NA,NA,NA,NA,NA,NA,10.0135,,2,2,0,1,1,1.128205128,0.736999063,0.81729561,,,Cultivated
F255,255,KI,Co,13,15,2,3,15,6,1,1,337,0,2,1,1,0,0,1,1,1,0,0,0,0,0,0,0,0,0,0,0,,NA,NA,NA,NA,NA,NA,NA,NA,NA,NA,NA,NA,NA,NA,NA,NA,NA,NA,NA,NA,NA,NA,1.616,,2,1,1,0.5,,,,,,,Wild
FE122,E122,KI,Co,13,E122,2,3,15,6,5,6,NA,0,2,1,1,0,0,1,0,0,0,1,0,0,0,0,0,0,0,0,0,,NA,NA,NA,NA,NA,NA,NA,NA,NA,NA,NA,NA,NA,NA,NA,NA,NA,NA,NA,NA,NA,NA,5.969,,2,1,1,0.5,,,,,0.3447,,Wild
F275,275,KI,Mb,14,15,2,3,15,6,5,4,356,4,2,1,1,0,0,1,1,1,0,0,0,0,0,0,0,0,0,0,0,,NA,NA,NA,NA,NA,NA,NA,NA,NA,NA,NA,NA,NA,NA,NA,NA,NA,NA,NA,NA,NA,NA,2.776,,2,2,0,1,1.294117647,1.466666667,0.857824273,0.895013333,,,Wild
FE128,E128,KI,Mb,14,E128,2,3,15,6,4,7,NA,4,1,1,1,0,0,1,0,0,0,1,0,0,0,0,0,0,0,0,0,plant was small and only infested with 1 caterpillar,NA,NA,NA,NA,NA,NA,NA,NA,NA,NA,NA,NA,NA,NA,NA,NA,NA,NA,NA,NA,NA,NA,8.239,,1,1,0,1,1.294117647,1.466666667,0.857824273,0.895013333,0.2851,labeled as KI_Mb (nummer unkown),Wild
F295,295,KT,Co,15,15,2,3,15,6,1,4,340,0,2,1,1,0,0,1,1,1,0,0,0,0,0,0,0,0,0,0,0,,NA,NA,NA,NA,NA,NA,NA,NA,NA,NA,NA,NA,NA,NA,NA,NA,NA,NA,NA,NA,NA,NA,6.051,,2,2,0,1,,,,,,,Cultivated
FE74,E74,KT,Co,15,E74,2,3,15,6,3,6,NA,0,2,1,1,0,0,0,0,0,0,1,0,0,0,0,0,0,0,0,0,,NA,NA,NA,NA,NA,NA,NA,NA,NA,NA,NA,NA,NA,NA,NA,NA,NA,NA,NA,NA,NA,NA,5.5385,,2,2,0,1,,,,,0.2984,,Cultivated
F315,315,KT,Mb,16,15,2,3,15,6,4,3,351,5,2,1,1,0,0,1,1,1,0,0,0,0,0,0,0,0,0,0,0,,NA,NA,NA,NA,NA,NA,NA,NA,NA,NA,NA,NA,NA,NA,NA,NA,NA,NA,NA,NA,NA,NA,9.287,,3,3,0,1,1.1,1.157894737,0.736999063,0.81729561,,,Cultivated
F415,415,MC,Co,21,15,2,3,15,6,1,2,338,0,2,1,1,0,0,1,1,1,0,0,0,0,0,0,0,0,0,0,0,,NA,NA,NA,NA,NA,NA,NA,NA,NA,NA,NA,NA,NA,NA,NA,NA,NA,NA,NA,NA,NA,NA,6.533,,2,1,1,0.5,,,,,,,Cultivated
FE134,E134,MC,Co,21,E134,2,3,15,6,4,6,NA,0,2,1,1,0,0,0,0,0,0,1,0,0,0,0,0,0,0,0,0,,NA,NA,NA,NA,NA,NA,NA,NA,NA,NA,NA,NA,NA,NA,NA,NA,NA,NA,NA,NA,NA,NA,11.3145,,2,2,0,1,,,,,0.164,,Cultivated
F435,435,MC,Mb,22,15,2,3,15,6,3,4,348,4,2,1,1,0,0,1,1,1,0,0,0,0,0,0,0,0,0,0,0,,NA,NA,NA,NA,NA,NA,NA,NA,NA,NA,NA,NA,NA,NA,NA,NA,NA,NA,NA,NA,NA,NA,11.7055,,2,2,0,1,1.1,1.235294118,0.736999063,0.81729561,,,Cultivated
F335,335,OH,Co,17,15,2,3,15,6,6,2,358,0,2,1,1,0,0,1,0,0,0,0,0,0,0,0,0,0,0,0,0,AG biomass cut off before rhizosphere collection. No clue whch plant is which,NA,NA,NA,NA,NA,NA,NA,NA,NA,NA,NA,NA,NA,NA,NA,NA,NA,NA,NA,NA,NA,NA,0.362,,2,1,1,0.5,,,,,,,Wild
F355,355,OH,Mb,18,15,2,3,15,6,2,2,342,8,2,1,1,0,0,1,0,0,0,0,0,0,0,0,0,0,0,0,0,AG biomass cut off before rhizosphere collection. No clue whch plant is which,NA,NA,NA,NA,NA,NA,NA,NA,NA,NA,NA,NA,NA,NA,NA,NA,NA,NA,NA,NA,NA,NA,4.793,,2,1,1,0.5,0.846153846,0.88,0.518205731,0.544463983,,,Wild
FE116,E116,OH,Mb,18,E116,2,3,15,6,3,7,NA,8,2,1,1,0,0,0,0,0,0,0,0,0,0,0,0,0,0,0,0,,NA,NA,NA,NA,NA,NA,NA,NA,NA,NA,NA,NA,NA,NA,NA,NA,NA,NA,NA,NA,NA,NA,4.185,,2,0,2,0,0,0,0,0,,,Wild
F505,505,RI,Co,19,25,2,3,15,6,5,3,355,0,2,1,1,1,0,0,0,0,0,1,0,0,0,0,0,0,0,0,0,,17.9,0.24,0.21,0.04,0,0,0.21,0,0,0.01,0.02,0,0.01,NA,NA,NA,NA,,NA,NA,NA,NA,4.918,,2,2,0,1,,,,,0.7147,,Cultivated
F535,535,RI,Co,19,35,2,3,15,6,1,5,NA,3,2,1,0,0,0,0,0,0,0,0,0,0,0,0,0,0,NA,NA,NA,,NA,NA,NA,NA,NA,NA,NA,NA,NA,NA,NA,NA,NA,NA,NA,NA,NA,NA,NA,NA,NA,NA,NA,NA,NA,,,,,,,,,,Cultivated
F515,515,RI,Mb,20,25,2,3,15,6,2,3,343,3,2,1,1,1,0,0,0,0,0,1,0,0,0,0,0,0,0,0,0,,17,0.07,0,0.07,0,0,0,0,0,0.04,0.03,0,0,NA,NA,NA,NA,,NA,NA,NA,NA,4.6745,,2,2,0,1,1.181818182,1.511111111,0.736999063,0.81729561,0.3758,,Cultivated
F524,524,RI,Mb,20,34,2,3,15,6,3,5,NA,3,2,1,0,0,0,0,1,1,1,0,0,1,1,1,0,1,1,1,1,,NA,NA,NA,NA,NA,NA,NA,NA,NA,NA,NA,NA,NA,NA,NA,NA,NA,NA,NA,NA,NA,NA,11.274,,2,1,1,0.5,0.590909091,0.755555556,0.434912309,0.489918939,,,Cultivated
F525,525,RI,Mb,20,35,2,3,15,6,6,5,NA,3,0,1,0,0,0,0,1,1,1,0,0,1,0,1,0,1,1,1,0,,NA,NA,NA,NA,NA,NA,NA,NA,NA,NA,NA,NA,NA,NA,NA,NA,NA,NA,NA,NA,NA,NA,NA,NA,NA,,,,,,,,,,Cultivated
F494,494,RI,S,25,14,2,3,15,6,2,5,NA,NA,2,1,1,0,0,1,0,0,0,1,0,0,0,0,0,0,0,0,0,,NA,NA,NA,NA,NA,NA,NA,NA,NA,NA,NA,NA,NA,NA,NA,NA,NA,NA,NA,NA,NA,NA,20.7935,,2,2,0,1,,,,,0.5292,,Cultivated
F495,495,RI,S,25,15,2,3,15,6,4,5,NA,NA,2,1,1,0,0,1,1,1,0,0,0,0,0,0,0,1,1,0,0,,NA,NA,NA,NA,NA,NA,NA,NA,NA,NA,NA,NA,NA,NA,NA,NA,NA,NA,NA,NA,NA,NA,15.737,,2,2,0,1,,,,,,,Cultivated
CTRL8,U8,Un,S,26,8,2,3,15,6,5,5,NA,NA,0,0,0,0,0,0,0,0,0,0,1,0,0,0,0,0,0,0,0,,NA,NA,NA,NA,NA,NA,NA,NA,NA,NA,NA,NA,NA,NA,NA,NA,NA,NA,NA,NA,NA,NA,NA,NA,NA,NA,,,,,,,,,
F455,455,VL,Co,23,15,2,3,15,6,4,2,350,0,2,1,1,0,1,0,1,1,0,0,0,0,0,0,0,0,0,0,0,,NA,NA,NA,NA,NA,NA,NA,NA,NA,NA,NA,NA,NA,NA,NA,NA,NA,NA,1.34,39.69,29.67,,7.3695,,2,2,0,1,,,,,,,Wild
F475,475,VL,Mb,24,15,2,3,15,6,2,4,344,3,2,1,1,0,1,0,1,1,0,0,0,0,0,0,0,0,0,0,0,,NA,NA,NA,NA,NA,NA,NA,NA,NA,NA,NA,NA,NA,NA,NA,NA,NA,NA,2.27,41.04,18.06,,10.915,,2,2,0,1,1,1.047619048,0.857824273,0.895013333,,,Wild
F016,16,CD,Co,1,16,2,4,16,7,4,1,373,0,2,1,1,1,0,0,1,1,1,0,0,0,0,0,0,0,0,0,0,,14.5,1.3,1.06,0.25,0.09,0.91,0.06,0,0,0.23,0.02,0,0,NA,NA,NA,NA,,NA,NA,NA,NA,12.2785,,2,2,0,1,,,,,,,Cultivated
F036,36,CD,Mb,2,16,2,4,16,7,5,1,377,5,2,1,1,1,0,0,1,1,1,0,0,0,0,0,0,0,0,0,0,One caterpillar added because one caterpillar did not survive infestion the day before.,18,0.09,0.01,0.05,0,0,0.01,0,0,0.01,0.03,0.03,0.01,NA,NA,NA,NA,One caterpillar added because one caterpillar did not survive infestion the day before.,NA,NA,NA,NA,4.6545,,2,2,0,1,1.047619048,1.294117647,0.736999063,0.81729561,,,Cultivated
F056,56,DD,Co,3,16,2,4,16,7,3,4,372,0,2,1,1,0,0,0,1,1,1,0,0,0,0,0,0,0,0,0,0,,NA,NA,NA,NA,NA,NA,NA,NA,NA,NA,NA,NA,NA,NA,NA,NA,NA,NA,NA,NA,NA,NA,NA,NA,2,0,2,0,,,,,,,Wild
F076,76,DD,Mb,4,16,2,4,16,7,3,1,369,8,2,1,1,0,0,0,1,1,1,0,0,0,0,0,0,0,0,0,0,,NA,NA,NA,NA,NA,NA,NA,NA,NA,NA,NA,NA,NA,NA,NA,NA,NA,NA,NA,NA,NA,NA,NA,NA,2,0,2,0,0,0,0,0,,,Wild
F096,96,GO1,Co,5,16,2,4,16,7,1,4,364,0,2,1,1,0,0,0,1,1,1,0,0,0,0,0,0,0,0,0,0,,NA,NA,NA,NA,NA,NA,NA,NA,NA,NA,NA,NA,NA,NA,NA,NA,NA,NA,NA,NA,NA,NA,12.51075,,4,4,0,1,,,,,,,Cultivated
F116,116,GO1,Mb,6,16,2,4,16,7,5,4,380,4,2,1,1,0,0,0,1,1,1,0,0,0,0,0,0,0,0,0,0,,NA,NA,NA,NA,NA,NA,NA,NA,NA,NA,NA,NA,NA,NA,NA,NA,NA,NA,NA,NA,NA,NA,13.818,,2,2,0,1,1.157894737,1.189189189,0.736999063,0.81729561,,,Cultivated
F136,136,HE,Co,7,16,2,4,16,7,6,3,383,0,2,1,1,0,0,0,1,1,1,0,0,0,0,0,0,0,0,0,0,,NA,NA,NA,NA,NA,NA,NA,NA,NA,NA,NA,NA,NA,NA,NA,NA,NA,NA,NA,NA,NA,NA,2.8845,,2,2,0,1,,,,,,,Wild
F156,156,HE,Mb,8,16,2,4,16,7,2,2,366,6,2,1,1,0,0,1,1,1,1,0,0,0,0,0,0,0,0,0,0,One caterpillar added because one caterpillar did not survive infestion the day before.,NA,NA,NA,NA,NA,NA,NA,NA,NA,NA,NA,NA,NA,NA,NA,NA,NA,NA,NA,NA,NA,NA,5.5355,,2,2,0,1,1.222222222,1.517241379,0.857824273,0.895013333,,,Wild
F176,176,HM,Co,9,16,2,4,16,7,6,2,382,0,2,1,1,0,0,0,1,1,1,0,0,0,0,0,0,0,0,0,0,,NA,NA,NA,NA,NA,NA,NA,NA,NA,NA,NA,NA,NA,NA,NA,NA,NA,NA,NA,NA,NA,NA,7.377,,2,2,0,1,,,,,,,Cultivated
F196,196,HM,Mb,10,16,2,4,16,7,4,4,376,2,2,1,1,0,0,0,0,0,0,0,0,0,0,0,0,0,0,0,0,,NA,NA,NA,NA,NA,NA,NA,NA,NA,NA,NA,NA,NA,NA,NA,NA,NA,NA,NA,NA,NA,NA,11.15,,2,2,0,1,1.047619048,1.294117647,0.736999063,0.81729561,,,Cultivated
F216,216,IT1,Co,11,16,2,4,16,7,5,2,378,0,2,1,1,0,0,0,1,1,1,0,0,0,0,0,0,0,0,0,0,,NA,NA,NA,NA,NA,NA,NA,NA,NA,NA,NA,NA,NA,NA,NA,NA,NA,NA,NA,NA,NA,NA,9.012,,2,2,0,1,,,,,,,Cultivated
F236,236,IT1,Mb,12,16,2,4,16,7,1,1,361,4,2,1,1,0,0,0,1,1,1,0,0,0,0,0,0,0,0,0,0,,NA,NA,NA,NA,NA,NA,NA,NA,NA,NA,NA,NA,NA,NA,NA,NA,NA,NA,NA,NA,NA,NA,21.896,,2,1,1,0.5,0.5,0.564102564,0.434912309,0.489918939,,,Cultivated
F256,256,KI,Co,13,16,2,4,16,7,3,2,370,0,2,1,1,0,0,1,1,1,1,0,0,0,0,0,0,0,0,0,0,,NA,NA,NA,NA,NA,NA,NA,NA,NA,NA,NA,NA,NA,NA,NA,NA,NA,NA,NA,NA,NA,NA,3.9525,,2,2,0,1,,,,,,,Wild
F276,276,KI,Mb,14,16,2,4,16,7,1,2,362,4,2,1,1,0,0,0,1,1,1,0,0,0,0,0,0,0,0,0,0,,NA,NA,NA,NA,NA,NA,NA,NA,NA,NA,NA,NA,NA,NA,NA,NA,NA,NA,NA,NA,NA,NA,5.678,,2,2,0,1,1.294117647,1.466666667,0.857824273,0.895013333,,,Wild
F296,296,KT,Co,15,16,2,4,16,7,4,2,374,0,2,1,1,0,0,0,1,1,1,0,0,0,0,0,0,0,0,0,0,,NA,NA,NA,NA,NA,NA,NA,NA,NA,NA,NA,NA,NA,NA,NA,NA,NA,NA,NA,NA,NA,NA,15.344,,2,2,0,1,,,,,,,Cultivated
F316,316,KT,Mb,16,16,2,4,16,7,2,4,368,5,2,1,1,0,0,1,1,1,1,0,0,0,0,0,0,0,0,0,0,,NA,NA,NA,NA,NA,NA,NA,NA,NA,NA,NA,NA,NA,NA,NA,NA,NA,NA,NA,NA,NA,NA,15.6625,,2,2,0,1,1.1,1.157894737,0.736999063,0.81729561,,,Cultivated
F416,416,MC,Co,21,16,2,4,16,7,5,3,379,0,1,1,1,0,0,0,1,1,1,0,0,0,0,0,0,0,0,0,0,plant was small and only infested with 1 caterpillar,NA,NA,NA,NA,NA,NA,NA,NA,NA,NA,NA,NA,NA,NA,NA,NA,NA,NA,NA,NA,NA,NA,10.632,,2,2,0,1,,,,,,,Cultivated
F436,436,MC,Mb,22,16,2,4,16,7,1,3,363,4,2,1,1,0,0,0,1,1,1,0,0,0,0,0,0,0,0,0,0,,NA,NA,NA,NA,NA,NA,NA,NA,NA,NA,NA,NA,NA,NA,NA,NA,NA,NA,NA,NA,NA,NA,13.507,,2,2,0,1,1.1,1.235294118,0.736999063,0.81729561,,,Cultivated
F336,336,OH,Co,17,16,2,4,16,7,6,1,381,0,2,1,1,0,0,0,1,1,1,0,0,0,0,0,0,0,0,0,0,,NA,NA,NA,NA,NA,NA,NA,NA,NA,NA,NA,NA,NA,NA,NA,NA,NA,NA,NA,NA,NA,NA,0.406,,2,2,0,1,,,,,,,Wild
F356,356,OH,Mb,18,16,2,4,16,7,2,3,367,8,2,1,1,0,0,0,1,1,1,0,0,0,0,0,0,0,0,0,0,,NA,NA,NA,NA,NA,NA,NA,NA,NA,NA,NA,NA,NA,NA,NA,NA,NA,NA,NA,NA,NA,NA,2.443,,2,1,1,0.5,0.846153846,0.88,0.518205731,0.544463983,,,Wild
F506,506,RI,Co,19,26,2,4,16,7,3,3,371,0,2,1,1,0,1,0,0,0,0,1,0,0,0,0,0,0,0,0,0,,NA,NA,NA,NA,NA,NA,NA,NA,NA,NA,NA,NA,NA,NA,NA,NA,NA,NA,1.32,38.82,29.4,,7.320333333,,2,2,0,1,,,,,0.4281,,Cultivated
F536,536,RI,Co,19,36,2,4,16,7,4,5,NA,3,0,1,0,0,0,0,1,1,1,0,0,1,0,1,0,1,1,1,0,,NA,NA,NA,NA,NA,NA,NA,NA,NA,NA,NA,NA,NA,NA,NA,NA,NA,NA,NA,NA,NA,NA,NA,NA,NA,,,,,,,,,,Cultivated
F516,516,RI,Mb,20,26,2,4,16,7,4,3,375,3,2,1,1,0,1,0,0,0,0,1,0,0,0,0,0,0,0,0,0,,NA,NA,NA,NA,NA,NA,NA,NA,NA,NA,NA,NA,NA,NA,NA,NA,NA,NA,1.38,38.07,27.54,,11.903,,2,1,1,0.5,0.590909091,0.755555556,0.434912309,0.489918939,0.5911,,Cultivated
F526,526,RI,Mb,20,36,2,4,16,7,1,5,NA,3,0,1,0,0,0,0,1,1,1,0,0,1,0,1,0,1,1,1,0,,NA,NA,NA,NA,NA,NA,NA,NA,NA,NA,NA,NA,NA,NA,NA,NA,NA,NA,NA,NA,NA,NA,NA,NA,NA,,,,,,,,,,Cultivated
F527,527,RI,Mb,20,37,2,4,16,7,6,5,NA,3,0,1,0,0,0,0,1,1,1,0,0,1,0,1,0,1,1,1,0,,NA,NA,NA,NA,NA,NA,NA,NA,NA,NA,NA,NA,NA,NA,NA,NA,NA,NA,NA,NA,NA,NA,NA,NA,NA,,,,,,,,,,Cultivated
F496,496,RI,S,25,16,2,4,16,7,2,5,NA,NA,2,1,1,0,0,1,1,1,1,0,0,0,0,0,0,1,1,0,0,,NA,NA,NA,NA,NA,NA,NA,NA,NA,NA,NA,NA,NA,NA,NA,NA,NA,NA,NA,NA,NA,NA,16.367,,2,2,0,1,,,,,,,Cultivated
F497,497,RI,S,25,17,2,4,16,7,5,5,NA,NA,2,1,1,0,0,1,1,1,1,0,0,0,0,0,0,1,1,0,0,One caterpillar added because one caterpillar did not survive infestion the day before.,NA,NA,NA,NA,NA,NA,NA,NA,NA,NA,NA,NA,NA,NA,NA,NA,NA,NA,NA,NA,NA,NA,5.2025,,2,2,0,1,,,,,,,Cultivated
CTRL9,U9,Un,S,26,9,2,4,16,7,3,5,NA,NA,0,0,0,0,0,0,0,0,0,0,1,0,0,0,0,0,0,0,0,,NA,NA,NA,NA,NA,NA,NA,NA,NA,NA,NA,NA,NA,NA,NA,NA,NA,NA,NA,NA,NA,NA,NA,NA,NA,NA,,,,,,,,,
F456,456,VL,Co,23,16,2,4,16,7,2,1,365,0,2,1,1,1,0,0,1,1,1,0,0,0,0,0,0,0,0,0,0,,10.3,0.24,0.2,0.03,0.06,0,0.14,0,0,0.02,0,0,0.01,NA,NA,NA,NA,,NA,NA,NA,NA,6.309,,3,3,0,1,,,,,,,Wild
F476,476,VL,Mb,24,16,2,4,16,7,6,4,384,3,2,1,1,1,0,0,1,1,1,0,0,0,0,0,0,0,0,0,0,,10.4,0.27,0.21,0.05,0.19,0,0.02,0,0,0.02,0,0,0.03,NA,NA,NA,NA,,NA,NA,NA,NA,7.312,,2,1,1,0.5,0.5,0.523809524,0.518205731,0.544463983,,,Wild
F017,17,CD,Co,1,17,2,4,17,7,6,2,406,0,2,1,1,1,0,0,1,1,1,0,0,0,0,0,0,0,0,0,0,,14.8,0.74,0.07,0.66,0,0.03,0.04,0,0,0.64,0.02,0,0,NA,NA,NA,NA,,NA,NA,NA,NA,9.96,,2,2,0,1,,,,,,,Cultivated
F037,37,CD,Mb,2,17,2,4,17,7,1,2,386,5,2,1,1,1,0,0,1,1,1,0,0,0,0,0,0,0,0,0,0,Switched around with E8 before herbivore infestation because one leaf broke,12.3,0.2,0.12,0.08,0,0.03,0.05,0,0.04,0.06,0.01,0,0.01,NA,NA,NA,NA,Switched around with E8 before herbivore infestation because one leaf broke,NA,NA,NA,NA,10.774,,2,2,0,1,1.047619048,1.294117647,0.736999063,0.81729561,,,Cultivated
F057,57,DD,Co,3,17,2,4,17,7,2,3,391,0,2,1,1,0,0,0,1,1,1,0,0,0,0,0,0,0,0,0,0,,NA,NA,NA,NA,NA,NA,NA,NA,NA,NA,NA,NA,NA,NA,NA,NA,NA,NA,NA,NA,NA,NA,1.1455,,2,2,0,1,,,,,,,Wild
F077,77,DD,Mb,4,17,2,4,17,7,4,4,400,8,2,1,1,0,0,0,1,1,1,0,0,0,0,0,0,0,0,0,0,plant heavily damaged,NA,NA,NA,NA,NA,NA,NA,NA,NA,NA,NA,NA,NA,NA,NA,NA,NA,NA,NA,NA,NA,NA,NA,NA,2,0,2,0,0,0,0,0,,,Wild
F097,97,GO1,Co,5,17,2,4,17,7,6,4,408,0,2,1,1,1,0,0,1,1,1,0,0,0,0,0,0,0,0,0,0,,8.3,0.05,0.02,0.03,0,0,0.02,0,0,0,0.02,0,0.01,NA,NA,NA,NA,,NA,NA,NA,NA,10.233,,2,1,1,0.5,,,,,,,Cultivated
F117,117,GO1,Mb,6,17,2,4,17,7,4,2,398,4,2,1,1,0,0,0,1,1,1,0,0,0,0,0,0,0,0,0,0,,NA,NA,NA,NA,NA,NA,NA,NA,NA,NA,NA,NA,NA,NA,NA,NA,NA,NA,NA,NA,NA,NA,19.382,,2,1,1,0.5,0.578947368,0.594594595,0.434912309,0.489918939,,,Cultivated
F137,137,HE,Co,7,17,2,4,17,7,5,4,404,0,2,1,1,0,0,1,1,1,1,0,0,0,0,0,0,0,0,0,0,,NA,NA,NA,NA,NA,NA,NA,NA,NA,NA,NA,NA,NA,NA,NA,NA,NA,NA,NA,NA,NA,NA,1.8315,,2,2,0,1,,,,,,,Wild
F157,157,HE,Mb,8,17,2,4,17,7,3,3,395,6,2,1,1,0,0,1,1,1,1,0,0,0,0,0,0,0,0,0,0,,NA,NA,NA,NA,NA,NA,NA,NA,NA,NA,NA,NA,NA,NA,NA,NA,NA,NA,NA,NA,NA,NA,5.0315,,2,2,0,1,1.222222222,1.517241379,0.857824273,0.895013333,,,Wild
F177,177,HM,Co,9,17,2,4,17,7,1,1,385,0,2,1,1,0,0,0,1,1,1,0,0,0,0,0,0,0,0,0,0,,NA,NA,NA,NA,NA,NA,NA,NA,NA,NA,NA,NA,NA,NA,NA,NA,NA,NA,NA,NA,NA,NA,13.96,,2,1,1,0.5,,,,,,,Cultivated
F197,197,HM,Mb,10,17,2,4,17,7,1,3,387,2,2,1,1,0,0,0,1,1,1,0,0,0,0,0,0,0,0,0,0,,NA,NA,NA,NA,NA,NA,NA,NA,NA,NA,NA,NA,NA,NA,NA,NA,NA,NA,NA,NA,NA,NA,5.128,,2,1,1,0.5,0.523809524,0.647058824,0.434912309,0.489918939,,,Cultivated
F217,217,IT1,Co,11,17,2,4,17,7,1,4,388,0,2,1,1,0,0,0,1,1,1,0,0,0,0,0,0,0,0,0,0,,NA,NA,NA,NA,NA,NA,NA,NA,NA,NA,NA,NA,NA,NA,NA,NA,NA,NA,NA,NA,NA,NA,21.1095,,2,2,0,1,,,,,,,Cultivated
F237,237,IT1,Mb,12,17,2,4,17,7,4,1,397,4,2,1,1,0,0,0,1,1,1,0,0,0,0,0,0,0,0,0,0,,NA,NA,NA,NA,NA,NA,NA,NA,NA,NA,NA,NA,NA,NA,NA,NA,NA,NA,NA,NA,NA,NA,8.216,,2,1,1,0.5,0.5,0.564102564,0.434912309,0.489918939,,,Cultivated
F257,257,KI,Co,13,17,2,4,17,7,6,1,405,0,2,1,1,0,0,1,1,1,1,0,0,0,0,0,0,0,0,0,0,,NA,NA,NA,NA,NA,NA,NA,NA,NA,NA,NA,NA,NA,NA,NA,NA,NA,NA,NA,NA,NA,NA,2.639,,2,2,0,1,,,,,,,Wild
F277,277,KI,Mb,14,17,2,4,17,7,6,3,407,4,2,1,1,0,0,1,1,1,1,0,0,0,0,0,0,0,0,0,0,,NA,NA,NA,NA,NA,NA,NA,NA,NA,NA,NA,NA,NA,NA,NA,NA,NA,NA,NA,NA,NA,NA,4.134,,2,1,1,0.5,0.647058824,0.733333333,0.518205731,0.544463983,,,Wild
F297,297,KT,Co,15,17,2,4,17,7,5,3,403,0,2,1,1,0,0,0,1,1,1,0,0,0,0,0,0,0,0,0,0,,NA,NA,NA,NA,NA,NA,NA,NA,NA,NA,NA,NA,NA,NA,NA,NA,NA,NA,NA,NA,NA,NA,18.574,,2,2,0,1,,,,,,,Cultivated
F317,317,KT,Mb,16,17,2,4,17,7,3,2,394,5,2,1,1,0,0,0,1,1,1,0,0,0,0,0,0,0,0,0,0,,NA,NA,NA,NA,NA,NA,NA,NA,NA,NA,NA,NA,NA,NA,NA,NA,NA,NA,NA,NA,NA,NA,22.6385,,2,2,0,1,1.1,1.157894737,0.736999063,0.81729561,,,Cultivated
F417,417,MC,Co,21,17,2,4,17,7,5,2,402,0,2,1,1,0,0,0,1,1,1,0,0,0,0,0,0,0,0,0,0,,NA,NA,NA,NA,NA,NA,NA,NA,NA,NA,NA,NA,NA,NA,NA,NA,NA,NA,NA,NA,NA,NA,13.1775,,2,2,0,1,,,,,,,Cultivated
F437,437,MC,Mb,22,17,2,4,17,7,3,1,393,4,2,1,1,0,0,0,1,1,1,0,0,0,0,0,0,0,0,0,0,,NA,NA,NA,NA,NA,NA,NA,NA,NA,NA,NA,NA,NA,NA,NA,NA,NA,NA,NA,NA,NA,NA,16.175,,2,2,0,1,1.1,1.235294118,0.736999063,0.81729561,,,Cultivated
F337,337,OH,Co,17,17,2,4,17,7,2,2,390,0,2,1,1,0,0,0,1,1,1,0,0,0,0,0,0,0,0,0,0,,NA,NA,NA,NA,NA,NA,NA,NA,NA,NA,NA,NA,NA,NA,NA,NA,NA,NA,NA,NA,NA,NA,2.73,,2,1,1,0.5,,,,,,,Wild
F357,357,OH,Mb,18,17,2,4,17,7,2,4,392,8,2,1,1,0,0,0,1,1,1,0,0,0,0,0,0,0,0,0,0,,NA,NA,NA,NA,NA,NA,NA,NA,NA,NA,NA,NA,NA,NA,NA,NA,NA,NA,NA,NA,NA,NA,1.102,,2,1,1,0.5,0.846153846,0.88,0.518205731,0.544463983,,,Wild
F507,507,RI,Co,19,27,2,4,17,7,5,1,401,0,2,1,1,0,1,0,0,0,0,1,0,0,0,0,0,0,0,0,0,,NA,NA,NA,NA,NA,NA,NA,NA,NA,NA,NA,NA,NA,NA,NA,NA,NA,NA,1.48,39.05,26.34,,5.9505,,2,2,0,1,,,,,0.6436,,Cultivated
F517,517,RI,Mb,20,27,2,4,17,7,2,1,389,3,2,1,1,0,1,0,0,0,0,1,0,0,0,0,0,0,0,0,0,,NA,NA,NA,NA,NA,NA,NA,NA,NA,NA,NA,NA,NA,NA,NA,NA,NA,NA,1.6,38.68,24.15,,4.705333333,,3,3,0,1,1.181818182,1.511111111,0.736999063,0.81729561,0.439,,Cultivated
F457,457,VL,Co,23,17,2,4,17,7,4,3,399,0,2,1,1,1,0,0,1,1,1,0,0,0,0,0,0,0,0,0,0,,10.9,0.09,0.04,0.05,0,0,0.04,0,0,0.02,0,0,0.03,NA,NA,NA,NA,,NA,NA,NA,NA,10.499,,2,2,0,1,,,,,,,Wild
F477,477,VL,Mb,24,17,2,4,17,7,3,4,396,3,2,1,1,1,0,0,1,1,1,0,0,0,0,0,0,0,0,0,0,,9.7,0.69,0.62,0.06,0.32,0,0.25,0.02,0.03,0.05,0,0,0.01,NA,NA,NA,NA,,NA,NA,NA,NA,5.342,,2,1,1,0.5,0.5,0.523809524,0.518205731,0.544463983,,,Wild
F018,18,CD,Co,1,18,2,4,18,7,5,2,426,0,2,1,1,1,0,0,1,1,1,0,0,0,0,0,0,0,0,0,0,Switched around with E2 before herbivore infestation because one leaf broke,12.7,0.31,0.11,0.17,0,0.04,0.06,0,0.01,0.14,0.03,0.03,0,NA,NA,NA,NA,Switched around with E2 before herbivore infestation because one leaf broke,NA,NA,NA,NA,6.7495,,2,2,0,1,,,,,,,Cultivated
F038,38,CD,Mb,2,18,2,4,18,7,4,3,423,5,2,1,1,0,0,0,1,1,1,0,0,0,0,0,0,0,0,0,0,,NA,NA,NA,NA,NA,NA,NA,NA,NA,NA,NA,NA,NA,NA,NA,NA,NA,NA,NA,NA,NA,NA,10.64766667,,3,3,0,1,1.047619048,1.294117647,0.736999063,0.81729561,,,Cultivated
F058,58,DD,Co,3,18,2,4,18,7,5,1,425,0,2,1,1,0,0,0,1,1,1,0,0,0,0,0,0,0,0,0,0,,NA,NA,NA,NA,NA,NA,NA,NA,NA,NA,NA,NA,NA,NA,NA,NA,NA,NA,NA,NA,NA,NA,1.116,,2,1,1,0.5,,,,,,,Wild
F078,78,DD,Mb,4,18,2,4,18,7,2,2,414,8,2,1,1,0,0,0,1,1,1,0,0,0,0,0,0,0,0,0,0,,NA,NA,NA,NA,NA,NA,NA,NA,NA,NA,NA,NA,NA,NA,NA,NA,NA,NA,NA,NA,NA,NA,1.877,,2,1,1,0.5,1,0.846153846,0.518205731,0.544463983,,,Wild
F098,98,GO1,Co,5,18,2,4,18,7,1,1,409,0,2,1,1,0,0,0,1,1,1,0,0,0,0,0,0,0,0,0,0,,NA,NA,NA,NA,NA,NA,NA,NA,NA,NA,NA,NA,NA,NA,NA,NA,NA,NA,NA,NA,NA,NA,13.447,,2,2,0,1,,,,,,,Cultivated
F118,118,GO1,Mb,6,18,2,4,18,7,6,2,430,4,2,1,1,0,0,0,1,1,1,0,0,0,0,0,0,0,0,0,0,small plant,NA,NA,NA,NA,NA,NA,NA,NA,NA,NA,NA,NA,NA,NA,NA,NA,NA,NA,NA,NA,NA,NA,11.1465,,2,2,0,1,1.157894737,1.189189189,0.736999063,0.81729561,,,Cultivated
F138,138,HE,Co,7,18,2,4,18,7,1,2,410,0,2,1,1,0,0,0,1,1,1,0,0,0,0,0,0,0,0,0,0,,NA,NA,NA,NA,NA,NA,NA,NA,NA,NA,NA,NA,NA,NA,NA,NA,NA,NA,NA,NA,NA,NA,3.632,,2,1,1,0.5,,,,,,,Wild
F158,158,HE,Mb,8,18,2,4,18,7,1,4,412,6,2,1,1,0,0,1,1,1,1,0,0,0,0,0,0,0,0,0,0,One caterpillar added because one caterpillar did not survive infestion the day before.,NA,NA,NA,NA,NA,NA,NA,NA,NA,NA,NA,NA,NA,NA,NA,NA,NA,NA,NA,NA,NA,NA,4.69,,2,1,1,0.5,0.611111111,0.75862069,0.518205731,0.544463983,,,Wild
F178,178,HM,Co,9,18,2,4,18,7,2,1,413,0,2,1,1,0,0,0,1,1,1,0,0,0,0,0,0,0,0,0,0,,NA,NA,NA,NA,NA,NA,NA,NA,NA,NA,NA,NA,NA,NA,NA,NA,NA,NA,NA,NA,NA,NA,7.441,,2,2,0,1,,,,,,,Cultivated
F198,198,HM,Mb,10,18,2,4,18,7,3,4,420,2,2,1,1,0,0,0,0,0,0,0,0,0,0,0,0,0,0,0,0,,NA,NA,NA,NA,NA,NA,NA,NA,NA,NA,NA,NA,NA,NA,NA,NA,NA,NA,NA,NA,NA,NA,7.082,,2,1,1,0.5,0.523809524,0.647058824,0.434912309,0.489918939,0.4279,,Cultivated
F218,218,IT1,Co,11,18,2,4,18,7,1,3,411,0,2,1,1,0,0,0,1,1,1,0,0,0,0,0,0,0,0,0,0,,NA,NA,NA,NA,NA,NA,NA,NA,NA,NA,NA,NA,NA,NA,NA,NA,NA,NA,NA,NA,NA,NA,10.1675,,2,2,0,1,,,,,,,Cultivated
F238,238,IT1,Mb,12,18,2,4,18,7,3,2,418,4,2,1,1,0,0,0,1,1,1,0,0,0,0,0,0,0,0,0,0,,NA,NA,NA,NA,NA,NA,NA,NA,NA,NA,NA,NA,NA,NA,NA,NA,NA,NA,NA,NA,NA,NA,17.28,,2,2,0,1,1,1.128205128,0.736999063,0.81729561,,,Cultivated
F258,258,KI,Co,13,18,2,4,18,7,6,3,431,0,2,1,1,0,0,1,1,1,1,0,0,0,0,0,0,0,0,0,0,,NA,NA,NA,NA,NA,NA,NA,NA,NA,NA,NA,NA,NA,NA,NA,NA,NA,NA,NA,NA,NA,NA,4.567,,2,1,1,0.5,,,,,,,Wild
F278,278,KI,Mb,14,18,2,4,18,7,4,2,422,4,2,1,1,0,0,1,1,1,1,0,0,0,0,0,0,0,0,0,0,,NA,NA,NA,NA,NA,NA,NA,NA,NA,NA,NA,NA,NA,NA,NA,NA,NA,NA,NA,NA,NA,NA,6.896,,2,2,0,1,1.294117647,1.466666667,0.857824273,0.895013333,,,Wild
F298,298,KT,Co,15,18,2,4,18,7,2,4,416,0,2,1,1,0,0,0,1,1,1,0,0,0,0,0,0,0,0,0,0,,NA,NA,NA,NA,NA,NA,NA,NA,NA,NA,NA,NA,NA,NA,NA,NA,NA,NA,NA,NA,NA,NA,5.399,,2,1,1,0.5,,,,,,,Cultivated
F318,318,KT,Mb,16,18,2,4,18,7,6,1,429,5,2,1,1,0,0,0,1,1,1,0,0,0,0,0,0,0,0,0,0,,NA,NA,NA,NA,NA,NA,NA,NA,NA,NA,NA,NA,NA,NA,NA,NA,NA,NA,NA,NA,NA,NA,20.0835,,2,2,0,1,1.1,1.157894737,0.736999063,0.81729561,,,Cultivated
F418,418,MC,Co,21,18,2,4,18,7,3,1,417,0,2,1,1,0,0,0,1,1,1,0,0,0,0,0,0,0,0,0,0,,NA,NA,NA,NA,NA,NA,NA,NA,NA,NA,NA,NA,NA,NA,NA,NA,NA,NA,NA,NA,NA,NA,10.455,,2,2,0,1,,,,,,,Cultivated
F438,438,MC,Mb,22,18,2,4,18,7,2,3,415,4,2,1,1,0,0,0,1,1,1,0,0,0,0,0,0,0,0,0,0,,NA,NA,NA,NA,NA,NA,NA,NA,NA,NA,NA,NA,NA,NA,NA,NA,NA,NA,NA,NA,NA,NA,13.2185,,2,2,0,1,1.1,1.235294118,0.736999063,0.81729561,,,Cultivated
F338,338,OH,Co,17,18,2,4,18,7,3,3,419,0,2,1,1,0,0,0,1,1,1,0,0,0,0,0,0,0,0,0,0,,NA,NA,NA,NA,NA,NA,NA,NA,NA,NA,NA,NA,NA,NA,NA,NA,NA,NA,NA,NA,NA,NA,1.052,,2,1,1,0.5,,,,,,,Wild
F358,358,OH,Mb,18,18,2,4,18,7,4,1,421,8,2,1,1,0,0,0,1,1,1,0,0,0,0,0,0,0,0,0,0,1 cat died during handeling,NA,NA,NA,NA,NA,NA,NA,NA,NA,NA,NA,NA,NA,NA,NA,NA,NA,NA,NA,NA,NA,NA,1.08,,2,2,0,1,1.692307692,1.76,0.857824273,0.895013333,,,Wild
F508,508,RI,Co,19,28,2,4,18,7,4,4,424,0,2,1,1,0,1,0,0,0,0,1,0,0,0,0,0,0,0,0,0,,NA,NA,NA,NA,NA,NA,NA,NA,NA,NA,NA,NA,NA,NA,NA,NA,NA,NA,1.33,38.83,29.15,,4.972,,2,1,1,0.5,,,,,0.4341,,Cultivated
F537,537,RI,Co,19,37,2,4,18,7,1,5,NA,3,2,1,0,0,0,0,0,0,0,0,0,0,0,0,0,0,NA,NA,NA,,NA,NA,NA,NA,NA,NA,NA,NA,NA,NA,NA,NA,NA,NA,NA,NA,NA,NA,NA,NA,NA,NA,NA,NA,NA,,,,,,,,,,Cultivated
F538,538,RI,Co,19,38,2,4,18,7,3,5,NA,3,0,1,0,0,0,0,1,1,1,0,0,1,0,1,0,1,1,1,0,,NA,NA,NA,NA,NA,NA,NA,NA,NA,NA,NA,NA,NA,NA,NA,NA,NA,NA,NA,NA,NA,NA,NA,NA,NA,,,,,,,,,,Cultivated
F518,518,RI,Mb,20,28,2,4,18,7,6,4,432,3,2,1,1,0,1,0,0,0,0,1,0,0,0,0,0,0,0,0,0,,NA,NA,NA,NA,NA,NA,NA,NA,NA,NA,NA,NA,NA,NA,NA,NA,NA,NA,1.62,38.25,23.56,,3.6005,,2,2,0,1,1.181818182,1.511111111,0.736999063,0.81729561,0.4076,,Cultivated
F528,528,RI,Mb,20,38,2,4,18,7,6,5,NA,3,0,1,0,0,0,0,1,1,1,0,0,1,0,1,0,1,1,1,0,,NA,NA,NA,NA,NA,NA,NA,NA,NA,NA,NA,NA,NA,NA,NA,NA,NA,NA,NA,NA,NA,NA,NA,NA,NA,,,,,,,,,,Cultivated
F498,498,RI,S,25,18,2,4,18,7,4,5,NA,NA,2,1,1,0,0,1,1,1,1,0,0,0,0,0,0,1,1,0,0,,NA,NA,NA,NA,NA,NA,NA,NA,NA,NA,NA,NA,NA,NA,NA,NA,NA,NA,NA,NA,NA,NA,3.505,,2,2,0,1,,,,,,,Cultivated
F499,499,RI,S,25,19,2,4,18,7,5,5,NA,NA,2,1,1,0,0,1,1,1,1,0,0,0,0,0,0,1,1,0,0,,NA,NA,NA,NA,NA,NA,NA,NA,NA,NA,NA,NA,NA,NA,NA,NA,NA,NA,NA,NA,NA,NA,3.121,,2,1,1,0.5,,,,,,,Cultivated
CTRL10,U10,Un,S,26,10,2,4,18,7,2,5,NA,NA,0,0,0,0,0,0,0,0,0,0,1,0,0,0,0,0,0,0,0,,NA,NA,NA,NA,NA,NA,NA,NA,NA,NA,NA,NA,NA,NA,NA,NA,NA,NA,NA,NA,NA,NA,NA,NA,NA,NA,,,,,,,,,
F458,458,VL,Co,23,18,2,4,18,7,5,4,428,0,2,1,1,1,0,0,1,1,1,0,0,0,0,0,0,0,0,0,0,,10.4,0.02,0,0.02,0,0,0,0,0,0.02,0,0,0,NA,NA,NA,NA,,NA,NA,NA,NA,8.8695,,2,2,0,1,,,,,,,Wild
F478,478,VL,Mb,24,18,2,4,18,7,5,3,427,3,2,1,1,1,0,0,1,1,1,0,0,0,0,0,0,0,0,0,0,,12.5,0.1,0.08,0.02,0.03,0,0.05,0,0,0.01,0,0,0.01,NA,NA,NA,NA,,NA,NA,NA,NA,8.1845,,2,2,0,1,1,1.047619048,0.857824273,0.895013333,,,Wild
F019,19,CD,Co,1,19,2,4,19,8,6,4,456,0,2,1,1,1,0,0,1,1,1,0,0,0,0,0,0,0,0,0,0,,13,0.22,0.17,0.05,0.17,0,0,0,0,0.01,0.01,0,0.03,NA,NA,NA,NA,,NA,NA,NA,NA,5.06,,2,1,1,0.5,,,,,,,Cultivated
F039,39,CD,Mb,2,19,2,4,19,8,1,4,436,5,2,1,1,1,0,0,1,1,1,0,0,0,0,0,0,0,0,0,0,,12.3,1.91,1.85,0.06,0.04,1.78,0.03,0,0,0.04,0.02,0,0,NA,NA,NA,NA,,NA,NA,NA,NA,5.6325,,2,2,0,1,1.047619048,1.294117647,0.736999063,0.81729561,,,Cultivated
F059,59,DD,Co,3,19,2,4,19,8,5,3,451,0,2,1,1,0,0,0,1,1,1,0,0,0,0,0,0,0,0,0,0,,NA,NA,NA,NA,NA,NA,NA,NA,NA,NA,NA,NA,NA,NA,NA,NA,NA,NA,NA,NA,NA,NA,1.0245,,2,2,0,1,,,,,,,Wild
F079,79,DD,Mb,4,19,2,4,19,8,3,3,443,8,2,1,1,0,0,0,1,1,1,0,0,0,0,0,0,0,0,0,0,,NA,NA,NA,NA,NA,NA,NA,NA,NA,NA,NA,NA,NA,NA,NA,NA,NA,NA,NA,NA,NA,NA,0.59,,2,2,0,1,2,1.692307692,0.857824273,0.895013333,,,Wild
F099,99,GO1,Co,5,19,2,4,19,8,4,4,448,0,1,1,1,0,0,0,1,1,1,0,0,0,0,0,0,0,0,0,0,plant was small and only infested with 1 caterpillar,NA,NA,NA,NA,NA,NA,NA,NA,NA,NA,NA,NA,NA,NA,NA,NA,NA,NA,NA,NA,NA,NA,NA,NA,1,0,1,0,,,,,,,Cultivated
F119,119,GO1,Mb,6,19,2,4,19,8,2,1,437,4,2,1,1,0,0,0,1,1,1,0,0,0,0,0,0,0,0,0,0,One caterpillar added because one caterpillar did not survive infestion the day before.,NA,NA,NA,NA,NA,NA,NA,NA,NA,NA,NA,NA,NA,NA,NA,NA,NA,NA,NA,NA,NA,NA,6.944,,2,1,1,0.5,0.578947368,0.594594595,0.434912309,0.489918939,,,Cultivated
F139,139,HE,Co,7,19,2,4,19,8,3,2,442,0,2,1,1,0,0,1,1,1,1,0,0,0,0,0,0,0,0,0,0,,NA,NA,NA,NA,NA,NA,NA,NA,NA,NA,NA,NA,NA,NA,NA,NA,NA,NA,NA,NA,NA,NA,3.3385,,2,2,0,1,,,,,,,Wild
F159,159,HE,Mb,8,19,2,4,19,8,4,2,446,6,2,1,1,0,0,1,1,1,1,0,0,0,0,0,0,0,0,0,0,,NA,NA,NA,NA,NA,NA,NA,NA,NA,NA,NA,NA,NA,NA,NA,NA,NA,NA,NA,NA,NA,NA,7.213,,2,1,1,0.5,0.611111111,0.75862069,0.518205731,0.544463983,,,Wild
F179,179,HM,Co,9,19,2,4,19,8,3,1,441,0,2,1,1,0,0,0,1,1,1,0,0,0,0,0,0,0,0,0,0,,NA,NA,NA,NA,NA,NA,NA,NA,NA,NA,NA,NA,NA,NA,NA,NA,NA,NA,NA,NA,NA,NA,4.3625,,2,2,0,1,,,,,,,Cultivated
F199,199,HM,Mb,10,19,2,4,19,8,5,2,450,2,2,1,1,0,0,0,1,1,1,0,0,0,0,0,0,0,0,0,0,,NA,NA,NA,NA,NA,NA,NA,NA,NA,NA,NA,NA,NA,NA,NA,NA,NA,NA,NA,NA,NA,NA,5.6205,,2,2,0,1,1.047619048,1.294117647,0.736999063,0.81729561,,,Cultivated
F219,219,IT1,Co,11,19,2,4,19,8,2,4,440,0,2,1,1,0,0,0,1,1,1,0,0,0,0,0,0,0,0,0,0,,NA,NA,NA,NA,NA,NA,NA,NA,NA,NA,NA,NA,NA,NA,NA,NA,NA,NA,NA,NA,NA,NA,4.8475,,2,2,0,1,,,,,,,Cultivated
F239,239,IT1,Mb,12,19,2,4,19,8,6,3,455,4,2,1,1,0,0,0,1,1,1,0,0,0,0,0,0,0,0,0,0,,NA,NA,NA,NA,NA,NA,NA,NA,NA,NA,NA,NA,NA,NA,NA,NA,NA,NA,NA,NA,NA,NA,13.3305,,2,2,0,1,1,1.128205128,0.736999063,0.81729561,,,Cultivated
F259,259,KI,Co,13,19,2,4,19,8,4,3,447,0,2,1,1,0,0,1,1,1,1,0,0,0,0,0,0,0,0,0,0,,NA,NA,NA,NA,NA,NA,NA,NA,NA,NA,NA,NA,NA,NA,NA,NA,NA,NA,NA,NA,NA,NA,3.903,,2,1,1,0.5,,,,,,,Wild
F279,279,KI,Mb,14,19,2,4,19,8,5,1,449,4,2,1,1,0,0,1,1,1,1,0,0,0,0,0,0,0,0,0,0,,NA,NA,NA,NA,NA,NA,NA,NA,NA,NA,NA,NA,NA,NA,NA,NA,NA,NA,NA,NA,NA,NA,4.679,,2,2,0,1,1.294117647,1.466666667,0.857824273,0.895013333,,,Wild
F299,299,KT,Co,15,19,2,4,19,8,1,1,433,0,2,1,1,0,0,0,1,1,1,0,0,0,0,0,0,0,0,0,0,,NA,NA,NA,NA,NA,NA,NA,NA,NA,NA,NA,NA,NA,NA,NA,NA,NA,NA,NA,NA,NA,NA,7.834,,2,2,0,1,,,,,,,Cultivated
F319,319,KT,Mb,16,19,2,4,19,8,1,3,435,5,2,1,1,0,0,0,1,1,1,0,0,0,0,0,0,0,0,0,0,,NA,NA,NA,NA,NA,NA,NA,NA,NA,NA,NA,NA,NA,NA,NA,NA,NA,NA,NA,NA,NA,NA,11.493,,2,2,0,1,1.1,1.157894737,0.736999063,0.81729561,,,Cultivated
F419,419,MC,Co,21,19,2,4,19,8,6,2,454,0,2,1,1,0,0,0,1,1,1,0,0,0,0,0,0,0,0,0,0,,NA,NA,NA,NA,NA,NA,NA,NA,NA,NA,NA,NA,NA,NA,NA,NA,NA,NA,NA,NA,NA,NA,10.6,,2,2,0,1,,,,,,,Cultivated
F439,439,MC,Mb,22,19,2,4,19,8,2,2,438,4,2,1,1,0,0,0,1,1,1,0,0,0,0,0,0,0,0,0,0,,NA,NA,NA,NA,NA,NA,NA,NA,NA,NA,NA,NA,NA,NA,NA,NA,NA,NA,NA,NA,NA,NA,5.52,,2,2,0,1,1.1,1.235294118,0.736999063,0.81729561,,,Cultivated
F339,339,OH,Co,17,19,2,4,19,8,1,2,434,0,2,1,1,0,0,0,1,1,1,0,0,0,0,0,0,0,0,0,0,,NA,NA,NA,NA,NA,NA,NA,NA,NA,NA,NA,NA,NA,NA,NA,NA,NA,NA,NA,NA,NA,NA,1.133,,2,1,1,0.5,,,,,,,Wild
F359,359,OH,Mb,18,19,2,4,19,8,3,4,444,8,2,1,1,0,0,0,1,1,1,0,0,0,0,0,0,0,0,0,0,,NA,NA,NA,NA,NA,NA,NA,NA,NA,NA,NA,NA,NA,NA,NA,NA,NA,NA,NA,NA,NA,NA,0.9015,,2,2,0,1,1.692307692,1.76,0.857824273,0.895013333,,,Wild
F509,509,RI,Co,19,29,2,4,19,8,6,1,453,0,2,1,1,0,1,0,0,0,0,1,0,0,0,0,0,0,0,0,0,,NA,NA,NA,NA,NA,NA,NA,NA,NA,NA,NA,NA,NA,NA,NA,NA,NA,NA,1.35,38.26,28.34,,8.051,,2,2,0,1,,,,,0.413,,Cultivated
F519,519,RI,Mb,20,29,2,4,19,8,4,1,445,3,2,1,1,0,1,0,0,0,0,1,0,0,0,0,0,0,0,0,0,,NA,NA,NA,NA,NA,NA,NA,NA,NA,NA,NA,NA,NA,NA,NA,NA,NA,NA,1.31,38.33,29.2,,10.318,,2,1,1,0.5,0.590909091,0.755555556,0.434912309,0.489918939,0.4056,,Cultivated
F459,459,VL,Co,23,19,2,4,19,8,2,3,439,0,2,1,1,1,0,0,1,1,1,0,0,0,0,0,0,0,0,0,0,,10.5,0.09,0.05,0.05,0.03,0,0.02,0,0,0.03,0.01,0,0.01,NA,NA,NA,NA,,NA,NA,NA,NA,5.5285,,2,2,0,1,,,,,,,Wild
F479,479,VL,Mb,24,19,2,4,19,8,5,4,452,3,2,1,1,1,0,0,1,1,1,0,0,0,0,0,0,0,0,0,0,,12.2,0.3,0.27,0.03,0.24,0,0.03,0,0,0.03,0,0,0,NA,NA,NA,NA,,NA,NA,NA,NA,8.4785,,2,2,0,1,1,1.047619048,0.857824273,0.895013333,,,Wild
F020,20,CD,Co,1,20,2,4,20,8,1,4,460,0,2,1,1,1,0,0,1,1,1,0,0,0,0,0,0,0,0,0,0,,13.9,0.16,0.08,0.09,0,0.02,0.05,0,0.01,0.07,0.01,0,0.01,NA,NA,NA,NA,,NA,NA,NA,NA,8.9805,,2,2,0,1,,,,,,,Cultivated
F040,40,CD,Mb,2,20,2,4,20,8,5,4,476,5,2,1,1,1,0,0,1,1,1,0,0,0,0,0,0,0,0,0,0,,16,0.04,0,0.04,0,0,0,0,0,0.02,0.02,0,0,NA,NA,NA,NA,,NA,NA,NA,NA,8.8515,,2,2,0,1,1.047619048,1.294117647,0.736999063,0.81729561,,,Cultivated
F060,60,DD,Co,3,20,2,4,20,8,1,2,458,0,2,1,1,0,0,0,1,1,1,0,0,0,0,0,0,0,0,0,0,,NA,NA,NA,NA,NA,NA,NA,NA,NA,NA,NA,NA,NA,NA,NA,NA,NA,NA,NA,NA,NA,NA,11.342,,2,1,1,0.5,,,,,,,Wild
FE14,E14,DD,Co,3,E14,2,4,20,8,1,7,NA,0,2,1,1,0,0,0,0,0,0,0,0,0,0,0,0,0,0,0,0,,NA,NA,NA,NA,NA,NA,NA,NA,NA,NA,NA,NA,NA,NA,NA,NA,NA,NA,NA,NA,NA,NA,NA,NA,2,0,2,0,,,,,,,Wild
F080,80,DD,Mb,4,20,2,4,20,8,6,2,478,8,2,1,1,0,0,0,1,1,1,0,0,0,0,0,0,0,0,0,0,,NA,NA,NA,NA,NA,NA,NA,NA,NA,NA,NA,NA,NA,NA,NA,NA,NA,NA,NA,NA,NA,NA,0.6145,,2,2,0,1,2,1.692307692,0.857824273,0.895013333,,,Wild
F100,100,GO1,Co,5,20,2,4,20,8,5,2,474,0,2,1,1,0,0,0,1,1,1,0,0,0,0,0,0,0,0,0,0,,NA,NA,NA,NA,NA,NA,NA,NA,NA,NA,NA,NA,NA,NA,NA,NA,NA,NA,NA,NA,NA,NA,15.3585,,2,2,0,1,,,,,,,Cultivated
F120,120,GO1,Mb,6,20,2,4,20,8,3,4,468,4,2,1,1,0,0,0,1,1,1,0,0,0,0,0,0,0,0,0,0,small plant,NA,NA,NA,NA,NA,NA,NA,NA,NA,NA,NA,NA,NA,NA,NA,NA,NA,NA,NA,NA,NA,NA,11.129,,2,1,1,0.5,0.578947368,0.594594595,0.434912309,0.489918939,,,Cultivated
F140,140,HE,Co,7,20,2,4,20,8,4,3,471,0,2,1,1,0,0,1,1,1,1,0,0,0,0,0,0,0,0,0,0,,NA,NA,NA,NA,NA,NA,NA,NA,NA,NA,NA,NA,NA,NA,NA,NA,NA,NA,NA,NA,NA,NA,4.5075,,2,2,0,1,,,,,,,Wild
F160,160,HE,Mb,8,20,2,4,20,8,1,3,459,6,2,1,1,0,0,1,1,1,1,0,0,0,0,0,0,0,0,0,0,,NA,NA,NA,NA,NA,NA,NA,NA,NA,NA,NA,NA,NA,NA,NA,NA,NA,NA,NA,NA,NA,NA,4.601,,2,2,0,1,1.222222222,1.517241379,0.857824273,0.895013333,,,Wild
F180,180,HM,Co,9,20,2,4,20,8,5,3,475,0,2,1,1,0,0,0,1,1,1,0,0,0,0,0,0,0,0,0,0,,NA,NA,NA,NA,NA,NA,NA,NA,NA,NA,NA,NA,NA,NA,NA,NA,NA,NA,NA,NA,NA,NA,9.074,,2,2,0,1,,,,,,,Cultivated
F200,200,HM,Mb,10,20,2,4,20,8,2,1,461,2,2,1,1,0,0,0,1,1,1,0,0,0,0,0,0,0,0,0,0,,NA,NA,NA,NA,NA,NA,NA,NA,NA,NA,NA,NA,NA,NA,NA,NA,NA,NA,NA,NA,NA,NA,6.745,,2,1,1,0.5,0.523809524,0.647058824,0.434912309,0.489918939,,,Cultivated
FE56,E56,HM,Mb,10,E56,2,4,20,8,4,6,NA,2,2,1,1,0,0,0,0,0,0,1,0,0,0,0,0,0,0,0,0,Stem was a bit thin,NA,NA,NA,NA,NA,NA,NA,NA,NA,NA,NA,NA,NA,NA,NA,NA,NA,NA,NA,NA,NA,NA,2.479333333,,3,3,0,1,1.047619048,1.294117647,0.736999063,0.81729561,0.4186,E58: 1.3293,Cultivated
F220,220,IT1,Co,11,20,2,4,20,8,2,3,463,0,2,1,1,0,0,0,1,1,1,0,0,0,0,0,0,0,0,0,0,,NA,NA,NA,NA,NA,NA,NA,NA,NA,NA,NA,NA,NA,NA,NA,NA,NA,NA,NA,NA,NA,NA,9.3745,,2,2,0,1,,,,,,,Cultivated
FE62,E62,IT1,Co,11,E62,2,4,20,8,3,7,NA,0,2,1,1,0,0,0,0,0,0,1,0,0,0,0,0,0,0,0,0,,NA,NA,NA,NA,NA,NA,NA,NA,NA,NA,NA,NA,NA,NA,NA,NA,NA,NA,NA,NA,NA,NA,4.986,,2,2,0,1,,,,,0.5695,,Cultivated
F240,240,IT1,Mb,12,20,2,4,20,8,4,2,470,4,2,1,1,0,0,0,1,1,1,0,0,0,0,0,0,0,0,0,0,,NA,NA,NA,NA,NA,NA,NA,NA,NA,NA,NA,NA,NA,NA,NA,NA,NA,NA,NA,NA,NA,NA,12.138,,2,1,1,0.5,0.5,0.564102564,0.434912309,0.489918939,,,Cultivated
FE68,E68,IT1,Mb,12,E68,2,4,20,8,3,6,NA,4,2,1,1,0,0,0,0,0,0,1,0,0,0,0,0,0,0,0,0,,NA,NA,NA,NA,NA,NA,NA,NA,NA,NA,NA,NA,NA,NA,NA,NA,NA,NA,NA,NA,NA,NA,8.8305,,2,2,0,1,1,1.128205128,0.736999063,0.81729561,0.4794,,Cultivated
F260,260,KI,Co,13,20,2,4,20,8,4,1,469,0,2,1,1,0,0,1,1,1,1,0,0,0,0,0,0,0,0,0,0,,NA,NA,NA,NA,NA,NA,NA,NA,NA,NA,NA,NA,NA,NA,NA,NA,NA,NA,NA,NA,NA,NA,3.8205,,2,2,0,1,,,,,,,Wild
F280,280,KI,Mb,14,20,2,4,20,8,6,4,480,4,2,1,1,0,0,1,1,1,1,0,0,0,0,0,0,0,0,0,0,,NA,NA,NA,NA,NA,NA,NA,NA,NA,NA,NA,NA,NA,NA,NA,NA,NA,NA,NA,NA,NA,NA,3.664,,2,2,0,1,1.294117647,1.466666667,0.857824273,0.895013333,,,Wild
F300,300,KT,Co,15,20,2,4,20,8,3,3,467,0,2,1,1,0,0,0,1,1,1,0,0,0,0,0,0,0,0,0,0,,NA,NA,NA,NA,NA,NA,NA,NA,NA,NA,NA,NA,NA,NA,NA,NA,NA,NA,NA,NA,NA,NA,5.993666667,,3,3,0,1,,,,,,,Cultivated
F320,320,KT,Mb,16,20,2,4,20,8,2,2,462,5,2,1,1,0,0,0,1,1,1,0,0,0,0,0,0,0,0,0,0,,NA,NA,NA,NA,NA,NA,NA,NA,NA,NA,NA,NA,NA,NA,NA,NA,NA,NA,NA,NA,NA,NA,10.7665,,2,2,0,1,1.1,1.157894737,0.736999063,0.81729561,,,Cultivated
FE80,E80,KT,Mb,16,E80,2,4,20,8,1,6,NA,5,2,1,1,0,0,0,0,0,0,1,0,0,0,0,0,0,0,0,0,,NA,NA,NA,NA,NA,NA,NA,NA,NA,NA,NA,NA,NA,NA,NA,NA,NA,NA,NA,NA,NA,NA,6.1075,,2,2,0,1,1.1,1.157894737,0.736999063,0.81729561,0.2277,,Cultivated
F420,420,MC,Co,21,20,2,4,20,8,6,1,477,0,2,1,1,0,0,0,1,1,1,0,0,0,0,0,0,0,0,0,0,,NA,NA,NA,NA,NA,NA,NA,NA,NA,NA,NA,NA,NA,NA,NA,NA,NA,NA,NA,NA,NA,NA,14.0595,,2,2,0,1,,,,,,,Cultivated
F440,440,MC,Mb,22,20,2,4,20,8,3,2,466,4,2,1,1,0,0,0,1,1,1,0,0,0,0,0,0,0,0,0,0,,NA,NA,NA,NA,NA,NA,NA,NA,NA,NA,NA,NA,NA,NA,NA,NA,NA,NA,NA,NA,NA,NA,11.062,,2,2,0,1,1.1,1.235294118,0.736999063,0.81729561,,,Cultivated
FE140,E140,MC,Mb,22,E140,2,4,20,8,6,7,NA,4,2,1,1,0,0,0,0,0,0,1,0,0,0,0,0,0,0,0,0,,NA,NA,NA,NA,NA,NA,NA,NA,NA,NA,NA,NA,NA,NA,NA,NA,NA,NA,NA,NA,NA,NA,8.3395,,2,2,0,1,1.1,1.235294118,0.736999063,0.81729561,0.2449,,Cultivated
F340,340,OH,Co,17,20,2,4,20,8,1,1,457,0,2,1,1,0,0,0,1,1,1,0,0,0,0,0,0,0,0,0,0,,NA,NA,NA,NA,NA,NA,NA,NA,NA,NA,NA,NA,NA,NA,NA,NA,NA,NA,NA,NA,NA,NA,0.789,,2,1,1,0.5,,,,,,,Wild
FE110,E110,OH,Co,17,E110,2,4,20,8,5,6,NA,0,2,1,1,0,0,0,0,0,0,0,0,0,0,0,0,0,0,0,0,,NA,NA,NA,NA,NA,NA,NA,NA,NA,NA,NA,NA,NA,NA,NA,NA,NA,NA,NA,NA,NA,NA,4.855,,2,1,1,0.5,,,,,,,Wild
F360,360,OH,Mb,18,20,2,4,20,8,4,4,472,8,2,1,1,0,0,0,1,1,1,0,0,0,0,0,0,0,0,0,0,plant heavily damaged,NA,NA,NA,NA,NA,NA,NA,NA,NA,NA,NA,NA,NA,NA,NA,NA,NA,NA,NA,NA,NA,NA,NA,NA,2,0,2,0,0,0,0,0,,,Wild
F510,510,RI,Co,19,30,2,4,20,8,2,4,464,0,2,1,1,0,1,0,0,0,0,1,0,0,0,0,0,0,0,0,0,,NA,NA,NA,NA,NA,NA,NA,NA,NA,NA,NA,NA,NA,NA,NA,NA,NA,NA,1.72,38.86,22.58,,3.723333333,,3,3,0,1,,,,,0.4212,,Cultivated
F539,539,RI,Co,19,39,2,4,20,8,1,5,NA,3,2,1,0,0,0,0,1,1,1,0,0,1,1,1,0,1,1,1,1,,NA,NA,NA,NA,NA,NA,NA,NA,NA,NA,NA,NA,NA,NA,NA,NA,NA,NA,NA,NA,NA,NA,7.396,,2,1,1,0.5,,,,,,,Cultivated
F540,540,RI,Co,19,40,2,4,20,8,5,5,NA,3,2,1,0,0,0,0,1,1,1,0,0,1,1,1,0,1,1,1,1,,NA,NA,NA,NA,NA,NA,NA,NA,NA,NA,NA,NA,NA,NA,NA,NA,NA,NA,NA,NA,NA,NA,NA,NA,NA,,,,,,,,,,Cultivated
FE98,E98,RI,Co,19,E98,2,4,20,8,6,6,NA,3,2,1,0,0,0,0,1,1,1,0,0,1,1,1,0,1,1,1,1,,NA,NA,NA,NA,NA,NA,NA,NA,NA,NA,NA,NA,NA,NA,NA,NA,NA,NA,NA,NA,NA,NA,0.698,,2,1,1,0.5,,,,,,,Cultivated
F520,520,RI,Mb,20,30,2,4,20,8,3,1,465,3,2,1,1,0,1,0,0,0,0,1,0,0,0,0,0,0,0,0,0,,NA,NA,NA,NA,NA,NA,NA,NA,NA,NA,NA,NA,NA,NA,NA,NA,NA,NA,1.41,38.52,27.24,,4.408,,2,1,1,0.5,0.590909091,0.755555556,0.434912309,0.489918939,0.5934,,Cultivated
F529,529,RI,Mb,20,39,2,4,20,8,2,5,NA,3,0,1,0,0,0,0,1,1,1,0,0,1,0,1,0,1,1,0,0,,NA,NA,NA,NA,NA,NA,NA,NA,NA,NA,NA,NA,NA,NA,NA,NA,NA,NA,NA,NA,NA,NA,NA,NA,NA,,,,,,,,,,Cultivated
F530,530,RI,Mb,20,40,2,4,20,8,4,5,NA,3,2,1,0,0,0,0,1,1,1,0,0,1,1,1,0,1,1,1,1,Small hole in leaf just before herbivore infestation,NA,NA,NA,NA,NA,NA,NA,NA,NA,NA,NA,NA,NA,NA,NA,NA,NA,NA,NA,NA,NA,NA,4.53,,2,1,1,0.5,0.590909091,0.755555556,0.434912309,0.489918939,,,Cultivated
FE104,E104,RI,Mb,20,E104,2,4,20,8,2,7,NA,3,2,1,0,0,0,0,1,1,1,0,0,1,1,1,0,1,1,1,1,,NA,NA,NA,NA,NA,NA,NA,NA,NA,NA,NA,NA,NA,NA,NA,NA,NA,NA,NA,NA,NA,NA,4.019,,2,1,1,0.5,0.590909091,0.755555556,0.434912309,0.489918939,,,Cultivated
F500,500,RI,S,25,20,2,4,20,8,3,5,NA,NA,2,1,1,0,0,1,1,1,1,0,0,0,0,0,0,1,1,0,0,,NA,NA,NA,NA,NA,NA,NA,NA,NA,NA,NA,NA,NA,NA,NA,NA,NA,NA,NA,NA,NA,NA,6.905,,2,2,0,1,,,,,,,Cultivated
FE146,E146,RI,S,25,E146,2,4,20,8,3,5,NA,NA,2,0,0,0,0,0,0,0,0,1,0,0,0,0,0,0,0,0,0,,NA,NA,NA,NA,NA,NA,NA,NA,NA,NA,NA,NA,NA,NA,NA,NA,NA,NA,NA,NA,NA,NA,23.406,,2,1,1,0.5,,,,,0.4121,pot was not labeled but very sertain that it was this sample,Cultivated
F460,460,VL,Co,23,20,2,4,20,8,6,3,479,0,2,1,1,1,0,0,1,1,1,0,0,0,0,0,0,0,0,0,0,,8,0.03,0,0.02,0,0,0,0,0,0.02,0,0,0,NA,NA,NA,NA,,NA,NA,NA,NA,11.686,,2,2,0,1,,,,,,,Wild
FE86,E86,VL,Co,23,E86,2,4,20,8,4,7,NA,0,2,1,1,0,0,0,0,0,0,1,0,0,0,0,0,0,0,0,0,One leaf broke,NA,NA,NA,NA,NA,NA,NA,NA,NA,NA,NA,NA,NA,NA,NA,NA,NA,NA,NA,NA,NA,NA,13.326,,2,2,0,1,,,,,0.6826,,Wild
F480,480,VL,Mb,24,20,2,4,20,8,5,1,473,3,2,1,1,1,0,0,1,1,1,0,0,0,0,0,0,0,0,0,0,,10.6,0.13,0.09,0.05,0,0,0.09,0,0,0.02,0,0,0.03,NA,NA,NA,NA,,NA,NA,NA,NA,10.8835,,2,2,0,1,1,1.047619048,0.857824273,0.895013333,,,Wild
FE92,E92,VL,Mb,24,E92,2,4,20,8,2,6,NA,3,2,1,1,0,0,0,0,0,0,1,0,0,0,0,0,0,0,0,0,,NA,NA,NA,NA,NA,NA,NA,NA,NA,NA,NA,NA,NA,NA,NA,NA,NA,NA,NA,NA,NA,NA,6.2065,,2,2,0,1,1,1.047619048,0.857824273,0.895013333,0.7694,,Wild
Blank1,B1,NA,NA,NA,,NA,NA,NA,NA,NA,NA,NA,NA,0,0,0,0,0,0,0,0,0,0,0,0,1,0,0,0,0,0,1,BlankDNAExtraxtion,NA,NA,NA,NA,NA,NA,NA,NA,NA,NA,NA,NA,NA,NA,NA,NA,NA,NA,NA,NA,NA,NA,NA,NA,NA,NA,,,,,,,,NA,
Blank2,B2,NA,NA,NA,,NA,NA,NA,NA,NA,NA,NA,NA,0,0,0,0,0,0,0,0,0,0,0,0,1,0,0,0,0,0,1,BlankDNAExtraxtion,NA,NA,NA,NA,NA,NA,NA,NA,NA,NA,NA,NA,NA,NA,NA,NA,NA,NA,NA,NA,NA,NA,NA,NA,NA,NA,,,,,,,,NA,
Blank3,B3,NA,NA,NA,,NA,NA,NA,NA,NA,NA,NA,NA,0,0,0,0,0,0,0,0,0,0,0,0,1,0,0,0,0,0,1,BlankDNAExtraxtion,NA,NA,NA,NA,NA,NA,NA,NA,NA,NA,NA,NA,NA,NA,NA,NA,NA,NA,NA,NA,NA,NA,NA,NA,NA,NA,,,,,,,,NA,
Blank4,B4,NA,NA,NA,,NA,NA,NA,NA,NA,NA,NA,NA,0,0,0,0,0,0,0,0,0,0,0,0,1,0,0,0,0,0,1,BlankDNAExtraxtion,NA,NA,NA,NA,NA,NA,NA,NA,NA,NA,NA,NA,NA,NA,NA,NA,NA,NA,NA,NA,NA,NA,NA,NA,NA,NA,,,,,,,,NA,
Blank5,B5,NA,NA,NA,,NA,NA,NA,NA,NA,NA,NA,NA,0,0,0,0,0,0,0,0,0,0,0,0,1,0,0,0,0,0,1,BlankDNAExtraxtion,NA,NA,NA,NA,NA,NA,NA,NA,NA,NA,NA,NA,NA,NA,NA,NA,NA,NA,NA,NA,NA,NA,NA,NA,NA,NA,,,,,,,,NA,
Blank6,B6,NA,NA,NA,,NA,NA,NA,NA,NA,NA,NA,NA,0,0,0,0,0,0,0,0,0,0,0,0,1,0,0,0,0,0,1,BlankDNAExtraxtion,NA,NA,NA,NA,NA,NA,NA,NA,NA,NA,NA,NA,NA,NA,NA,NA,NA,NA,NA,NA,NA,NA,NA,NA,NA,NA,,,,,,,,NA,
